FIPS,Income,Education,Black,Hispanic,Rurality
1001,68857.0,0.9027890205,0.2099035498,0.0385303769,0.406768132
1003,74248.0,0.9173139987,0.0822146923,0.0578208886,0.3758645536
1005,45298.0,0.7781370547,0.4648362823,0.0621110433,0.6591999366
1007,56025.0,0.8034021719,0.2036766051,0.036125846,1.0
1009,64962.0,0.8269620161,0.018255985,0.1051558112,0.9048939696
1011,36204.0,0.7404445649,0.6992017783,0.0617358796,1.0
1013,44729.0,0.8759495594,0.4467413774,0.0175171363,0.6943467535
1015,51841.0,0.8608620448,0.2202887597,0.0475826469,0.3649401843
1017,50390.0,0.836219572,0.3912380058,0.0413157663,0.5074485218
1019,56400.0,0.838685626,0.0422348632,0.0191693291,1.0
1021,59165.0,0.8418707516,0.0978656501,0.1009024143,0.8554449727
1023,47432.0,0.8421871527,0.4046686255,0.0125693764,1.0
1025,50868.0,0.8526869598,0.4522988763,0.012803868,1.0
1027,52077.0,0.8275660396,0.1347175962,0.0342994827,1.0
1029,59526.0,0.8539729307,0.0294775881,0.0207813799,1.0
1031,64737.0,0.8602319532,0.1636324425,0.0994374854,0.4753015992
1033,57770.0,0.8754941676,0.1549493669,0.0365141105,0.4029566463
1035,46702.0,0.8748615725,0.4436191158,0.0308752461,1.0
1037,59736.0,0.8277252678,0.2820412933,0.0255161667,1.0
1039,50119.0,0.861823954,0.1231292159,0.0207894182,0.6881554432
1041,49128.0,0.8257908612,0.2302877643,0.0232806656,1.0
1043,61231.0,0.8499519231,0.0123674144,0.0511650148,0.7559920788
1045,54697.0,0.8572357531,0.2118265124,0.0722864992,0.5045209423
1047,39013.0,0.8705845454,0.7059311489,0.0113092769,0.4486246165
1049,50614.0,0.7894519643,0.0149237278,0.1729939781,0.8829739694
1051,73125.0,0.8958912074,0.2174124567,0.0347740516,0.7123680053
1053,50333.0,0.8253264834,0.3077028284,0.0237978008,0.6528280328
1055,52504.0,0.8577786964,0.1498145117,0.0537577125,0.4316968947
1057,49235.0,0.8523172906,0.111730444,0.0223586146,1.0
1059,49682.0,0.7948572509,0.0366329162,0.2060876674,0.6904991748
1061,50006.0,0.8320944699,0.0874092189,0.0553208834,0.9944108931
1063,34619.0,0.820060675,0.7945783953,0.0079008309,1.0
1065,42380.0,0.8189205457,0.5765717356,0.0130977969,1.0
1067,55598.0,0.8223549756,0.2393429801,0.0225152243,1.0
1069,59412.0,0.8739965096,0.2720584168,0.0475927053,0.3431652395
1071,51479.0,0.8205595144,0.0329736099,0.0366768287,0.7530953422
1073,64726.0,0.9099194224,0.4297648949,0.0547251073,0.1207091524
1075,50929.0,0.8389985752,0.1008710929,0.0204963033,1.0
1077,63895.0,0.8930403043,0.0995310596,0.035149875,0.5216322517
1079,61064.0,0.8455945252,0.099307504,0.032595069,0.9999395277
1081,62301.0,0.9142571104,0.2237535136,0.0538274705,0.2638988527
1083,81811.0,0.8756250496,0.1410330211,0.0769009367,0.5101284156
1085,42011.0,0.8322617517,0.718019965,0.017083462,1.0
1087,40710.0,0.8420375611,0.7834512793,0.0232444203,0.5390640999
1089,86172.0,0.9259096196,0.2456834707,0.0682258846,0.1710227668
1091,47228.0,0.8561707393,0.5122029544,0.0283665168,0.6777415515
1093,48829.0,0.821086108,0.0402817672,0.033100807,1.0
1095,59882.0,0.8442075185,0.0271745603,0.1751756719,0.5365119043
1097,55538.0,0.8900830693,0.3636405597,0.035455738,0.2239633181
1099,49314.0,0.8361468977,0.4169223569,0.0144053253,0.7833299616
1101,60063.0,0.8884380935,0.6033069606,0.0499111032,0.1236405566
1103,70387.0,0.8508455455,0.1290466943,0.1063028937,0.3843754304
1105,34176.0,0.8217232777,0.6928146808,0.0138278625,1.0
1107,47372.0,0.8388186894,0.3872538527,0.0672624144,1.0
1109,50675.0,0.8758267879,0.3803301446,0.0282463711,0.5617558848
1111,57148.0,0.8360101976,0.1789256561,0.0287018345,1.0
1113,52312.0,0.8578925011,0.4556720686,0.0613169004,0.4035111434
1115,78349.0,0.8758491952,0.1126402378,0.030297639,0.6711085255
1117,90280.0,0.9400800986,0.1443004292,0.0756094421,0.2396737571
1119,37021.0,0.8795113046,0.6910548307,0.0144111879,1.0
1121,59491.0,0.8451134833,0.323472859,0.0244786274,0.5867995959
1123,60583.0,0.838088517,0.2640066868,0.0292794454,0.7840768802
1125,61117.0,0.9087083063,0.3228631731,0.054757702,0.3109022358
1127,57950.0,0.8287923007,0.0612099864,0.038885799,0.7968534786
1129,57311.0,0.8868504377,0.2271335375,0.0111835974,1.0
1131,34426.0,0.7786755158,0.68845535,0.01307321,1.0
1133,52280.0,0.7876656114,0.0113082885,0.0383719453,1.0
2013,83000.0,0.8388952819,0.0904362901,0.2074544929,1.0
2016,104159.0,0.9048712063,0.0858527132,0.1426356589,1.0
2020,93881.0,0.9400815606,0.0511753911,0.0960167788,0.0426922852
2050,62140.0,0.8192711914,0.0093283582,0.0144315189,0.7269366763
2060,99790.0,0.9497126437,0.009478673,0.0805687204,1.0
2063,95180.0,0.9567990125,0.0163982863,0.0580587975,1.0
2066,69092.0,0.9098316133,0.0082273747,0.026551982,1.0
2068,86118.0,0.9338544799,0.0397727273,0.0303030303,1.0
2070,62598.0,0.8735592036,0.0065118298,0.037334491,1.0
2090,86780.0,0.9488130443,0.0472796288,0.088211725,0.2536093252
2100,78649.0,0.9835547122,0.0086956522,0.0415458937,1.0
2105,64720.0,0.9352272727,0.0216622458,0.065428824,1.0
2110,99748.0,0.9465018779,0.0125812074,0.0741562351,0.2324910867
2122,74185.0,0.9430886648,0.007889192,0.0454731065,0.7740097621
2130,87760.0,0.9492238358,0.0112097831,0.0578686854,0.1414539719
2150,86250.0,0.9253784295,0.0124950259,0.0865101472,0.2725746126
2158,42029.0,0.8104656985,0.0038745157,0.0024996875,1.0
2164,62547.0,0.9110429448,0.0127723516,0.0285499624,1.0
2170,94376.0,0.9429318082,0.0125218025,0.0550855179,0.500901187
2180,75296.0,0.8860645394,0.0091160504,0.0222267746,1.0
2185,103556.0,0.9018077239,0.0166933887,0.0542299349,1.0
2188,78619.0,0.8592066601,0.0124983019,0.0230946882,1.0
2195,68449.0,0.9059205191,0.0218850306,0.0519404727,1.0
2198,57304.0,0.9245973646,0.0079002809,0.0424859551,1.0
2220,89264.0,0.9564005901,0.011591403,0.0728085004,0.0934026957
2230,79412.0,0.9373795761,0.0191780822,0.0703196347,1.0
2240,79014.0,0.9302524604,0.021760633,0.0604776035,1.0
2275,65011.0,0.902310231,0.0101744186,0.0436046512,1.0
2282,77108.0,0.9221105528,0.0218340611,0.0669577875,1.0
2290,49498.0,0.8663409026,0.0093585494,0.0241762527,1.0
4001,43121.0,0.8492218586,0.0063657051,0.0662863645,1.0
4003,53011.0,0.8921789399,0.0368741977,0.3479139923,0.3676771864
4005,71528.0,0.9197451938,0.0123484135,0.156293261,0.3240432526
4007,55804.0,0.8963317384,0.006388534,0.1828231765,0.4435726085
4009,66469.0,0.8423814329,0.0150031626,0.3097533207,0.5242778917
4011,71273.0,0.8809286899,0.0159035116,0.4688867542,1.0
4012,48801.0,0.8254891592,0.0098743268,0.252962298,0.4341970164
4013,86973.0,0.8949630015,0.0608043706,0.3140589868,0.0230465859
4015,56302.0,0.8816610998,0.0128933039,0.1763038599,0.2393244149
4017,51011.0,0.8599339916,0.0086649874,0.110977788,0.6425311806
4019,69553.0,0.8994586341,0.0378437153,0.3662743778,0.0884196685
4021,77290.0,0.8912605148,0.0578474679,0.3016960633,0.2303204598
4023,52400.0,0.7770678253,0.0056959193,0.8210667643,0.5978938094
4025,67317.0,0.924968317,0.0082061659,0.156920841,0.3198057652
4027,61225.0,0.7663753351,0.0189146472,0.6522762767,0.1510047528
5001,50198.0,0.8748281787,0.249708714,0.0431103207,0.5258032538
5003,49560.0,0.8782955242,0.2356806483,0.0658744935,0.623124541
5005,48804.0,0.8940199645,0.0054577259,0.0303906706,0.5728013068
5007,92632.0,0.90574767,0.0200377476,0.1871015038,0.2400424854
5009,56154.0,0.9072498683,0.0054762523,0.0335842201,0.6267358788
5011,44525.0,0.8726197346,0.2754354711,0.1645882819,0.4994784258
5013,57689.0,0.8668044891,0.2102995044,0.0293040293,1.0
5015,53986.0,0.8399941012,0.0067328382,0.1596446172,0.821054494
5017,40381.0,0.8155367637,0.5239043825,0.0666806458,1.0
5019,53561.0,0.8996525814,0.2255805208,0.0589451913,0.5297025086
5021,47663.0,0.8664783794,0.0090134498,0.0254911626,1.0
5023,56692.0,0.8826926162,0.0064452741,0.0305757516,0.7271255716
5025,54458.0,0.916434022,0.1074817024,0.0277853077,1.0
5027,44175.0,0.8846372285,0.3491196388,0.0355756208,0.5437480812
5029,53863.0,0.9012828428,0.1141528681,0.0502917873,0.6939415882
5031,60204.0,0.9025407184,0.1808619828,0.0647145,0.336686715
5033,63905.0,0.8663219196,0.0173369311,0.0896414664,0.4940881047
5035,52153.0,0.852889955,0.5566940325,0.0344937313,0.1837510122
5037,47669.0,0.8341186736,0.2280146163,0.0228989038,0.5506445672
5039,46701.0,0.8901935203,0.3962813258,0.0417138238,1.0
5041,43469.0,0.7788884446,0.4707510259,0.0748162993,0.6219394471
5043,48746.0,0.871353027,0.2673945117,0.0494541163,0.5404034582
5045,68543.0,0.9368387508,0.124339174,0.0575216812,0.460566163
5047,54077.0,0.8707010582,0.0094458438,0.0356652164,1.0
5049,46346.0,0.8772889683,0.010063602,0.0216568714,1.0
5051,53849.0,0.9089463003,0.0837108154,0.0758839092,0.3378418846
5053,64306.0,0.9111058713,0.0320404722,0.030027743,0.7377213498
5055,55444.0,0.8739794448,0.0248379436,0.0388293434,0.4514386916
5057,50576.0,0.8343159486,0.2928191077,0.1564907202,0.5586842761
5059,53767.0,0.8939646549,0.1115220398,0.0428769018,0.7320823245
5061,47308.0,0.8938421303,0.2053778026,0.1256682359,1.0
5063,59695.0,0.8749359303,0.0237995825,0.0901617954,0.71234646
5065,47320.0,0.8477123561,0.027383725,0.0307008257,1.0
5067,45762.0,0.8377046442,0.1776692088,0.0350333651,0.6450611758
5069,49581.0,0.8856704265,0.5729410471,0.0280862695,0.3059322034
5071,50387.0,0.8390300231,0.0178728616,0.1406100501,0.6964542312
5073,43824.0,0.816240267,0.3360131255,0.0421657096,1.0
5075,49015.0,0.8238469985,0.0136046084,0.0230420395,0.5966946226
5077,36735.0,0.8258064516,0.5361541275,0.0340202414,1.0
5079,53381.0,0.8325681053,0.3045433401,0.0521786323,1.0
5081,48837.0,0.9101336171,0.191613723,0.0415925455,1.0
5083,51290.0,0.8928994083,0.0137850467,0.0380841121,1.0
5085,74687.0,0.9021105608,0.065245444,0.0568576846,0.5193676957
5087,52262.0,0.8577398863,0.0055133615,0.0706610408,1.0
5089,49975.0,0.8631231277,0.0064519813,0.0292337559,1.0
5091,50421.0,0.8691766825,0.2584227278,0.042697159,0.3990610329
5093,49484.0,0.8560959617,0.3564907017,0.0506685979,0.4563844169
5095,40631.0,0.8343195266,0.3972665848,0.0328624079,1.0
5097,48991.0,0.8758069474,0.006612529,0.0503480278,1.0
5099,45562.0,0.9011420414,0.2981527094,0.0498768473,1.0
5101,46307.0,0.8544097953,0.0050912176,0.0152736529,1.0
5103,49690.0,0.8887682779,0.3965493507,0.02748589,0.5641059603
5105,57996.0,0.9169660127,0.0231736057,0.038197172,1.0
5107,37338.0,0.8263995399,0.6195441481,0.0219236682,0.4809874457
5109,53108.0,0.8711042166,0.0353644201,0.081700627,1.0
5111,51635.0,0.8234228405,0.0847434924,0.0381747555,0.6850424559
5113,47766.0,0.8738279808,0.0064828154,0.0712080675,0.7120857396
5115,59016.0,0.8597831325,0.030839255,0.1146254238,0.5588583329
5117,54962.0,0.859238031,0.1034096565,0.025136884,1.0
5119,61344.0,0.9196168817,0.3790564712,0.0833556245,0.1136160351
5121,51480.0,0.860530641,0.0125879304,0.027820384,0.6142372516
5123,41708.0,0.8568419748,0.5332790371,0.0395457219,0.6294066696
5125,77844.0,0.9265011421,0.0987543797,0.0742510071,0.3676184611
5127,46026.0,0.8458309207,0.0108618414,0.0809054918,1.0
5129,40688.0,0.8004179728,0.0069177556,0.0225467589,1.0
5131,58112.0,0.8517927181,0.0660970735,0.1636121396,0.1967464534
5133,52845.0,0.7253594499,0.0383828045,0.3577917093,0.627880548
5135,45258.0,0.8535801114,0.0122439893,0.0260463045,1.0
5137,43767.0,0.8600656455,0.0063136295,0.0231236682,1.0
5139,49664.0,0.8795695642,0.3235821055,0.0488274461,0.521227019
5141,50332.0,0.8643169583,0.0076198736,0.0350018585,1.0
5143,66158.0,0.8726297793,0.0370561539,0.1870892261,0.2400120388
5145,56178.0,0.8674764998,0.0457477184,0.0507571509,0.5591367056
5147,43259.0,0.8291676221,0.2476525822,0.0212944333,1.0
5149,51997.0,0.8150301621,0.0180103772,0.2109858312,0.8070374574
6001,119230.0,0.8889984217,0.0964290206,0.2333860194,0.0049056292
6003,83265.0,0.9626485569,0.0122699387,0.1262050833,1.0
6005,80767.0,0.9096726557,0.0274568893,0.1645978331,0.692296289
6007,63084.0,0.9032705547,0.0175989033,0.2056455506,0.2101667045
6009,77041.0,0.9334622065,0.0089337485,0.1521743799,0.8197474168
6011,66675.0,0.7319255548,0.0108453964,0.6343422426,0.4270342049
6013,122000.0,0.8961254667,0.0845678665,0.2781264475,0.0100014838
6015,70231.0,0.8554374654,0.0257249238,0.1979013878,0.4369750928
6017,107063.0,0.9491652095,0.0093176911,0.147319408,0.3667233308
6019,71271.0,0.7859692483,0.0469128811,0.5493028642,0.1126501258
6021,64197.0,0.8032320412,0.0076433574,0.4553663479,0.4121105232
6023,61307.0,0.9151826301,0.0125088629,0.1444116879,0.3153455515
6025,58768.0,0.7184713606,0.0221605411,0.8630324422,0.1840547128
6027,71656.0,0.9280420235,0.0096075997,0.2455875209,0.4208561212
6029,68436.0,0.7713498327,0.0505132302,0.5713794839,0.1335287357
6031,65768.0,0.7423517714,0.0602297586,0.5876855163,0.1091378881
6033,57945.0,0.8708490855,0.0178702967,0.2542060756,0.4078752402
6035,77743.0,0.7914344508,0.0626797408,0.2181490593,0.7251756798
6037,86499.0,0.8066315112,0.0795774134,0.485949948,0.0089095187
6039,66084.0,0.7304758771,0.0301919464,0.6131230888,0.3860740456
6041,139197.0,0.9273451854,0.0249796586,0.1962524616,0.060128621
6043,64352.0,0.9047192354,0.0127076068,0.1539689107,1.0
6045,65891.0,0.861622003,0.0077770795,0.281175652,0.4846453641
6047,58962.0,0.7188925043,0.0292443135,0.6387332146,0.1679895591
6049,51996.0,0.8794656726,0.0095294118,0.1582352941,1.0
6051,82973.0,0.8955440415,0.0083422624,0.273687433,0.4660856385
6053,86809.0,0.7333478949,0.0217796589,0.6201201236,0.1425330555
6055,100469.0,0.8470721711,0.0199825847,0.3670730243,0.1472550881
6057,87142.0,0.9506860035,0.0062820349,0.1091760832,0.4820473196
6059,109768.0,0.8694406263,0.0174898868,0.3421998849,0.0024982829
6061,110020.0,0.949247007,0.0199569838,0.159622817,0.1458124866
6063,64121.0,0.9398342977,0.0090429146,0.1055877895,1.0
6065,90251.0,0.8329993991,0.0640416106,0.5188441697,0.0547348528
6067,89984.0,0.8836751928,0.0961599154,0.2448317478,0.0239922274
6069,105112.0,0.8323820483,0.0120278695,0.6253318665,0.2273513059
6071,84576.0,0.8209429955,0.0807337912,0.5585119586,0.0538146746
6073,103476.0,0.8901770939,0.0468606316,0.3488508927,0.043946373
6075,125456.0,0.8879755782,0.050984687,0.1637725158,0.0
6077,86211.0,0.8043062722,0.0701179203,0.4272596181,0.077513401
6079,89809.0,0.9177009247,0.015296177,0.2522839522,0.1908796703
6081,151004.0,0.903049417,0.0216878019,0.2484040129,0.0170516534
6083,90155.0,0.8213613641,0.0163487491,0.4854699189,0.0556947453
6085,154573.0,0.893259233,0.02436099,0.2496309102,0.0131888348
6087,102723.0,0.884933245,0.0100211434,0.3523152626,0.1329316513
6089,71935.0,0.9206974346,0.0112160829,0.1219963851,0.3379155115
6091,67675.0,0.9139194139,0.0040625,0.123125,0.9876390606
6093,58975.0,0.910729267,0.0127957115,0.1370003496,0.7091387603
6095,99117.0,0.8891996051,0.1300059214,0.3012946943,0.0445631777
6097,100157.0,0.8886375781,0.0166434211,0.3032614381,0.1363224462
6099,81582.0,0.801131642,0.0277696172,0.5089512721,0.0817051863
6101,71968.0,0.7883495741,0.0209294728,0.3346673745,0.1506528961
6103,58333.0,0.8627987715,0.0088141026,0.2975221893,0.5703261481
6105,52079.0,0.9477065712,0.0054243778,0.0638162093,1.0
6107,71368.0,0.7436820442,0.0137298005,0.6702011396,0.2005613833
6109,72329.0,0.9351891608,0.0173972401,0.1407091728,0.4783710895
6111,106526.0,0.8528855267,0.0180498801,0.4476488386,0.0336685853
6113,91192.0,0.8841179315,0.0272235926,0.3339061593,0.0804794758
6115,71493.0,0.846613019,0.0442476844,0.314563356,0.2951271836
8001,95278.0,0.8498581181,0.0363859646,0.4317793631,0.0404101838
8003,50056.0,0.8910019017,0.0125487841,0.4872410687,0.3304225696
8005,97560.0,0.9196437055,0.1102016428,0.2199521081,0.0206359626
8007,74432.0,0.9534584253,0.0062019875,0.1681584326,0.5784115578
8009,47421.0,0.8579454254,0.0098684211,0.1088516746,1.0
8011,44960.0,0.8118651893,0.0644252772,0.3323358564,1.0
8013,97170.0,0.9552599151,0.0107180775,0.1474156368,0.0940264483
8014,113162.0,0.9607666629,0.0141816289,0.1453161593,0.0039534758
8015,75298.0,0.9459425324,0.0179463549,0.1020517049,0.4356644075
8017,63177.0,0.9170692432,0.0138969311,0.1268094962,1.0
8019,94093.0,0.94561286,0.0106045698,0.0807915163,1.0
8021,53174.0,0.8905413444,0.0071798963,0.4960776492,1.0
8023,38731.0,0.8965003723,0.0217750827,0.5407938258,1.0
8025,46979.0,0.8293660146,0.1087650816,0.2971965933,1.0
8027,77137.0,0.9645337302,0.0097578605,0.0529454283,1.0
8029,57075.0,0.9100487973,0.0042840043,0.1456561457,0.7374663418
8031,93572.0,0.9135575083,0.0910369716,0.2789204789,0.0001453484
8033,57701.0,0.9618708693,0.0163151612,0.0819737366,1.0
8035,144807.0,0.9798889491,0.0177230885,0.1041687288,0.0901452045
8037,110598.0,0.9316684618,0.0094334418,0.3045181221,0.1851034433
8039,123083.0,0.9680807669,0.0127751163,0.096438242,1.0
8041,88794.0,0.9510566246,0.0599504176,0.190869574,0.102504809
8043,61015.0,0.9056156969,0.0414165905,0.1360745658,0.4945340117
8045,94696.0,0.8844410148,0.0076387006,0.3278262395,0.3211639783
8047,88589.0,0.9407577978,0.0131623355,0.0717178535,1.0
8049,93257.0,0.9435976852,0.0114213994,0.1012864763,0.6832092639
8051,79658.0,0.9827314165,0.0062352058,0.1020726286,0.5727627379
8053,71541.0,1.0,0.0130718954,0.0640522876,1.0
8055,47855.0,0.9290847201,0.0097802977,0.3007795889,1.0
8057,96811.0,0.8444647758,0.0030557678,0.1237585943,1.0
8059,102146.0,0.9547537805,0.0136840133,0.1623811953,0.0714844487
8061,55523.0,0.908994709,0.0057803468,0.0852601156,1.0
8063,55304.0,0.8898071625,0.0078638833,0.2060337432,1.0
8065,86215.0,0.9194449798,0.0081466395,0.3488119484,0.389725659
8067,83542.0,0.9640418084,0.0052830322,0.1279273849,0.6564578166
8069,88519.0,0.9664245372,0.0114626009,0.1311726106,0.1024407769
8071,52067.0,0.896159985,0.0177028157,0.3844438249,0.4281690141
8073,58034.0,0.8807251908,0.046350365,0.1518248175,1.0
8075,55415.0,0.8937854598,0.032930792,0.1754207285,0.429672984
8077,66339.0,0.9235130538,0.0075525579,0.1564807335,0.126715606
8079,37108.0,0.9780701754,0.0042372881,0.061440678,1.0
8081,73875.0,0.9150745445,0.0087791701,0.1729571546,0.2739993981
8083,60809.0,0.9096006708,0.0073875843,0.1267950699,0.6662153275
8085,67113.0,0.9096104725,0.0055485098,0.2159162968,0.4256425877
8087,68541.0,0.8460286629,0.0355304159,0.3898861943,0.3459173508
8089,52169.0,0.8920269734,0.009925011,0.4231363035,0.5830925629
8091,92760.0,0.9731934732,0.0036707883,0.0681993818,1.0
8093,103720.0,0.9730441411,0.0094386488,0.0801457195,1.0
8095,59367.0,0.9052038449,0.0073726542,0.2714477212,1.0
8097,109268.0,0.9699932821,0.0098557692,0.1170673077,0.3296462726
8099,50365.0,0.8472295515,0.0091907072,0.4080503787,0.3747812318
8101,63801.0,0.9045715161,0.0203338409,0.4244194969,0.1314625183
8103,72088.0,0.9324884793,0.0144618663,0.109757954,1.0
8105,55574.0,0.8934911243,0.0075974258,0.4087415088,1.0
8107,112377.0,0.965223375,0.0104931376,0.0906080434,0.4178178743
8109,47829.0,0.8826086957,0.0106160287,0.3630382775,1.0
8111,102689.0,1.0,0.0024937656,0.1558603491,1.0
8113,94927.0,0.9829195002,0.0057193696,0.1179461108,0.4317393459
8115,45999.0,0.9124924562,0.0078294911,0.1670291431,1.0
8117,105135.0,0.9492985889,0.0135237157,0.1705235516,0.1610046691
8119,88089.0,0.9615679069,0.0103180729,0.0788479506,0.6008093889
8121,54255.0,0.8965416178,0.0133882595,0.1221421215,1.0
8123,90675.0,0.8845731201,0.0143528024,0.3128293299,0.2001361781
8125,61870.0,0.8377723971,0.0053741635,0.3088622997,1.0
9110,90965.0,0.9116521245,0.1247241953,0.1793263394,0.1198097205
9120,92858.0,0.8725613379,0.1262868113,0.2678612304,0.0285808127
9130,99807.0,0.9522764716,0.0526288908,0.0801918111,0.3134280385
9140,81392.0,0.9033304699,0.1228449032,0.2072334959,0.0920342114
9150,88129.0,0.9210511492,0.0212840773,0.056188723,0.6240403574
9160,91206.0,0.9406025009,0.0326714436,0.0932021893,0.6002417713
9170,80953.0,0.9166668766,0.1385794092,0.1992931544,0.0362742709
9180,82733.0,0.9264270206,0.0540456454,0.1520630538,0.2611097244
9190,121285.0,0.9168239044,0.1033839979,0.2086304529,0.0846218429
10001,72498.0,0.9019521279,0.2851377056,0.0831660423,0.2647167186
10003,86798.0,0.9259126368,0.2616420552,0.1189197224,0.0609424253
10005,78092.0,0.8964215741,0.1078445138,0.1139695418,0.3758183151
11001,104643.0,0.9284670297,0.4267731217,0.1199725467,0.0
12001,61843.0,0.9422646229,0.1947907998,0.1262509004,0.2324144965
12003,69399.0,0.851912338,0.1267625494,0.0428299492,0.6149545278
12005,70859.0,0.9076640958,0.1119206999,0.0932017256,0.1420931878
12007,59468.0,0.8268860234,0.1740254146,0.0516189245,0.7074868389
12009,77961.0,0.9313617165,0.1024474401,0.1251842063,0.0388040461
12011,74367.0,0.9027849064,0.2857147225,0.3304640793,7.81742e-05
12013,47523.0,0.8180172934,0.1246473645,0.055159614,1.0
12015,71381.0,0.9224615726,0.0549254369,0.0831061348,0.0649997056
12017,54447.0,0.9088678888,0.0305706196,0.0724972405,0.2497416197
12019,82249.0,0.9332757086,0.1311957116,0.1173254058,0.1442553094
12021,91402.0,0.8998161795,0.0658331478,0.280143949,0.1162282569
12023,58949.0,0.8548877361,0.1709894201,0.0796572821,0.6365175471
12027,54288.0,0.7299081852,0.1190694572,0.3010089219,0.4895808806
12029,50966.0,0.8233780412,0.0892642428,0.0498711709,1.0
12031,69455.0,0.9100473025,0.2945474582,0.1261614517,0.0265075078
12033,70838.0,0.9049380475,0.220819263,0.0701622376,0.07626163
12035,74753.0,0.9308704496,0.0954891623,0.1191807607,0.0765310544
12037,55816.0,0.8306931692,0.0977449579,0.0561378434,1.0
12039,51288.0,0.8128718049,0.5365363995,0.1246321265,0.8051156848
12041,56884.0,0.8553932755,0.0356358809,0.0784193598,1.0
12043,55240.0,0.7236993014,0.1413264508,0.2562177382,0.8269008742
12045,66806.0,0.8673957621,0.1356018607,0.0521251513,1.0
12047,49260.0,0.7833864501,0.2881003637,0.116027021,1.0
12049,53913.0,0.7837127323,0.0759704969,0.4247670807,0.6134559956
12051,54619.0,0.6950284254,0.1012623174,0.5772736713,0.3600040385
12053,64092.0,0.9005640207,0.0575310023,0.1776492315,0.2005809321
12055,51495.0,0.8636437046,0.0981749586,0.2270057799,0.1987652492
12057,76528.0,0.8958320788,0.1643096608,0.3039228583,0.0367231097
12059,51582.0,0.8415431101,0.065433213,0.039410349,1.0
12061,73686.0,0.9198770093,0.0857504638,0.1406401838,0.0724272161
12063,50923.0,0.8321676317,0.2522109333,0.0563530912,0.8824996302
12065,59967.0,0.8775435715,0.302394822,0.0537864078,1.0
12067,58096.0,0.8003064351,0.1079475118,0.1176033672,1.0
12069,70784.0,0.9092496461,0.1131550056,0.1934378107,0.1793174218
12071,71811.0,0.9037970169,0.0817400036,0.2508216777,0.0392798841
12073,66063.0,0.9371034389,0.3130310899,0.0827245691,0.1343746364
12075,53214.0,0.8776441057,0.0895047803,0.1053389193,1.0
12077,51523.0,0.79,0.1735011679,0.0772125616,1.0
12079,52713.0,0.805820261,0.3515848588,0.0640423349,1.0
12081,79213.0,0.9104686252,0.0816037362,0.1821467031,0.0469140127
12083,58584.0,0.896147097,0.1239343447,0.1759517415,0.2934521213
12085,76430.0,0.9272162815,0.0502525794,0.1579769158,0.0732243058
12086,72030.0,0.830557652,0.1447075721,0.6913933589,0.0086354597
12087,85639.0,0.932572598,0.0681023147,0.2478849828,0.1311267708
12089,92766.0,0.923140308,0.0629057842,0.060176747,0.4376992208
12091,81990.0,0.9341657976,0.0967161638,0.1140645598,0.1064119281
12093,54297.0,0.7998674157,0.0766891158,0.2639824269,0.3644687721
12095,78487.0,0.9002746203,0.199218304,0.3378072551,0.0234770349
12097,76416.0,0.88604306,0.1073817225,0.5606029457,0.0630557614
12099,84789.0,0.8913233177,0.1891053663,0.2451211076,0.0084881895
12101,72065.0,0.9121465247,0.068573893,0.19187641,0.072448215
12103,70684.0,0.9256040415,0.1017974284,0.1135071277,0.001904897
12105,66709.0,0.8751872144,0.150053157,0.3027947161,0.108846887
12107,51585.0,0.8221355785,0.1510894609,0.1140017115,0.7267904148
12109,106281.0,0.9513369316,0.0517072256,0.0930273968,0.1479308768
12111,66876.0,0.8862625928,0.2196682959,0.2231159626,0.0353769143
12113,87581.0,0.9263446762,0.0610153474,0.0706185212,0.1990265957
12115,78218.0,0.9436922702,0.0423804884,0.1066729494,0.0241056575
12117,80698.0,0.938853876,0.1209364178,0.2426058963,0.0324451637
12119,79334.0,0.9316555478,0.0652195428,0.0658001518,0.2157731673
12121,56009.0,0.845125561,0.116128333,0.1209624973,0.8466209689
12123,50556.0,0.8621174366,0.1812621629,0.0430914651,0.7003578638
12125,60843.0,0.7832692823,0.1963044038,0.0528586145,1.0
12127,66111.0,0.9194013359,0.106982724,0.1677645899,0.0853700616
12129,72916.0,0.8748507284,0.1350379983,0.0494389421,0.7001540102
12131,82259.0,0.9140790644,0.0477800681,0.0854737476,0.5614766616
12133,54678.0,0.8308993911,0.1295601906,0.0411295993,1.0
13001,51054.0,0.8103069283,0.1849162919,0.1105271713,0.7097158968
13003,44890.0,0.7161396454,0.1512118654,0.2859037743,1.0
13005,48915.0,0.845888521,0.1685544768,0.0842322905,1.0
13007,47850.0,0.9053658537,0.4126868392,0.060153117,1.0
13009,51206.0,0.8521362545,0.417526961,0.0305097244,0.487636704
13011,70067.0,0.8225891578,0.0338571934,0.0755975542,0.9558081508
13013,72075.0,0.8762015276,0.1493878783,0.1628480904,0.3296569068
13015,78771.0,0.8864639268,0.1127945689,0.1089089977,0.3943122653
13017,40325.0,0.8427535599,0.3705628211,0.0681924334,0.3438990345
13019,50581.0,0.8279382667,0.1138395261,0.0637587507,0.7332599119
13021,51569.0,0.8740457646,0.5658735432,0.0480474341,0.1408551854
13023,58877.0,0.8790882061,0.2453269154,0.0373044525,0.5105300803
13025,57325.0,0.8123167155,0.0407586544,0.0251073311,0.9932301204
13027,46796.0,0.8295721879,0.3431209603,0.0725146199,1.0
13029,97746.0,0.928403556,0.1521140353,0.0845212007,0.4678125978
13031,54787.0,0.8962060323,0.2887212874,0.0519643768,0.4514358993
13033,51388.0,0.8410562071,0.4521646616,0.0360504133,0.7518702228
13035,59622.0,0.8375006839,0.2823297504,0.0414326626,0.7760084926
13037,41260.0,0.7713878327,0.6250687191,0.0236393623,1.0
13039,72185.0,0.9248277762,0.1788258371,0.0801472866,0.2958114227
13043,49332.0,0.790652921,0.2465864906,0.1313862013,1.0
13045,71083.0,0.847460665,0.2018757179,0.0878062597,0.5438278444
13047,70315.0,0.8981687131,0.033347845,0.0430126252,0.2372259547
13049,52191.0,0.8525217391,0.2501159734,0.1526209989,1.0
13051,70556.0,0.9123764581,0.3977968418,0.0823105169,0.0301668524
13053,57550.0,0.9713143663,0.1834661125,0.1832351922,0.4008363826
13055,51225.0,0.7424398037,0.0962255174,0.0568154786,0.5903464851
13057,104220.0,0.9214278497,0.0766184465,0.12511427,0.1829795214
13059,54550.0,0.8996471761,0.2675224924,0.1182686461,0.0592441187
13061,37858.0,0.8538696538,0.5825446898,0.0178759201,1.0
13063,57974.0,0.8480157046,0.7058397586,0.1445859873,0.0052487441
13065,45718.0,0.8118833119,0.2724577527,0.0461013934,1.0
13067,99134.0,0.9279258981,0.2815860587,0.1513280454,5.22092e-05
13069,49804.0,0.7964515568,0.2779047487,0.1360435857,0.66912652
13071,47821.0,0.7971888882,0.2325470574,0.2086338727,0.5813107325
13073,97031.0,0.9308695043,0.2031520568,0.081398869,0.1494711877
13075,50258.0,0.8333918539,0.2773512476,0.0792028904,0.5917348656
13077,93326.0,0.9185783836,0.1968863059,0.0841608293,0.4489251358
13079,61519.0,0.8358261276,0.2051804187,0.0416225462,1.0
13081,43174.0,0.8418843621,0.4491875096,0.037593602,0.4569256757
13083,58644.0,0.8841607565,0.0162697185,0.0321064027,0.9458494862
13085,89330.0,0.8932635963,0.0184671625,0.0778709189,0.6940070154
13087,50452.0,0.8313893476,0.4206002682,0.0702375632,0.5281438349
13089,77722.0,0.9080783515,0.5228455868,0.1039342483,0.0015790534
13091,46462.0,0.8605397113,0.2985942557,0.0377730583,0.6878293601
13093,50396.0,0.8295081967,0.4753665422,0.0868773336,1.0
13095,45863.0,0.8535580866,0.7128198923,0.0344848448,0.1435015736
13097,79672.0,0.9140048108,0.5261531242,0.1267095736,0.1547591811
13099,43444.0,0.8098229583,0.5201173909,0.0225314778,1.0
13101,50311.0,0.8151041667,0.0628201672,0.3043947156,1.0
13103,83900.0,0.9075352543,0.1580072965,0.071259837,0.7421142831
13105,50367.0,0.8491172897,0.2761205217,0.0626592715,0.7097316291
13107,46017.0,0.7938467568,0.3440460228,0.0488342921,0.6815267041
13109,50831.0,0.8239657632,0.2988655384,0.1263715827,1.0
13111,60037.0,0.8828617138,0.009554999,0.0358697746,1.0
13113,108579.0,0.9497505002,0.2705936717,0.0887710679,0.1813178516
13115,61058.0,0.8491971955,0.144207046,0.1273161328,0.3872940842
13117,136347.0,0.9405959075,0.0456012928,0.1004481709,0.0773868507
13119,53221.0,0.8202747865,0.0904688887,0.0574610604,1.0
13121,94510.0,0.9363398672,0.4400572697,0.081623197,0.0063231806
13123,62317.0,0.8585664846,0.0099513086,0.1267194157,0.7850923357
13125,54862.0,0.8386768448,0.0846310088,0.0220040623,1.0
13127,70067.0,0.896413948,0.254757926,0.0781692429,0.1863809039
13129,64795.0,0.7948537187,0.0438777047,0.165353013,0.5991589045
13131,52456.0,0.8037060124,0.2817847004,0.1373436661,0.6056563501
13133,79890.0,0.9015042242,0.2890647621,0.07204903,1.0
13135,84076.0,0.879300664,0.2933516755,0.2375971759,0.0047280114
13137,71753.0,0.8232543641,0.0385175462,0.1633611584,0.5933392714
13139,78309.0,0.8133730596,0.079211293,0.2938412184,0.2594813327
13141,40099.0,0.7390513714,0.6857999078,0.010603965,1.0
13143,59384.0,0.8457099612,0.0519383232,0.0228478682,0.7566095124
13145,91977.0,0.9292528459,0.1615921864,0.0521089104,0.9719049267
13147,53100.0,0.8503798646,0.1778560023,0.0449266947,0.7691265293
13149,57670.0,0.8591478697,0.0963935516,0.0312448064,1.0
13151,80908.0,0.9244090262,0.5471912275,0.0851331236,0.1882083153
13153,75266.0,0.9320216948,0.343906637,0.0767616035,0.0897740676
13155,52918.0,0.8363636364,0.2401315789,0.0744517544,1.0
13157,84439.0,0.8757088151,0.085177453,0.1154432094,0.6281897585
13159,67681.0,0.8903109594,0.1646308113,0.0512914008,1.0
13161,47635.0,0.7802037846,0.149402925,0.1398765598,0.6672981934
13163,45829.0,0.8140131017,0.5075413291,0.0380030297,1.0
13165,42539.0,0.8111718276,0.411614698,0.0434681813,1.0
13167,51602.0,0.753476797,0.3460461108,0.0146520147,1.0
13169,65524.0,0.9169185812,0.257999931,0.0237150057,0.8341270681
13171,63622.0,0.8970060814,0.2665065438,0.0371550414,0.6310810811
13173,54586.0,0.8949485919,0.2250287026,0.0801760429,1.0
13175,56867.0,0.8609287406,0.3735407781,0.0348210889,0.5795440791
13177,80806.0,0.9155888986,0.2579121398,0.0349551252,0.6236468353
13179,57699.0,0.9202349228,0.4273948851,0.1315850311,0.2351354665
13181,58502.0,0.8685300207,0.2601853027,0.0161187968,1.0
13183,63146.0,0.858390972,0.2788098397,0.1322853935,0.802387432
13185,54984.0,0.8982168973,0.3721005368,0.073422692,0.3507961878
13187,72676.0,0.8908538012,0.0190878666,0.0614612287,0.8056617296
13189,53389.0,0.85561897,0.4023579063,0.0360108262,0.59375
13191,56573.0,0.8158133213,0.3055386488,0.0272150248,1.0
13193,41895.0,0.7622224779,0.5892358467,0.047558602,1.0
13195,65296.0,0.8193312728,0.1013947998,0.0760460998,0.9065737052
13197,51270.0,0.7620443305,0.2856182796,0.0802419355,1.0
13199,54428.0,0.8224014094,0.358463523,0.0319621614,1.0
13201,50799.0,0.8360248447,0.2775361058,0.0351487733,1.0
13205,48774.0,0.8448954235,0.4580373212,0.0553187459,0.7577568375
13207,80692.0,0.9079742447,0.2193306122,0.0305632653,0.818363916
13209,53248.0,0.8527724665,0.2543088689,0.0772742838,0.9871080139
13211,69090.0,0.9128723621,0.1948741845,0.0393755825,0.7656864209
13213,63836.0,0.7866263193,0.0114536371,0.1668331912,0.679583719
13215,52492.0,0.8896401746,0.4789698678,0.0870431005,0.0375648795
13217,76151.0,0.8951641934,0.5069047322,0.073533941,0.3397491176
13219,114230.0,0.9623684872,0.0468290254,0.0595491377,0.5408502596
13221,67249.0,0.8757125502,0.1573568617,0.071854767,1.0
13223,93773.0,0.9137576823,0.2571356817,0.0915245354,0.204795418
13225,68464.0,0.8766981286,0.4400624892,0.0941156049,0.400414567
13227,78032.0,0.8991324921,0.0138452556,0.0420083961,0.8078034682
13229,56330.0,0.8673696718,0.0916034272,0.0540514076,0.9871677825
13231,80652.0,0.9001727635,0.0858218073,0.0253164557,0.9971941342
13233,56271.0,0.821246665,0.1207064197,0.1398367365,0.5198469185
13235,46123.0,0.8010766807,0.3168895493,0.0430906389,1.0
13237,59068.0,0.8785610816,0.2536642311,0.0700419387,1.0
13239,42480.0,0.8222222222,0.451754386,0.0276315789,0.7369127517
13241,60085.0,0.9014031096,0.0134158927,0.0873179681,1.0
13243,39926.0,0.833608296,0.5977295163,0.0251727542,1.0
13245,52073.0,0.8784680138,0.5796440359,0.0587788564,0.0833321233
13247,76081.0,0.9000426224,0.616229281,0.1114421745,0.1371272844
13249,60750.0,0.8476525072,0.2006186478,0.0505965532,1.0
13251,49034.0,0.8462349109,0.3873289121,0.0272329618,1.0
13253,49423.0,0.8933768934,0.3228112626,0.0316761989,1.0
13255,56834.0,0.8536736173,0.3692705802,0.0650930718,0.4065313642
13257,50685.0,0.8381968641,0.1033127663,0.042456295,0.5591771207
13259,41227.0,0.7287193736,0.4480102696,0.2207958922,1.0
13261,43835.0,0.8430074862,0.5219106957,0.06362063,0.412243382
13263,41656.0,0.8289503773,0.5246589717,0.0358516964,1.0
13265,46469.0,0.8348837209,0.5034182722,0.0546923555,1.0
13267,48998.0,0.8076244264,0.2830507079,0.1089068159,1.0
13269,44708.0,0.7773402542,0.3526682135,0.0292601186,1.0
13271,42203.0,0.7847106454,0.3422161172,0.1258241758,1.0
13273,45616.0,0.7782995951,0.5786877724,0.0286763019,1.0
13275,54989.0,0.8801923077,0.358759228,0.0410523779,0.4490807459
13277,53295.0,0.8567270852,0.3041584444,0.1329835876,0.4054760062
13279,48866.0,0.8392608089,0.2663831361,0.1223002959,0.4969293378
13281,60563.0,0.9301564577,0.0112006137,0.0334484081,1.0
13283,45699.0,0.7476167779,0.3100457341,0.0280712821,1.0
13285,60839.0,0.8790230933,0.3647620932,0.0480761075,0.4536340852
13287,42769.0,0.8063195809,0.3889325401,0.0496127512,0.4739062847
13289,50700.0,0.7782782783,0.3944870628,0.0217136913,1.0
13291,65505.0,0.8884815457,0.010875977,0.0396327975,1.0
13293,54439.0,0.8550830254,0.2771821817,0.0285532321,0.466967509
13295,58363.0,0.8526707304,0.046856337,0.0303645181,0.5101693913
13297,79829.0,0.8726680968,0.2155629698,0.0715544226,0.5806067878
13299,40901.0,0.8153078889,0.2983472671,0.0521755925,0.3211221759
13301,48308.0,0.778342246,0.5526831179,0.018213866,1.0
13303,48809.0,0.8471746575,0.537184662,0.0224016145,0.6449369622
13305,55797.0,0.8629609782,0.1935103433,0.0642272017,0.5763004246
13307,45036.0,0.8409485252,0.4338896021,0.0303808301,1.0
13309,41163.0,0.7670091103,0.3596949583,0.047733371,1.0
13311,66962.0,0.844032146,0.0213946117,0.039171777,1.0
13313,63111.0,0.7538868182,0.036619827,0.375456904,0.3489267382
13315,45726.0,0.7888871449,0.343547101,0.0395261419,1.0
13317,48635.0,0.8201642594,0.3925194369,0.0505358269,1.0
13319,51498.0,0.8961988304,0.3674498567,0.033008596,1.0
13321,50830.0,0.8650027579,0.2820500173,0.0273269866,0.7042917629
15001,73092.0,0.9308874875,0.0082026829,0.1187968114,0.594983776
15003,102382.0,0.9289255801,0.0249361234,0.09602813,0.0168882094
15007,90084.0,0.927179893,0.006892256,0.1062274038,0.4220169718
15009,83764.0,0.9279083066,0.0077961787,0.1070330059,0.2140646054
16001,90513.0,0.9506528379,0.0132215685,0.1008723529,0.055658256
16003,59829.0,0.9289891395,0.0024474811,0.0542524985,1.0
16005,67371.0,0.9375033074,0.0087831858,0.1013384956,0.1701601967
16007,67519.0,0.9300421151,0.0036949453,0.0406443985,1.0
16009,60872.0,0.8442808607,0.0058829202,0.0395409393,1.0
16011,73409.0,0.891958379,0.0041075504,0.1784303998,0.5970161694
16013,94471.0,0.9117991632,0.0035941057,0.2210374985,0.2427076467
16015,74433.0,0.9557577659,0.009040742,0.0533051544,1.0
16017,68030.0,0.91620187,0.0032161684,0.0413153938,0.7277860327
16019,74948.0,0.9205954061,0.005975671,0.1466208913,0.1519150721
16021,65044.0,0.8723064645,0.0062698237,0.0557645497,1.0
16023,57678.0,0.8759165257,0.004350979,0.0746918057,1.0
16025,72175.0,0.8602442334,0.0032467532,0.0852272727,1.0
16027,72059.0,0.877155915,0.0075832253,0.2601154948,0.1872698557
16029,70183.0,0.9054585153,0.0033245602,0.05887242,1.0
16031,68267.0,0.8537757895,0.0040473225,0.3007082814,0.5031433786
16033,55625.0,0.7573839662,0.0237203496,0.3520599251,1.0
16035,58757.0,0.9111424542,0.0061862383,0.0492728457,1.0
16037,58294.0,0.9360606882,0.0039796595,0.0468715454,1.0
16039,64247.0,0.8811843672,0.0250302786,0.1831853048,0.3790902114
16041,80768.0,0.940423604,0.0037433845,0.0758358074,1.0
16043,72061.0,0.9066738428,0.0043674274,0.1266553959,1.0
16045,62479.0,0.8904256844,0.0039865218,0.0990460823,0.4680227998
16047,65662.0,0.7978860022,0.0040470705,0.3141771994,1.0
16049,57210.0,0.9184107002,0.0055897149,0.0401341532,1.0
16051,81566.0,0.9326748532,0.0028071817,0.1119948535,0.6671198731
16053,62543.0,0.7339810924,0.0038855528,0.3958554103,0.4881792301
16055,75235.0,0.9436544073,0.0043132804,0.0589211394,0.2351163035
16057,63916.0,0.9694075889,0.0077479964,0.0509672889,0.3442315965
16059,57562.0,0.9267484256,0.0040279588,0.0430043834,1.0
16061,53212.0,0.9077907414,0.0077560845,0.0414549345,1.0
16063,65511.0,0.8251928021,0.0044036697,0.3218348624,1.0
16065,58236.0,0.9703403925,0.0100830476,0.0972189121,0.2189065069
16067,68029.0,0.8207048458,0.0044928826,0.3717081851,0.4436218942
16069,70340.0,0.9292970064,0.0054900319,0.0461767511,0.1890947969
16071,67137.0,0.9423013518,0.0058550374,0.0426004442,1.0
16073,60701.0,0.7772909821,0.0050306556,0.2490960541,1.0
16075,67532.0,0.8669251383,0.0044723047,0.1819714799,0.4124320492
16077,68403.0,0.8801916933,0.0043620502,0.3421786017,1.0
16079,59937.0,0.8876564567,0.0070583203,0.0433480679,1.0
16081,94895.0,0.9259433962,0.0031078174,0.1707705793,1.0
16083,66664.0,0.8865262521,0.0085228467,0.1833830762,0.3469115785
16085,84024.0,0.9098612435,0.0045080671,0.0537013603,0.6854248255
16087,57369.0,0.8872999213,0.0066520788,0.1628884026,0.4758095238
17001,63424.0,0.9345111583,0.0403780202,0.0210890582,0.3393826916
17003,45550.0,0.8665730337,0.3113951012,0.0232161874,0.9694656489
17005,66162.0,0.8930949877,0.0654103343,0.0390881459,0.5955156951
17007,83129.0,0.8560501284,0.0263148002,0.2633171685,0.2939679689
17009,76076.0,0.796108291,0.1866857324,0.0524308866,1.0
17011,66854.0,0.9096390658,0.0110605274,0.1061443979,0.5498435808
17013,72574.0,0.9339712919,0.008107482,0.0206161686,1.0
17015,61982.0,0.8769351192,0.0367126111,0.0558418137,1.0
17017,64413.0,0.867433832,0.0420768498,0.2321371864,0.5198589173
17019,62169.0,0.9513702779,0.1405098131,0.082078738,0.1595074442
17021,72650.0,0.9091170078,0.0270554954,0.0334657518,0.5068758815
17023,66923.0,0.9203892493,0.0106044539,0.0183589608,1.0
17025,54837.0,0.8770883055,0.0064620355,0.0225401954,0.6392986153
17027,88977.0,0.9203593495,0.0315074079,0.0422726655,0.8021626602
17029,57728.0,0.9149533019,0.0408163265,0.0391228832,0.2632567271
17031,80547.0,0.8833847505,0.2239278312,0.2696494172,0.0005478111
17033,64168.0,0.8816847385,0.0481967213,0.0277595628,0.6716098292
17035,71741.0,0.9386825024,0.0067244908,0.0138388071,1.0
17037,69439.0,0.923567935,0.0886746171,0.149230217,0.2175662219
17039,74553.0,0.9275296675,0.0113895216,0.0354702245,0.5280355762
17041,82895.0,0.8606755127,0.0088134902,0.0863518264,0.7496453901
17043,107032.0,0.9319016267,0.0519174176,0.1629156341,0.0018780611
17045,59330.0,0.9007826512,0.0085710787,0.0172033795,0.5069370331
17047,59867.0,0.9187123668,0.0063672922,0.0155831099,1.0
17049,72158.0,0.9316044697,0.0064082025,0.027293117,0.5964578285
17051,61952.0,0.8730893932,0.0674258174,0.0300982801,0.6225800447
17053,71110.0,0.9189974182,0.0141886792,0.0544150943,0.6654352002
17055,52533.0,0.8921372867,0.0077548603,0.0217028381,0.591947942
17057,62914.0,0.9089636431,0.0376448173,0.0259672413,0.6079323991
17059,56852.0,0.8639020317,0.0107066381,0.0162740899,1.0
17061,59146.0,0.9040738986,0.0074504028,0.0101360132,1.0
17063,91254.0,0.9419331024,0.0232931427,0.1240061219,0.2502807759
17065,65472.0,0.8902309059,0.0080900013,0.01592719,1.0
17067,63408.0,0.9402273269,0.01012452,0.0260095427,0.8402951192
17069,51216.0,0.8845637584,0.0156906697,0.0193331465,1.0
17071,62610.0,0.9206349206,0.0062417871,0.0223390276,0.994676687
17073,73198.0,0.9207369569,0.0187623844,0.0719327939,0.498011525
17075,64995.0,0.8914228266,0.0136593205,0.0850933578,0.8274919674
17077,48289.0,0.9207332411,0.1518191059,0.0527224257,0.4094838978
17079,69924.0,0.9306732399,0.0059055118,0.0144356955,1.0
17081,60543.0,0.9137837629,0.0802863436,0.0300110132,0.5880688707
17083,70158.0,0.9370951586,0.0086766867,0.0164999289,0.5941335069
17085,74426.0,0.9343431296,0.0091009377,0.0433443648,0.8839119582
17087,63160.0,0.8593395253,0.1251688429,0.044574516,1.0
17089,97543.0,0.8700517978,0.0524756205,0.3349126766,0.0402248113
17091,68451.0,0.9096036543,0.1473192373,0.1299886728,0.2840412271
17093,114606.0,0.936079218,0.0879722238,0.2313753786,0.1137037515
17095,57569.0,0.8931777379,0.0833281692,0.0654603293,0.3226129245
17097,108349.0,0.9058732448,0.0684674643,0.2513149726,0.0141528848
17099,72225.0,0.9137672155,0.0268768062,0.1148011707,0.3159915373
17101,55411.0,0.8513122172,0.09910214,0.0390197799,0.6968586387
17103,66598.0,0.9048513427,0.0551494622,0.0777025019,0.5317908918
17105,68544.0,0.9028566888,0.0375141563,0.0609286523,0.6459583973
17107,64779.0,0.9149739716,0.0741935484,0.0363537514,0.5001250581
17109,50487.0,0.9427067759,0.059838295,0.0360669175,0.4252147735
17111,101205.0,0.937193606,0.0176726343,0.1644341432,0.1408959188
17113,79622.0,0.9580289899,0.0882768817,0.0656708186,0.2155784597
17115,61033.0,0.9304933052,0.1833563639,0.029595093,0.1703013519
17117,70256.0,0.9083056894,0.0126766323,0.0142896088,0.6551915849
17119,73194.0,0.9369975879,0.09521526,0.0440453355,0.1643916512
17121,54774.0,0.9034130485,0.0435470237,0.0235050309,0.4779347452
17123,70246.0,0.9101070714,0.0097577677,0.0391166652,1.0
17125,62146.0,0.9208047945,0.0075860417,0.0164497325,1.0
17127,58202.0,0.8925423393,0.0634653393,0.0290608301,0.5288305456
17129,80964.0,0.9416618245,0.012129831,0.0174000335,1.0
17131,77098.0,0.9331061693,0.0086524182,0.0379027572,1.0
17133,103032.0,0.9577442159,0.0062934462,0.0201104214,0.4149934214
17135,60599.0,0.8995154422,0.0379568377,0.0224487583,0.5323105204
17137,64268.0,0.8962673611,0.0639390168,0.0303982576,0.3619018684
17139,72928.0,0.8568784701,0.0092037373,0.0179193976,0.6961310753
17141,78109.0,0.9104012466,0.0127377353,0.1211937969,0.678728663
17143,62873.0,0.9335243884,0.1908367275,0.0615391549,0.1694274872
17145,62830.0,0.8534694148,0.0825245086,0.0380919865,0.7167343041
17147,81611.0,0.9603661097,0.009393323,0.0156754816,0.6410364062
17149,58733.0,0.9179075235,0.0103193418,0.0223120904,1.0
17151,58093.0,0.9173351936,0.0321014297,0.0183436741,1.0
17153,50863.0,0.8740490279,0.291386683,0.0405212788,1.0
17155,75469.0,0.9358664085,0.0064736558,0.0667146197,1.0
17157,70526.0,0.8788059428,0.0815025994,0.0398121751,0.7898750124
17159,57119.0,0.9191465983,0.0099431818,0.0205965909,0.4534876368
17161,63457.0,0.9022594671,0.117406327,0.1444957376,0.1154404446
17163,66007.0,0.9274493084,0.301982328,0.0517413094,0.1415578866
17165,53318.0,0.8876100998,0.0312595637,0.0225156298,0.6515062269
17167,73004.0,0.9370809356,0.1381149511,0.030120264,0.1888429941
17169,64444.0,0.9203104297,0.0531709491,0.0304470518,1.0
17171,67157.0,0.9318380425,0.006581741,0.0129511677,1.0
17173,68618.0,0.9449236894,0.0062718786,0.0133702839,0.765412101
17175,69523.0,0.9171066526,0.0137983902,0.0302798007,1.0
17177,64926.0,0.9147587964,0.0975756873,0.0587402853,0.4592202554
17179,73659.0,0.9400028285,0.0163963533,0.0281918466,0.2182225166
17181,64452.0,0.8703552136,0.0214795704,0.0539389212,0.6481094874
17183,51813.0,0.9073455095,0.1386144141,0.0579188299,0.3953739149
17185,64466.0,0.9281682914,0.0121549991,0.0201060135,0.3871138104
17187,64493.0,0.8657129672,0.0284213778,0.1109051591,0.4541728542
17189,74848.0,0.9318297267,0.0132978723,0.0162529551,0.9931691011
17191,56071.0,0.9015420064,0.0067254616,0.0223336083,0.705420607
17193,56768.0,0.8654449732,0.0067159167,0.0173867622,0.6348634431
17195,68641.0,0.9101236476,0.0163308745,0.1347755881,0.4355102261
17197,103587.0,0.9150335464,0.1231133906,0.2015618043,0.0487481242
17199,60704.0,0.92436135,0.0505651666,0.0300422751,0.4103465221
17201,65795.0,0.8864668624,0.1368386954,0.1605214259,0.0969405993
17203,90169.0,0.9479617048,0.0085150842,0.0216272692,0.7016143708
18001,66567.0,0.8696802339,0.0070546737,0.0487213404,0.7084252562
18003,66194.0,0.9032914535,0.1141720209,0.0920376636,0.1291870995
18005,79870.0,0.9214559729,0.0235110651,0.0952942157,0.3069409303
18007,64671.0,0.8958722609,0.0099667774,0.0712567304,1.0
18009,51799.0,0.8951814396,0.0099218027,0.026149836,0.4934775429
18011,103970.0,0.9499413375,0.0336311088,0.044377299,0.2719171892
18013,72141.0,0.9357752548,0.0079218041,0.0197406248,1.0
18015,71740.0,0.8972688202,0.0082338611,0.0467235079,0.9456810795
18017,54436.0,0.8578067985,0.0214517071,0.1886847555,0.4620015844
18019,71718.0,0.9074964771,0.0842691704,0.0699785601,0.2133071276
18021,62834.0,0.9078768796,0.0087301587,0.0207105064,0.5999773294
18023,66119.0,0.8635360413,0.0090131378,0.1980140544,0.4945766797
18025,56019.0,0.8558570483,0.0067062656,0.0175320943,1.0
18027,76778.0,0.7717641419,0.0220168766,0.0660803423,0.6129534765
18029,82578.0,0.9124982466,0.0082007224,0.0162452407,0.6021034353
18031,71150.0,0.9054315929,0.0072351225,0.0258343119,0.5267074645
18033,68933.0,0.9229363387,0.006516132,0.0322412779,0.5297353519
18035,55704.0,0.9094651378,0.0726222167,0.0331727816,0.2305925668
18037,74001.0,0.892343934,0.0076470858,0.1017085381,0.4759951417
18039,69262.0,0.8220093426,0.0538009486,0.2038234767,0.2325752124
18041,60483.0,0.8587629498,0.0138686756,0.0154952487,0.3845200444
18043,79008.0,0.9254550345,0.055649742,0.0440792486,0.3405148849
18045,63747.0,0.8965813434,0.0073516227,0.032096109,1.0
18047,77456.0,0.8872457257,0.0044163492,0.0125995843,0.8886109282
18049,60258.0,0.8729877314,0.0081049219,0.0553590726,0.6419433594
18051,67497.0,0.9072215314,0.0250729395,0.025042548,0.7472660628
18053,53872.0,0.8876396776,0.0748489426,0.0573716012,0.3856525782
18055,59626.0,0.881415365,0.0041030901,0.0223746634,0.8280037659
18057,121231.0,0.9729097032,0.0504002475,0.0573880989,0.0574068904
18059,94581.0,0.9349214448,0.0473736741,0.0386811503,0.276753507
18061,75443.0,0.9178155202,0.0083987402,0.0244963256,0.8563574923
18063,95323.0,0.9348747655,0.1193860087,0.0545477957,0.1524074879
18065,62048.0,0.9063259297,0.0285924503,0.0238917615,0.6206607515
18067,61548.0,0.9206724954,0.0803759946,0.0426095359,0.2566042698
18069,67462.0,0.9303617877,0.0094070308,0.0323536609,0.5211663303
18071,69753.0,0.8916868442,0.0117305209,0.1447912183,0.4777504954
18073,75027.0,0.9306731861,0.0065901297,0.0770240048,0.8326447536
18075,61030.0,0.8686680572,0.005840655,0.0449780351,0.6892274636
18077,62153.0,0.886319597,0.0192703291,0.0354247338,0.4736476906
18079,61695.0,0.8760161536,0.0078198537,0.0355513721,0.7488139644
18081,91676.0,0.9274532541,0.0357051347,0.0439819091,0.127345223
18083,57242.0,0.9009570167,0.0316883837,0.0310784586,0.454274847
18085,72726.0,0.8803275053,0.0109626201,0.098576477,0.4836365902
18087,81738.0,0.6057018096,0.0048891388,0.0462023615,1.0
18089,69182.0,0.9022313599,0.2330872277,0.212659659,0.0453679567
18091,64204.0,0.9049405168,0.110934059,0.0779993913,0.3652116673
18093,64958.0,0.9035098676,0.0056782894,0.020960873,0.6793672658
18095,62000.0,0.9048111124,0.0859974039,0.0568888486,0.2462248999
18097,66653.0,0.8769776139,0.2890403321,0.1386407286,0.0087944879
18099,70390.0,0.8611872441,0.0075077667,0.1207499137,0.7336153596
18101,60862.0,0.8871226484,0.0052541174,0.0160654744,1.0
18103,59297.0,0.8745328775,0.0497994464,0.0390655895,0.4555920138
18105,60553.0,0.948269638,0.0377416716,0.0493820959,0.2119626677
18107,69928.0,0.8894149346,0.0110958442,0.0634381562,0.5291280051
18109,74193.0,0.9043935827,0.0135196034,0.0233383861,0.5410002786
18111,70836.0,0.8835740072,0.0103868195,0.0848853868,1.0
18113,66072.0,0.826319577,0.009276829,0.1158971115,0.7769138378
18115,70757.0,0.9347727273,0.0086608927,0.0156562292,1.0
18117,59750.0,0.8575061764,0.0158366432,0.0190956309,1.0
18119,62247.0,0.8703964194,0.0071985881,0.016765744,1.0
18121,70989.0,0.8406274374,0.0205653967,0.0168648386,0.9937484526
18123,63098.0,0.9119291367,0.0321203602,0.0173356239,0.5429838289
18125,66716.0,0.9023678992,0.0075995374,0.0172641665,1.0
18127,79398.0,0.9380948454,0.0468360567,0.1197935381,0.2357936668
18129,76228.0,0.9326526057,0.0116613419,0.0158546326,0.7041075252
18131,70303.0,0.895334174,0.0088817117,0.0452967299,1.0
18133,73137.0,0.9082196103,0.0358559374,0.0236910054,0.72253989
18135,58725.0,0.9063252481,0.007185332,0.0543855302,0.6656599461
18137,66942.0,0.9062358219,0.0055770349,0.0208026825,0.8136575272
18139,65326.0,0.908388521,0.0100908174,0.0197067727,0.6138371538
18141,65977.0,0.9119480607,0.1327772239,0.1085109658,0.100193469
18143,62584.0,0.8403761387,0.0060023523,0.0279839397,0.6892224409
18145,71548.0,0.9036369386,0.0154982202,0.0573500475,0.5259127733
18147,77467.0,0.9307860725,0.0085384229,0.0369161226,1.0
18149,61259.0,0.8584749402,0.0062914763,0.0439110575,1.0
18151,71355.0,0.9212707764,0.0088781969,0.0451356073,0.6315957601
18153,59148.0,0.8809539539,0.0496218143,0.0197041962,0.7658644377
18155,60219.0,0.8239426313,0.0113783811,0.0162690887,1.0
18157,61681.0,0.9195068614,0.0632918768,0.1043264545,0.1565145959
18159,76188.0,0.9173313996,0.0077346618,0.0344126901,0.6154046487
18161,64648.0,0.8985881885,0.0120464649,0.0137673885,1.0
18163,60923.0,0.91371968,0.1029920472,0.0389855959,0.07956766
18165,58743.0,0.9260625058,0.0073295713,0.0165401829,0.5865664875
18167,50665.0,0.9041202005,0.068043296,0.0327169275,0.2476708148
18169,60668.0,0.9181343318,0.0091620476,0.0327355722,0.5014850207
18171,74750.0,0.9201986755,0.0042263442,0.0238318854,1.0
18173,87293.0,0.9549465032,0.0209209468,0.0254452154,0.2674105606
18175,55682.0,0.8807330109,0.0070200319,0.0163800745,0.7652047406
18177,52956.0,0.8834499349,0.0489210156,0.0402709937,0.3769927727
18179,69833.0,0.9330956376,0.0100157591,0.0413938014,0.6328601845
18181,67077.0,0.9029674988,0.006461452,0.1090821527,0.6139014906
18183,76326.0,0.9209327594,0.005900639,0.029503195,0.6908543184
19001,67873.0,0.9454061252,0.0098795507,0.0334280688,1.0
19003,63399.0,0.9257444403,0.0098758465,0.0174943567,1.0
19005,65586.0,0.9254395036,0.0167685093,0.0927241722,1.0
19007,54629.0,0.8968732234,0.0075088704,0.022444096,0.5722172607
19009,64977.0,0.9202772964,0.0072280448,0.0278279725,1.0
19011,86364.0,0.9470194986,0.0088385796,0.0201969298,0.8130987292
19013,61558.0,0.9325246399,0.0955384722,0.053191897,0.129666626
19015,77381.0,0.95728196,0.0122226401,0.0309890936,0.5316863185
19017,79410.0,0.9586148649,0.0140277394,0.0206267041,0.6334640628
19019,80402.0,0.9463629154,0.0090377459,0.0195253975,0.6707512764
19021,65671.0,0.8054620563,0.03666067,0.2955705742,0.430437497
19023,73033.0,0.9356846473,0.0043042619,0.0196161445,1.0
19025,63597.0,0.9371282923,0.0280651439,0.028269999,1.0
19027,61806.0,0.9501743896,0.0129616996,0.0373257967,0.5110789981
19029,59509.0,0.93013907,0.0056359482,0.0269611577,0.4966100404
19031,77777.0,0.9576751568,0.0092886023,0.0273740575,1.0
19033,63161.0,0.9447400202,0.0201858228,0.0572796302,0.203283326
19035,70197.0,0.9306990151,0.0130116329,0.053339078,0.5964144793
19037,73547.0,0.9319403715,0.0063475725,0.0444330074,1.0
19039,65162.0,0.8610158928,0.0120984564,0.1722987067,0.4580426754
19041,72021.0,0.9489769035,0.0104778632,0.049361032,0.3306274414
19043,65814.0,0.9080713818,0.007189581,0.0233956037,0.9907293317
19045,67095.0,0.9266453595,0.0311321981,0.0374799601,0.3014851485
19047,64170.0,0.839936012,0.0285393118,0.3104352713,0.5072919818
19049,102189.0,0.9608057646,0.0364922767,0.0697710006,0.2134874295
19051,66410.0,0.8030833917,0.0019631367,0.0257389028,1.0
19053,54409.0,0.8903334032,0.018134377,0.0383561644,1.0
19055,69339.0,0.9217505542,0.0100568182,0.0177272727,0.7190645014
19057,60599.0,0.939640141,0.0635767129,0.038480642,0.2697764071
19059,80922.0,0.9731311918,0.0086951706,0.0287992911,0.2681466418
19061,72749.0,0.9407460825,0.036738904,0.0336343503,0.3172486048
19063,61500.0,0.8766873957,0.0123523675,0.102828042,0.3849595228
19065,62103.0,0.9343065693,0.0147839667,0.0321186882,0.6990619714
19067,67582.0,0.9468585663,0.0255774501,0.0397363957,0.5357394254
19069,71041.0,0.9163241339,0.0083037975,0.1629367089,1.0
19071,72129.0,0.9496280553,0.0089811087,0.0351502013,0.9986373959
19073,63082.0,0.9300385109,0.0068732526,0.0349487418,1.0
19075,81093.0,0.9720572826,0.0062177003,0.0198643411,1.0
19077,78027.0,0.9489649785,0.0086737549,0.0316172356,1.0
19079,71731.0,0.9256214149,0.010251884,0.0991241768,0.4942482878
19081,67979.0,0.9156046814,0.0082901554,0.0587847386,1.0
19083,67903.0,0.936947265,0.0155500213,0.0598918788,0.7003199431
19085,63139.0,0.9351171224,0.0057941377,0.0219495569,1.0
19087,65627.0,0.9143890094,0.0244538804,0.055097969,0.5467239527
19089,67552.0,0.9180044067,0.0076791809,0.0341296928,1.0
19091,72307.0,0.9357798165,0.0091578947,0.0594736842,0.4436803168
19093,71238.0,0.9336301951,0.0060002927,0.0436118835,1.0
19095,75419.0,0.9474364498,0.0070813748,0.0367498932,1.0
19097,74910.0,0.9383253519,0.0090476683,0.0169579154,0.6870413138
19099,72394.0,0.9336962643,0.0216250429,0.0314881722,0.5783725174
19101,58146.0,0.9538383066,0.0202720207,0.0413212435,0.4119261955
19103,74665.0,0.9624465031,0.0845881367,0.0678990402,0.166551088
19105,74193.0,0.9439712537,0.029138756,0.0267464115,0.7379153347
19107,65656.0,0.9430824373,0.0082711317,0.0226951785,1.0
19109,66667.0,0.946825932,0.0090997499,0.0464017783,0.6329241975
19111,60053.0,0.9416322749,0.0268693382,0.0351297405,0.4094769781
19113,73079.0,0.9528008531,0.0679864787,0.0419221564,0.1369176592
19115,76120.0,0.8760495802,0.0164558166,0.1646532864,1.0
19117,59540.0,0.9253976062,0.0053732708,0.0325825997,1.0
19119,74790.0,0.9539635329,0.0037325544,0.0406523856,1.0
19121,84509.0,0.9529525145,0.0048906959,0.0243945554,0.6931955523
19123,71332.0,0.9402954452,0.0186065649,0.0266069306,0.4348355115
19125,79709.0,0.9458068558,0.0095943145,0.0229493633,0.4696534387
19127,64005.0,0.8702914671,0.0210426351,0.2546358774,0.3172671737
19129,82260.0,0.9562451057,0.0065605139,0.0402514864,0.6541701188
19131,74249.0,0.9292231131,0.006084807,0.0259555048,1.0
19133,59814.0,0.9359453747,0.0069468974,0.0280230778,1.0
19135,65959.0,0.9458629295,0.0089285714,0.0218550107,1.0
19137,60487.0,0.9262895865,0.0084820988,0.0397475096,0.4660212972
19139,66309.0,0.9048262481,0.0267895211,0.1918376048,0.418434139
19141,69914.0,0.9028814262,0.0124892949,0.0782900371,0.6382033564
19143,72569.0,0.8557491289,0.0108732017,0.1085647374,1.0
19145,60695.0,0.9318181818,0.025709338,0.0347675503,0.3375846427
19147,64952.0,0.9391347261,0.0141884222,0.0356413167,1.0
19149,74765.0,0.9419044345,0.0216546147,0.0677630044,0.605494591
19151,68654.0,0.9141217463,0.0103211009,0.0629300459,1.0
19153,79509.0,0.9249223439,0.0764148796,0.1055427457,0.0447338653
19155,70768.0,0.9104260055,0.0192103371,0.0948604299,0.2692517108
19157,73434.0,0.9464007223,0.0151194928,0.0384219368,0.4916943522
19159,61463.0,0.9344465059,0.0068935804,0.0239121069,1.0
19161,72395.0,0.9217642805,0.0060912657,0.0470782573,1.0
19163,77100.0,0.9415629206,0.0799850806,0.075606817,0.1327768522
19165,68695.0,0.9529924885,0.0082161613,0.0475182111,0.5987570237
19167,85985.0,0.906189963,0.005600618,0.1448159797,0.5660961195
19169,71539.0,0.9709466149,0.0298480206,0.0518941623,0.2584612887
19171,66288.0,0.9147936074,0.0100992099,0.1212499257,0.69285089
19173,59116.0,0.9204959883,0.0035449021,0.0892977718,1.0
19175,59066.0,0.930398426,0.0146984714,0.0415756761,0.3815290822
19177,57666.0,0.8925962488,0.0027525461,0.0196807047,1.0
19179,61642.0,0.8769051387,0.0382471706,0.1351873969,0.2939865113
19181,92695.0,0.9671582147,0.0109048093,0.0396340911,0.4707364082
19183,75136.0,0.9324748333,0.0100177305,0.0793439716,0.6966097939
19185,59904.0,0.8844393593,0.0062528595,0.0143358243,1.0
19187,63557.0,0.9232132072,0.0454707414,0.0672331095,0.3324414173
19189,65086.0,0.9469749412,0.0159871346,0.0614889793,1.0
19191,80932.0,0.9540607055,0.0080242241,0.0317940954,0.6017438964
19193,65984.0,0.8710341559,0.0533170994,0.1951562515,0.1612784474
19195,75449.0,0.9421857516,0.0098670687,0.0367274222,1.0
19197,74189.0,0.927033632,0.0078223767,0.2031447535,1.0
20001,54761.0,0.9353292013,0.0190138576,0.043425717,0.5333705892
20003,61742.0,0.8947368421,0.0107170196,0.026537382,1.0
20005,65818.0,0.9430265273,0.0422702298,0.0385864136,0.332823587
20007,59514.0,0.9401558074,0.0095799558,0.0424957013,1.0
20009,58568.0,0.9025270758,0.013052733,0.1681995261,0.4207821755
20011,54428.0,0.9100254345,0.0298445308,0.0335230428,0.4819637883
20013,58989.0,0.9504247104,0.0167567568,0.048,1.0
20015,76742.0,0.9405243279,0.0226424991,0.0613562187,0.4610121698
20017,62302.0,0.9257478632,0.0182241179,0.0860798759,1.0
20019,49510.0,0.8937318389,0.0143412011,0.0543770541,1.0
20021,55853.0,0.9089820359,0.0103390364,0.0295476016,1.0
20023,52424.0,0.8784946237,0.0064491654,0.093323217,1.0
20025,64998.0,0.9244060475,0.0037899296,0.1407688143,1.0
20027,66389.0,0.9320933497,0.0171100287,0.0387161234,0.4910681286
20029,60403.0,0.958123108,0.0150214592,0.039191326,0.4429805137
20031,67933.0,0.922012154,0.0086050176,0.0406011393,1.0
20033,51956.0,0.9516256939,0.0042296073,0.0749244713,1.0
20035,57549.0,0.9158603096,0.0273443218,0.1247474895,0.3199513734
20037,52285.0,0.9422337973,0.0214632133,0.0746826953,0.4067535667
20039,54613.0,0.9415285451,0.0114306785,0.0512536873,1.0
20041,63417.0,0.9241622575,0.0114936297,0.0596367579,0.6410716226
20043,63765.0,0.929217776,0.0301614841,0.0363005472,0.7167776298
20045,68561.0,0.9588636653,0.0436737369,0.0726319544,0.1463737004
20047,59055.0,0.8769462582,0.0142700329,0.2301500183,1.0
20049,48121.0,0.9202453988,0.0044588569,0.0429671666,1.0
20051,59048.0,0.9528078191,0.0133981257,0.0738979521,0.2437962259
20053,65396.0,0.9308035714,0.0596193173,0.061821614,1.0
20055,67640.0,0.7114803625,0.0401697539,0.5369935408,0.1948011437
20057,68766.0,0.7695481434,0.024426133,0.5978811065,0.1920552979
20059,67883.0,0.9222921272,0.014277512,0.0487655502,0.5206570242
20061,56899.0,0.9341399908,0.1549348018,0.1706280138,0.1162252647
20063,65003.0,0.9444444444,0.0069469835,0.0416819013,1.0
20065,53247.0,0.9536878216,0.0349326599,0.039983165,1.0
20067,65399.0,0.8112338858,0.0057366727,0.5372883727,0.202257889
20069,77786.0,0.7776847978,0.008183876,0.175866272,1.0
20071,70566.0,0.8963855422,0.0050804403,0.1752751905,1.0
20073,59179.0,0.9246543779,0.0088586031,0.0427597956,1.0
20075,72657.0,0.8583662714,0.0082068117,0.4357816988,1.0
20077,54423.0,0.8972267537,0.0082796688,0.0794848206,1.0
20079,67078.0,0.9182838284,0.0158190067,0.1231494747,0.4010698331
20081,68202.0,0.7482876712,0.0041322314,0.3107438017,1.0
20083,66919.0,0.9532467532,0.0223564955,0.0876132931,1.0
20085,73051.0,0.9398487881,0.0099491323,0.059470377,1.0
20087,81301.0,0.9518671564,0.0081300813,0.0362852622,0.9912891986
20089,56505.0,0.9378684807,0.004917457,0.0319634703,1.0
20091,103085.0,0.9647081544,0.0507137955,0.09431776,0.0403730018
20093,71237.0,0.8531583265,0.0091551138,0.3573110123,1.0
20095,54731.0,0.9063721658,0.0052363431,0.0437305406,1.0
20097,56222.0,0.8927710843,0.0164279697,0.049705139,1.0
20099,49874.0,0.8980205279,0.0397404704,0.052108678,0.5326496235
20101,64875.0,0.9503745318,0.0104643558,0.1209941138,1.0
20103,83086.0,0.9339957543,0.080773007,0.0777556934,0.3319817784
20105,53667.0,0.9618866127,0.0075342466,0.0438356164,1.0
20107,62431.0,0.9412530748,0.0114604462,0.034178499,1.0
20109,60216.0,0.9222743871,0.0090056285,0.0731707317,1.0
20111,55659.0,0.8917334978,0.019333582,0.2493783414,0.2516237298
20113,78908.0,0.9232765936,0.0153534279,0.0569937855,0.5354862191
20115,62268.0,0.9230960987,0.0107784431,0.0428571429,1.0
20117,64514.0,0.9095767731,0.0070472163,0.0279875164,1.0
20119,71572.0,0.8463654224,0.0176425467,0.2122219381,1.0
20121,85620.0,0.9476490753,0.0123159683,0.0435164213,0.7538241058
20123,60486.0,0.943851626,0.0036719706,0.0328728799,1.0
20125,53379.0,0.8987353853,0.0445891128,0.0824391521,0.4539477863
20127,65283.0,0.92889334,0.0065616798,0.044431946,1.0
20129,58093.0,0.8669897684,0.0112403101,0.2581395349,1.0
20131,74744.0,0.9367833434,0.0077120823,0.028277635,1.0
20133,53085.0,0.9232905574,0.0148508431,0.0616083009,0.4523390342
20135,64935.0,0.9154852781,0.0087853323,0.1390374332,1.0
20137,57738.0,0.9228434101,0.038836773,0.0609756098,1.0
20139,69666.0,0.9235871343,0.0087209302,0.0358316481,1.0
20141,54638.0,0.9524760383,0.0067114094,0.0312226437,1.0
20143,66956.0,0.9479526394,0.0147817119,0.0343760743,1.0
20145,64704.0,0.8942070666,0.0581129611,0.0984329089,0.4028466336
20147,59453.0,0.9235276883,0.0054610376,0.0375971435,1.0
20149,84434.0,0.9631361594,0.0133803351,0.0625047381,0.6553968755
20151,61078.0,0.922892392,0.0177273728,0.0889671878,0.2804411925
20153,63255.0,0.9541734861,0.006090134,0.0807957775,1.0
20155,62470.0,0.9118520964,0.0294973739,0.1056799519,0.3137904294
20157,54981.0,0.9482811074,0.0082126648,0.0293926951,1.0
20159,62922.0,0.9293924466,0.0157667387,0.1408207343,1.0
20161,63076.0,0.9611607513,0.0656844346,0.0963558444,0.0984866382
20163,59998.0,0.9218924972,0.0203013813,0.0353704479,1.0
20165,55709.0,0.9138418079,0.006360424,0.0522968198,1.0
20167,55415.0,0.9252394835,0.0142793396,0.0426892756,0.3923180392
20169,63587.0,0.9289908507,0.0322799352,0.1288372443,0.1428282047
20171,73436.0,0.891411936,0.0056887444,0.2129215766,1.0
20173,67435.0,0.8950568016,0.0871744606,0.1674081167,0.0741985858
20175,66540.0,0.7194716862,0.0258698438,0.6862866094,0.0965671098
20177,63612.0,0.9345386021,0.0762154985,0.140486987,0.168314618
20179,65350.0,0.9653495441,0.0057779612,0.0590177466,1.0
20181,57628.0,0.917433605,0.0107802875,0.1338124572,0.2510544964
20183,55568.0,0.9489297784,0.004735376,0.0272980501,1.0
20185,54808.0,0.9262622594,0.0069071374,0.1383985674,1.0
20187,74063.0,0.763803681,0.006838506,0.4455549711,1.0
20189,68600.0,0.7379564284,0.0078786685,0.3868426236,1.0
20191,63049.0,0.940249291,0.0132533357,0.0612966777,0.6264855688
20193,69774.0,0.9345623987,0.0120788303,0.0831532104,0.310592686
20195,56168.0,0.9643024894,0.0058586598,0.033687294,1.0
20197,69893.0,0.962800418,0.0082187899,0.0515799915,1.0
20199,61157.0,0.9217821782,0.0106030484,0.0742213386,1.0
20201,58302.0,0.9447499345,0.0054505814,0.0474200581,1.0
20203,61825.0,0.8778156997,0.0124879923,0.2949087416,1.0
20205,54164.0,0.9161898351,0.0069195896,0.0417561441,1.0
20207,40327.0,0.911365564,0.0060995185,0.0292134831,1.0
20209,61088.0,0.8190381895,0.2003618081,0.3430884373,0.0528878253
21001,45974.0,0.8578791192,0.0264742525,0.0340012458,0.7345394911
21003,56483.0,0.8495460441,0.013814944,0.028685515,0.7747717117
21005,78336.0,0.9169763817,0.0218583675,0.0283589973,0.4322069428
21007,69716.0,0.9366835994,0.0367976787,0.0159588499,1.0
21009,51068.0,0.8653447382,0.0391485958,0.0440810523,0.6210183208
21011,54247.0,0.8138716113,0.0137957611,0.019344894,1.0
21013,35566.0,0.7936800762,0.0289488356,0.0120941802,0.5926878865
21015,89313.0,0.9358580689,0.0522150097,0.0596529439,0.1146593316
21017,61530.0,0.8656823911,0.0548326214,0.0784742227,0.4435611298
21019,57112.0,0.8904756353,0.0282900514,0.019299126,0.2379146723
21021,62541.0,0.9143781071,0.0792564864,0.0465664128,0.3536290586
21023,64458.0,0.8816466552,0.009494422,0.0148350344,1.0
21025,40093.0,0.8062757202,0.0057901644,0.0113487223,1.0
21027,59267.0,0.8640817469,0.0227703087,0.0173736035,1.0
21029,75402.0,0.8957363557,0.0203268798,0.035127205,0.2945254631
21031,56395.0,0.8196589076,0.0076767677,0.0562424242,1.0
21033,52719.0,0.8984667802,0.0541789499,0.0181658832,0.5210688592
21035,51424.0,0.9138152267,0.0434169279,0.0369644723,0.4890440126
21037,80573.0,0.9310856042,0.0293163433,0.0261787368,0.1711074821
21039,58639.0,0.9090909091,0.0174319728,0.03125,1.0
21041,62710.0,0.8394751535,0.0183853645,0.0742695913,0.4938945421
21043,50853.0,0.8278522572,0.0076234544,0.0120609876,0.796522327
21045,42914.0,0.7786736728,0.0113707752,0.0353687649,1.0
21047,54934.0,0.8688098561,0.2115865171,0.090543092,0.2907296421
21049,72386.0,0.8994112441,0.0444992494,0.0425959683,0.2899221032
21051,36330.0,0.7407279983,0.0389861564,0.0228013029,1.0
21053,39877.0,0.7924901186,0.0077612593,0.0356362046,1.0
21055,53894.0,0.8377781285,0.0133719634,0.0207265433,1.0
21057,43127.0,0.8197137581,0.0321666667,0.021,1.0
21059,63213.0,0.9090175044,0.0491600456,0.0420750449,0.260173068
21061,56545.0,0.8402678669,0.0127731362,0.0178341902,1.0
21063,43501.0,0.7494203674,0.0425120773,0.0171152519,1.0
21065,45129.0,0.7811915313,0.0057405281,0.0160734788,0.7155263715
21067,67320.0,0.9238338853,0.1562185698,0.0935612237,0.0292742661
21069,50804.0,0.8341858894,0.0159953374,0.0181323663,1.0
21071,40604.0,0.8106281739,0.0073787874,0.0094704122,0.7821490179
21073,66920.0,0.924778639,0.0963132213,0.0439160406,0.2659048136
21075,41088.0,0.8118505417,0.2396655096,0.0287156832,0.6419033001
21077,66789.0,0.8444111278,0.0171747043,0.0524340309,1.0
21079,62980.0,0.8582549465,0.0222670929,0.0295024959,1.0
21081,68309.0,0.8879734383,0.0105000195,0.0339201374,1.0
21083,53947.0,0.887009282,0.039247415,0.0821699899,0.665584327
21085,54543.0,0.8504754618,0.0127120224,0.0170363467,0.7544284633
21087,48153.0,0.8496644295,0.0172654343,0.0208405999,1.0
21089,59151.0,0.9029362186,0.0091138809,0.0123789785,0.4268394416
21091,70998.0,0.8657226563,0.0116591928,0.018161435,0.9142385926
21093,65472.0,0.9242163557,0.1169203638,0.0662581386,0.3349713646
21095,36916.0,0.7924971332,0.0197836045,0.0121228874,0.7708993329
21097,63689.0,0.8911425099,0.0199330415,0.0236415143,0.6579820244
21099,51921.0,0.7893699295,0.0416751166,0.0218515514,0.8832434674
21101,58742.0,0.8911225474,0.0836374351,0.0347242685,0.3653026142
21103,66530.0,0.860911271,0.0271708508,0.0433857134,1.0
21105,56348.0,0.8720219914,0.0834270295,0.0269844839,1.0
21107,55080.0,0.8772611465,0.0650804603,0.0265530059,0.5304581379
21109,44713.0,0.7328842756,0.0063339438,0.0125915751,1.0
21111,64977.0,0.9151565716,0.2262829213,0.0850424273,0.0163275941
21113,75155.0,0.9050674928,0.0473853536,0.0479488158,0.2473250175
21115,45126.0,0.8234884898,0.0043859649,0.0100379816,0.7380511464
21117,79604.0,0.9246257099,0.0498829682,0.0469994922,0.0671994038
21119,42345.0,0.727930683,0.010322864,0.0101032286,1.0
21121,37640.0,0.7573281135,0.0137275962,0.0134926495,0.6204749445
21123,66310.0,0.8597694579,0.0276416389,0.0337842253,1.0
21125,52093.0,0.8308735632,0.0087683266,0.0176472447,0.6099212624
21127,46200.0,0.7979573712,0.00575,0.0114375,0.7602037685
21129,37939.0,0.7422568375,0.0346907994,0.0117921294,1.0
21131,39855.0,0.8139216224,0.0057785888,0.0089213301,1.0
21133,41737.0,0.7980363732,0.0075894824,0.0080301621,1.0
21135,46340.0,0.8064480634,0.0060124875,0.0086333153,1.0
21137,51359.0,0.8319796051,0.0221989022,0.0228446884,0.9989289392
21139,57586.0,0.895210045,0.0086594692,0.0260908682,0.953420342
21141,61186.0,0.8698914013,0.0583742884,0.0382561963,0.7579104695
21143,63989.0,0.9013764723,0.0804397518,0.0235114836,1.0
21145,60801.0,0.9284033613,0.1101471199,0.035267248,0.2682430939
21147,36348.0,0.7746218487,0.0596480938,0.0250439883,1.0
21149,58403.0,0.9209573296,0.0104926,0.0224210294,1.0
21151,65438.0,0.912533478,0.0434589342,0.0358195069,0.3618515442
21153,40162.0,0.7489204195,0.0038297114,0.006323477,1.0
21155,54466.0,0.8630894552,0.065291923,0.0365029747,0.6829068995
21157,61426.0,0.9231970163,0.0060483871,0.0208228327,0.8518272845
21159,35522.0,0.7372850348,0.0831808199,0.0345900439,1.0
21161,56706.0,0.8516220974,0.0587851078,0.0247609999,0.5348714953
21163,69228.0,0.9057981389,0.0378015997,0.0440742093,0.9059760691
21165,44734.0,0.7835904315,0.0100222717,0.0146356984,1.0
21167,67348.0,0.9108587918,0.0337706196,0.0343334632,0.5675544366
21169,40690.0,0.8426825882,0.0170768937,0.0263308529,1.0
21171,44605.0,0.8244871795,0.0205200778,0.0463470724,1.0
21173,54848.0,0.8495310729,0.0243628843,0.0357205454,0.504873017
21175,44587.0,0.8109370439,0.048379192,0.0336063852,1.0
21177,52291.0,0.8461573546,0.0365414813,0.0211332112,0.6351849457
21179,65928.0,0.9189639737,0.0493400377,0.0291221454,0.6216782918
21181,52978.0,0.8374203514,0.0089773614,0.0264116576,1.0
21183,55512.0,0.8382023869,0.0104122577,0.0468128333,0.7619888945
21185,120818.0,0.941405141,0.0409643361,0.0508670191,0.2516307483
21187,64868.0,0.8409494796,0.0132590825,0.0261645894,1.0
21189,35000.0,0.7298115747,0.0097475631,0.0172456886,1.0
21191,71116.0,0.8474492811,0.009790682,0.0178933153,1.0
21193,42519.0,0.7950609694,0.0160689935,0.0104301036,0.7257752959
21195,46402.0,0.8082315144,0.0081646508,0.0126489557,0.847841279
21197,46014.0,0.826490216,0.0120259019,0.0168054271,1.0
21199,54487.0,0.8490675865,0.0122373132,0.0322702482,0.5259095242
21201,55507.0,0.8520475561,0.0116731518,0.0194552529,1.0
21203,49406.0,0.8136419001,0.0048795553,0.0142680667,1.0
21205,51712.0,0.8729434536,0.017042894,0.0240075382,0.6198605142
21207,47397.0,0.8178837079,0.0093549975,0.0453525904,1.0
21209,81956.0,0.9430028889,0.0580042548,0.058802021,0.3230338553
21211,76693.0,0.881727437,0.0647076643,0.1089770777,0.5176323728
21213,60371.0,0.8916049936,0.0887843526,0.0372369398,0.4060426661
21215,97726.0,0.9326978211,0.0183624763,0.0280064293,1.0
21217,52832.0,0.8869030349,0.0524146277,0.0311991831,0.5085501287
21219,57288.0,0.7981308411,0.0727549224,0.0555466624,1.0
21221,57844.0,0.8753817358,0.0698030482,0.028046489,1.0
21223,65885.0,0.8563838619,0.0068548856,0.0310212618,1.0
21225,60771.0,0.9203144921,0.0729436899,0.0189226309,1.0
21227,62108.0,0.8892481907,0.0961547926,0.0705411695,0.2730502252
21229,59071.0,0.8916617386,0.051194261,0.0438575039,1.0
21231,42721.0,0.7940027002,0.017773238,0.0438202247,0.6583482485
21233,59260.0,0.8661164603,0.0371680025,0.0695426686,1.0
21235,43910.0,0.8310407475,0.0093957909,0.0205295316,0.6366038353
21237,40949.0,0.6598579041,0.0041388093,0.0127347978,1.0
21239,78344.0,0.9138684575,0.0465747396,0.0740428341,0.3724461315
22001,43133.0,0.8068257036,0.1751845492,0.0348209386,0.6168716132
22003,47937.0,0.7925916687,0.2041877713,0.0789616498,0.7054945055
22005,89558.0,0.8866705534,0.246870062,0.0836726632,0.1083636364
22007,54511.0,0.7821775453,0.2846230159,0.041765873,0.6449926327
22009,44650.0,0.7704079714,0.2885076026,0.0414236617,0.831657975
22011,57108.0,0.8723360823,0.1108154343,0.0405137535,0.7297053271
22013,39743.0,0.8602581219,0.4058709364,0.0235322659,1.0
22015,71061.0,0.9069134458,0.2427520321,0.0823298278,0.2716744598
22017,50773.0,0.875025113,0.498511392,0.0395121606,0.1596565874
22019,63912.0,0.8939433194,0.2441929515,0.0535234908,0.2504047789
22021,48050.0,0.828009828,0.1661518799,0.0296091171,1.0
22023,66189.0,0.8813278008,0.0419463087,0.0413171141,1.0
22025,40139.0,0.7421546425,0.2782267649,0.0639410506,1.0
22027,39576.0,0.7937948923,0.4877103146,0.0350402341,1.0
22029,43136.0,0.8356275963,0.3887381275,0.0296246043,0.341360304
22031,53165.0,0.8500351903,0.3393449878,0.0332300656,0.7910637028
22033,60205.0,0.9082483455,0.4598799912,0.0675211331,0.0685820995
22035,34604.0,0.6907453936,0.6861912432,0.0234294919,1.0
22037,58360.0,0.8469139239,0.4067294191,0.0204898851,1.0
22039,46178.0,0.7912014823,0.2690999559,0.050450337,0.7497063369
22041,42066.0,0.7850295268,0.3123671247,0.0173710137,0.7399615657
22043,58560.0,0.8148689901,0.1552188399,0.0620692803,1.0
22045,51770.0,0.8318338796,0.3198983136,0.0557058189,0.3243718629
22047,54265.0,0.8102585881,0.4631124017,0.0522672789,0.5847028868
22049,51215.0,0.8566304861,0.2593245626,0.0351281704,0.6510544874
22051,61168.0,0.865504896,0.2649954834,0.1892113605,0.0157130185
22053,62563.0,0.8274042951,0.1608721833,0.0266218743,0.7092093023
22055,64181.0,0.899163566,0.2686286286,0.0654054054,0.0907992869
22057,60107.0,0.8285011688,0.1370455311,0.0588074398,0.2336787724
22059,57556.0,0.8038948393,0.1241216216,0.0902702703,1.0
22061,47851.0,0.8939078414,0.3970434928,0.0377173596,0.4041036449
22063,73745.0,0.8755863672,0.1031269773,0.0657830764,0.3875683502
22065,34704.0,0.7611093602,0.6251351936,0.0279039585,0.2853149646
22067,37255.0,0.8307100592,0.4814861198,0.0184930077,0.5082133521
22069,47476.0,0.8733107345,0.4052244358,0.038797498,0.4952685592
22071,53729.0,0.8914638151,0.5611639607,0.0811866995,0.0043047211
22073,52904.0,0.879532859,0.3760788993,0.0369998985,0.2519455253
22075,71460.0,0.8564115856,0.2099079782,0.1005092469,0.3318732724
22077,57045.0,0.8153739612,0.33975,0.0364,0.6727044995
22079,52379.0,0.8741758947,0.3161967369,0.0427372089,0.3977603962
22081,46817.0,0.8124009509,0.3961392061,0.0299075585,1.0
22083,45093.0,0.7951360569,0.3523741883,0.023538961,1.0
22085,53183.0,0.8568030133,0.1623299553,0.036291427,1.0
22087,52139.0,0.8126802142,0.2529968738,0.1395767267,0.0537656521
22089,81482.0,0.8906579322,0.2479257211,0.0835835638,0.1777959619
22091,46835.0,0.811016271,0.5019491368,0.0279376276,1.0
22093,64089.0,0.8862292718,0.4666249805,0.0205825647,0.495790412
22095,63183.0,0.8673784363,0.5792836937,0.0956758941,0.1172870024
22097,43051.0,0.805813605,0.4152018069,0.0318054601,0.5919554156
22099,54516.0,0.8287860252,0.2934171612,0.0375854437,0.5220893619
22101,51179.0,0.8058614726,0.3037721815,0.0990755499,0.1951787232
22103,78484.0,0.9140412922,0.1451178048,0.0822147955,0.2298219753
22105,55432.0,0.8386994771,0.3033665546,0.0590668096,0.459870679
22107,35670.0,0.8085991678,0.5382571732,0.0252391073,1.0
22109,62566.0,0.8326575128,0.181950664,0.0726721742,0.2070268297
22111,52753.0,0.8638814016,0.2288619855,0.0592736077,1.0
22113,53711.0,0.8406701968,0.1428621561,0.0459889107,0.5593368085
22115,55872.0,0.8756409403,0.1314162162,0.0951783784,0.5782974359
22117,45073.0,0.8408695091,0.3018834281,0.0338571269,0.7576270814
22119,47088.0,0.86242308,0.3325103581,0.0245473636,0.4971190521
22121,73173.0,0.8940220187,0.4103516592,0.0444350103,0.2610390088
22123,47030.0,0.8368804882,0.1444813901,0.0382923952,1.0
22125,74368.0,0.8459494213,0.4296402316,0.0405959274,1.0
22127,48430.0,0.843526855,0.2820823245,0.0782384988,0.6604143948
23001,63456.0,0.9246509604,0.0571880631,0.0232496814,0.453450184
23003,56361.0,0.9118232881,0.010200294,0.0184555537,0.8563147306
23005,96255.0,0.965015732,0.0387099894,0.0288173291,0.3764555266
23007,56509.0,0.938439612,0.006714675,0.0178409238,1.0
23009,72647.0,0.9495393537,0.0118529526,0.0195662173,1.0
23011,64643.0,0.948388305,0.0085573515,0.0233932374,0.6223289821
23013,70533.0,0.9429517382,0.0086878005,0.0200356297,0.6422291723
23015,74569.0,0.9485613071,0.0080258581,0.0146821158,0.9129608082
23017,60220.0,0.9261008753,0.0060095151,0.0176779902,0.8276822957
23019,65215.0,0.9453120066,0.0108942001,0.0217562069,0.5706213576
23021,51787.0,0.9199791961,0.0066338785,0.0209310305,1.0
23023,83180.0,0.9477371643,0.00983659,0.0209527364,0.6138586882
23025,56422.0,0.9285245213,0.0065299598,0.016763479,0.8487826139
23027,68345.0,0.9370451966,0.0056376169,0.0169128508,0.9052187745
23029,48104.0,0.9115757706,0.0074156235,0.0268420219,1.0
23031,85445.0,0.950962645,0.0138892701,0.0232448556,0.5197903497
24001,54759.0,0.8972502712,0.0771483359,0.0206769432,0.3498517018
24003,116956.0,0.9377947167,0.1920374313,0.1073157277,0.0748239302
24005,86807.0,0.9169863554,0.3110915908,0.0795060512,0.0712914041
24009,124486.0,0.9490818675,0.1397474875,0.0549679081,0.6189064807
24011,63491.0,0.8400770713,0.1324085375,0.0940076802,0.849547953
24013,113885.0,0.9487405407,0.0433426367,0.0531422845,0.4223875158
24015,87592.0,0.9154195416,0.0818286774,0.0568551745,0.4834803567
24017,105141.0,0.9432447107,0.5264721788,0.0824838783,0.2841486763
24019,63087.0,0.8681754251,0.2842239727,0.0636880684,0.5395776336
24021,114089.0,0.934170605,0.1155556919,0.1319672383,0.2754115495
24023,65991.0,0.8985021862,0.0113640362,0.0147415825,0.8421162258
24025,104553.0,0.9462798891,0.1558395429,0.0590755883,0.2092869954
24027,140113.0,0.9525118654,0.2076243821,0.0885443793,0.1187751454
24029,69781.0,0.9180421989,0.1345386727,0.0594726208,0.6962704448
24031,125076.0,0.912479471,0.1931762141,0.2109810916,0.0267941295
24033,97171.0,0.8673856583,0.5985909249,0.2275566533,0.0243455083
24035,112527.0,0.9359355807,0.0592100251,0.0567151672,0.590267474
24037,102345.0,0.9236940469,0.1553161406,0.0627336682,0.5674433321
24039,51841.0,0.8495325454,0.3997189884,0.0470092332,0.5972786353
24041,80371.0,0.9196773062,0.122332972,0.0963699336,0.5194531791
24043,71685.0,0.8867542228,0.1316449847,0.0843832029,0.3222714198
24045,70975.0,0.8939784229,0.2714026718,0.0721851145,0.2686990771
24047,75459.0,0.936963175,0.1223163685,0.0402429344,0.4095882577
24510,58616.0,0.8720281969,0.5993429328,0.0820449403,0.0
25001,89448.0,0.9638265609,0.0366366755,0.0375989816,0.0279349858
25003,74535.0,0.9369589507,0.0341828447,0.0590689019,0.3468680731
25005,81047.0,0.8624790141,0.0674015753,0.1043154401,0.1044388812
25007,94059.0,0.9524586051,0.0511071617,0.033959364,0.3172815534
25009,96303.0,0.9014012204,0.0372564002,0.2446805228,0.0515454497
25011,71256.0,0.9392193789,0.0148653227,0.0553673273,0.5485365133
25013,67155.0,0.8717729885,0.0811573548,0.2741483105,0.0952739763
25015,80839.0,0.9548463877,0.0300303996,0.0745590823,0.285469601
25017,123288.0,0.934359601,0.0548710799,0.0939147216,0.0353774076
25019,108671.0,0.9599043062,0.0966491277,0.1704513985,0.1574184497
25021,123449.0,0.9435940236,0.0807961258,0.0600984504,0.0202222923
25023,107828.0,0.9323548724,0.1183617656,0.0503597929,0.1246507755
25025,91386.0,0.8760720139,0.1941620848,0.2340228389,4.51164e-05
25027,93561.0,0.9131005679,0.0550408022,0.1394171648,0.2117581147
26001,53033.0,0.9289066166,0.0080083897,0.0173515111,0.9290842923
26003,62543.0,0.9362386663,0.076053443,0.0182710974,1.0
26005,78772.0,0.9205231993,0.0134821509,0.0837303898,0.6757813148
26007,53480.0,0.9309769769,0.0070232494,0.0171256573,0.4663922233
26009,72369.0,0.9439662262,0.0051210619,0.0222049244,1.0
26011,56213.0,0.8862433862,0.0065368108,0.0238362496,0.8754166111
26013,55856.0,0.9209467075,0.0778580024,0.0197352587,1.0
26015,75377.0,0.9308438932,0.0085882648,0.0377695587,0.8711853003
26017,59523.0,0.9182945654,0.0184780488,0.0600780488,0.28939108
26019,65594.0,0.9391765887,0.0075375522,0.0254324603,0.855147468
26021,62758.0,0.9232258662,0.135707765,0.0642318125,0.3009668472
26023,57641.0,0.8864786463,0.0247926573,0.0701094769,0.6941509518
26025,58617.0,0.9091424583,0.1088658279,0.0607801089,0.3234234234
26027,68720.0,0.9019491388,0.0475194609,0.0460090624,0.7410300645
26029,78405.0,0.9531757305,0.005925303,0.0222867847,0.6980118216
26031,61488.0,0.8969056679,0.0099431818,0.0186962531,0.7884983776
26033,59852.0,0.9283814441,0.0605834988,0.0232461946,0.511295365
26035,47793.0,0.8817916431,0.0084940605,0.023789756,0.8769769251
26037,91911.0,0.955165727,0.0194932263,0.0533492223,0.5131938126
26039,59220.0,0.9143670824,0.0076820801,0.024375831,0.9983831229
26041,58072.0,0.9243419845,0.0047023648,0.0153030715,0.4266319811
26043,61704.0,0.9578859148,0.0054653221,0.0205526903,0.3524877635
26045,73130.0,0.9451221081,0.0699411873,0.0646939901,0.3798488665
26047,77292.0,0.9601277804,0.0077367172,0.0217155584,0.6313027674
26049,60192.0,0.9089138716,0.1988857398,0.0436015959,0.181991625
26051,51395.0,0.8891620462,0.0055699532,0.0232081383,1.0
26053,48043.0,0.9582366589,0.0078740157,0.0208802025,0.6408205841
26055,82824.0,0.9512586961,0.0083176901,0.034587901,0.4317289317
26057,60251.0,0.9186584426,0.0624395668,0.0771610907,0.5829362324
26059,58676.0,0.904941759,0.0066905039,0.0291091759,0.7673676387
26061,56074.0,0.9451771518,0.0100800553,0.0188036916,0.4521024598
26063,59319.0,0.91885122,0.0072751964,0.0289714489,1.0
26065,63483.0,0.9349916531,0.1173318999,0.0873357996,0.1456756757
26067,70177.0,0.9136557824,0.0547221635,0.0544957894,0.6101730435
26069,52734.0,0.8907571589,0.0086706341,0.0297166279,0.4975234774
26071,49137.0,0.9344262295,0.0073253833,0.0237649063,1.0
26073,53213.0,0.9195171026,0.0253283009,0.0524189775,0.5226573904
26075,64070.0,0.9278817488,0.0775541951,0.041706393,0.4728433708
26077,67671.0,0.943293164,0.1131819309,0.0607364186,0.2163870524
26079,60410.0,0.8992745957,0.008436993,0.0241211466,1.0
26081,79715.0,0.9228306972,0.0991163583,0.1169585426,0.1618863359
26083,54912.0,0.9752391671,0.0032228361,0.0161141805,1.0
26085,50660.0,0.8261276242,0.0969844511,0.0909376472,1.0
26087,71515.0,0.9233229828,0.0139024692,0.0520022028,0.8594996558
26089,91727.0,0.965828751,0.0057343933,0.0435727008,0.8758351643
26091,65707.0,0.9137727652,0.0225389664,0.0911402789,0.5686108848
26093,103737.0,0.9615109611,0.0068765025,0.0294779855,0.395128594
26095,51664.0,0.9274707212,0.1305361305,0.0208236208,1.0
26097,51353.0,0.9217837964,0.0411022026,0.026172703,0.7467232786
26099,73929.0,0.9075524203,0.1385268672,0.0325642412,0.0320999254
26101,57434.0,0.9030406454,0.0341131367,0.0364994914,0.6766938319
26103,62319.0,0.9550384806,0.0150300751,0.0209107599,0.4549888665
26105,59543.0,0.9336165445,0.0087794506,0.050721904,0.5909748038
26107,59260.0,0.917326363,0.02347989,0.0307063432,0.7447751423
26109,55853.0,0.9239111821,0.0084985836,0.0267596426,0.6316909199
26111,73722.0,0.9503442485,0.0136365259,0.0359237973,0.4321627901
26113,66397.0,0.9105268048,0.0056168768,0.035268761,1.0
26115,73617.0,0.9175526616,0.0290625302,0.0453545745,0.3772132111
26117,64912.0,0.8825638445,0.0425800393,0.0451917716,0.8459032636
26119,47374.0,0.8941556693,0.0056829924,0.0194255011,1.0
26121,61223.0,0.9249396667,0.1326148026,0.0640787476,0.2601351351
26123,61951.0,0.8974711226,0.0110354543,0.0634147296,0.896654528
26125,92230.0,0.9493149963,0.1365061798,0.0514811567,0.0554223769
26127,61907.0,0.9059275637,0.0100811682,0.1555909714,1.0
26129,51390.0,0.8967446592,0.0069556932,0.0227251072,1.0
26131,51306.0,0.9411040427,0.0045716221,0.0194717237,1.0
26133,55388.0,0.8965664973,0.0106729533,0.0227603943,1.0
26135,49622.0,0.8611870677,0.0072557051,0.0228203628,1.0
26137,69029.0,0.9394253878,0.0069522663,0.0214782305,0.6621896297
26139,81772.0,0.9410412348,0.0178394842,0.104007621,0.2119885213
26141,54675.0,0.9177410044,0.0061723749,0.0183665788,1.0
26143,54305.0,0.9079748164,0.0062020702,0.0206176927,0.4387228782
26145,59188.0,0.910676561,0.1818065629,0.0933582558,0.3261503019
26147,68831.0,0.9209202075,0.0241377585,0.0379673993,0.3950605738
26149,65540.0,0.8630634998,0.0237852755,0.0956338907,0.6371945716
26151,57382.0,0.9069847499,0.0061682521,0.0437722949,0.9364457905
26153,56019.0,0.897283395,0.0057675788,0.0184071665,1.0
26155,63988.0,0.926683261,0.0067916207,0.0313561191,0.5978353453
26157,64273.0,0.9220045605,0.0124181274,0.0388823685,0.8990491908
26159,66174.0,0.8883264188,0.0334837331,0.1279981002,0.7805178139
26161,84704.0,0.9576989663,0.1196817824,0.0582487087,0.1719479501
26163,57418.0,0.8789949372,0.3755245782,0.0699664053,0.0089681923
26165,59697.0,0.900332926,0.0080007034,0.0283981009,0.6374543403
27001,59844.0,0.9356230032,0.0048441187,0.0146565644,1.0
27003,96661.0,0.9421561847,0.0941598804,0.0600256148,0.1590246423
27005,71719.0,0.9331614276,0.0065187201,0.0211149846,0.7091208822
27007,65855.0,0.9279460114,0.0077486194,0.0257288411,0.6787877477
27009,74677.0,0.9232276322,0.0579807692,0.0379807692,0.450349211
27011,62245.0,0.9329039184,0.0072477963,0.0287952987,1.0
27013,67236.0,0.94979059,0.0519669743,0.0484387053,0.3357304086
27015,71884.0,0.9287444376,0.005696894,0.0533400968,0.4815143563
27017,75512.0,0.9352189074,0.0191717583,0.0205838425,0.6350705665
27019,129437.0,0.9631189559,0.0227900988,0.0514510567,0.2465067993
27021,61490.0,0.9444223548,0.0048336831,0.0199071424,1.0
27023,75774.0,0.9010355378,0.0089549786,0.1060630956,0.5720749325
27025,91338.0,0.9556607515,0.0153925002,0.0306141625,0.6565585207
27027,72172.0,0.9500037329,0.0549065773,0.0508014127,0.2579227778
27029,62435.0,0.8852739726,0.0070569181,0.0108745951,1.0
27031,62435.0,0.9729970989,0.0157829402,0.0340485902,1.0
27033,63898.0,0.9240898528,0.0133404011,0.1229790618,1.0
27035,74540.0,0.9456808829,0.0079643945,0.0171293043,0.6871436565
27037,100012.0,0.9549893899,0.0899047917,0.0883246916,0.0498110857
27039,87661.0,0.9495432486,0.0082037178,0.0542962822,0.6334403604
27041,76508.0,0.9602583209,0.0069581759,0.0241033214,0.5139978465
27043,65264.0,0.9204602806,0.0088661429,0.0845527283,1.0
27045,69157.0,0.9282988004,0.0062726512,0.0204906607,1.0
27047,66215.0,0.89865389,0.0140258889,0.1081763067,0.4176403949
27049,83979.0,0.9366533161,0.0143228896,0.0418444884,0.6691185743
27051,72935.0,0.9428901734,0.007981756,0.0280175924,1.0
27053,93642.0,0.9396493453,0.1431247632,0.0785238573,0.023880958
27055,77043.0,0.9443122677,0.0079108815,0.0160370251,0.7101841533
27057,72166.0,0.945698211,0.0047894451,0.0282848364,1.0
27059,85799.0,0.9229344583,0.0114862674,0.0267935714,0.5928284916
27061,65386.0,0.946524226,0.0053124656,0.0159373967,0.7701159639
27063,72413.0,0.938930226,0.0105857445,0.0522230064,1.0
27065,70384.0,0.9116174694,0.0069268763,0.0196361884,1.0
27067,69160.0,0.9082891224,0.0601876155,0.1463949056,0.4296167566
27069,72224.0,0.9588532884,0.0103448276,0.0290640394,1.0
27071,64009.0,0.9350635008,0.0075738235,0.0158284401,0.454899685
27073,67947.0,0.9518793887,0.0063348416,0.0371040724,1.0
27075,71573.0,0.9316384868,0.0055274067,0.0173192077,1.0
27077,65778.0,0.9609704641,0.0092641609,0.0190577025,1.0
27079,78885.0,0.950294861,0.0088190053,0.0685011109,0.857745693
27081,65021.0,0.9426686961,0.0038036588,0.0271689911,1.0
27083,69161.0,0.9185379546,0.0317379164,0.0806229598,0.4654319522
27085,75691.0,0.9348990683,0.0085089031,0.0777490825,0.4449974164
27087,54177.0,0.867281106,0.0049242424,0.0395833333,1.0
27089,69843.0,0.9277777778,0.0066969353,0.048354143,1.0
27091,59843.0,0.9467320959,0.0071221448,0.077173526,0.5811735331
27093,75351.0,0.9370441937,0.0056619838,0.0454235845,0.7192735043
27095,70512.0,0.9129737531,0.0069639406,0.0253399934,0.8184738652
27097,68639.0,0.928295712,0.0066277372,0.0195036496,0.7232872685
27099,66578.0,0.896899838,0.0392181337,0.1366518548,0.3634864723
27101,74801.0,0.9086836664,0.0042241272,0.0539197416,1.0
27103,74482.0,0.9495996441,0.0434846095,0.0562467146,0.2521042549
27105,63576.0,0.7779637581,0.0436323468,0.346573388,0.3808882907
27107,62716.0,0.9335719079,0.0072681308,0.0592510665,1.0
27109,89431.0,0.9503319023,0.0797953685,0.0610071366,0.1736845014
27111,69107.0,0.9396655549,0.0147791377,0.0387127635,0.7791980826
27113,73104.0,0.9456577994,0.0103543824,0.04943853,0.3644939966
27115,69619.0,0.9138981808,0.0223532139,0.0295393582,1.0
27117,69117.0,0.9264940876,0.0126554895,0.0849107626,1.0
27119,68136.0,0.9321390837,0.0254833618,0.0702683151,0.4653436779
27121,64480.0,0.9491443136,0.0045614035,0.0223684211,0.6284046693
27123,77764.0,0.9147455202,0.132229632,0.0845571982,0.0002009588
27125,70019.0,0.9540145985,0.0084377397,0.0370749169,1.0
27127,71012.0,0.9263228399,0.0086342229,0.0458529566,0.7012641815
27129,70098.0,0.9154556167,0.0067605241,0.106007806,1.0
27131,81824.0,0.9297708507,0.0702596103,0.1050950727,0.3218772821
27133,71923.0,0.9334147831,0.0101560046,0.0407287195,0.5045342127
27135,74057.0,0.9296482412,0.008785733,0.0211119853,1.0
27137,67311.0,0.9498428971,0.0151710105,0.0196594751,0.392876228
27139,111370.0,0.9495308445,0.0728047544,0.0658028162,0.181020089
27141,101487.0,0.9438413841,0.0485685772,0.0363481596,0.5092866036
27143,76019.0,0.9251720183,0.0090161761,0.0943383718,1.0
27145,75116.0,0.9278738019,0.0990327811,0.0489635165,0.3798865388
27147,78500.0,0.9365247809,0.036182892,0.0904305069,0.2974923809
27149,74512.0,0.9316151203,0.0123355263,0.1248972039,0.4798883259
27151,69245.0,0.9449799792,0.0123469493,0.0736701307,1.0
27153,60951.0,0.8894692024,0.0058830405,0.1021545175,0.9942205684
27155,67634.0,0.9473225947,0.009247449,0.0605867347,1.0
27157,81349.0,0.9490297542,0.0058571231,0.035972882,0.8118015617
27159,55449.0,0.9137002218,0.010252089,0.026823959,0.7184500533
27161,70833.0,0.9287071521,0.0215478637,0.0769190243,0.5143926613
27163,111118.0,0.9625482105,0.0580850087,0.0539944647,0.1336632183
27165,64868.0,0.8837769159,0.0074930035,0.3060395414,1.0
27167,75073.0,0.9344189159,0.0077703774,0.0396447827,0.4795573317
27169,71907.0,0.9385054156,0.0202932363,0.03893727,0.4034144672
27171,104303.0,0.9494934603,0.0283757856,0.0373536222,0.3916808762
27173,69009.0,0.925409339,0.0082391465,0.0558783141,1.0
28001,44385.0,0.8361381754,0.5581298268,0.0463368817,0.3647843456
28003,48556.0,0.8342417308,0.1236560715,0.0386113959,0.6412204951
28005,46108.0,0.8704703161,0.3804854525,0.0143867545,1.0
28007,52128.0,0.8520735357,0.4439195806,0.0213721989,0.6245737604
28009,47969.0,0.8094100349,0.3425652057,0.0255445012,1.0
28011,39920.0,0.8323977141,0.6302471693,0.0278238056,0.5370017751
28013,46966.0,0.790166431,0.2756799369,0.0658257785,1.0
28015,55290.0,0.8001877431,0.3326691138,0.0183534347,1.0
28017,44599.0,0.8066137566,0.4410055733,0.0412071623,1.0
28019,50545.0,0.8584117032,0.2851137488,0.0195351137,1.0
28021,28579.0,0.8369481022,0.8579552048,0.0142741093,1.0
28023,47811.0,0.8637630015,0.3433806147,0.0114919884,1.0
28025,52673.0,0.8276758289,0.5994177744,0.012468417,0.563532947
28027,35552.0,0.8197284101,0.7646062659,0.0313791901,0.3264142122
28029,47870.0,0.8634760432,0.4969997108,0.0466310006,0.8217357586
28031,48382.0,0.8470973017,0.3545046791,0.0272994075,1.0
28033,81956.0,0.9143441965,0.3484970012,0.0588935404,0.2190120552
28035,51328.0,0.9083813261,0.3657937807,0.0444200082,0.345965864
28037,48075.0,0.8679992457,0.3421813403,0.0131406045,1.0
28039,63349.0,0.8788308565,0.0771692884,0.0325929974,1.0
28041,54057.0,0.8063974726,0.2548342034,0.0153665172,1.0
28043,49210.0,0.8447200713,0.4384998813,0.0160455732,0.5248971289
28045,61126.0,0.8974267968,0.0810892784,0.0421802899,0.3826026535
28047,56692.0,0.891638189,0.2560395419,0.0681537614,0.191735252
28049,50965.0,0.8845544839,0.7303346209,0.0216503002,0.1757998086
28051,30542.0,0.8243255945,0.824618115,0.0114090131,1.0
28053,31538.0,0.7692307692,0.766213969,0.0126108647,1.0
28055,36986.0,0.6729559748,0.6003184713,0.0947452229,1.0
28057,56977.0,0.8520783151,0.0745029677,0.0195492467,1.0
28059,66751.0,0.8876226717,0.2089091393,0.0777244192,0.3034093765
28061,46577.0,0.8957422119,0.5198900893,0.0161743583,1.0
28063,37617.0,0.8075400958,0.8377755367,0.010661288,1.0
28065,39794.0,0.8757210936,0.5870179597,0.0122162458,1.0
28067,50310.0,0.8708652417,0.2868377358,0.0622792453,0.6252416501
28069,42461.0,0.7956935403,0.6003028891,0.0101351351,1.0
28071,72838.0,0.9192230895,0.2344741478,0.0357295568,0.3994589074
28073,63079.0,0.9137718537,0.2232055212,0.0375583309,0.5374949394
28075,51437.0,0.8521781594,0.447077006,0.0254370667,0.536761482
28077,49431.0,0.8209829386,0.3226300997,0.0232518525,1.0
28079,47849.0,0.8222518977,0.3898297112,0.066469094,1.0
28081,64744.0,0.8781091829,0.3102211379,0.0355801399,0.5172599978
28083,33945.0,0.8281304601,0.7423989688,0.0335885966,0.3127845019
28085,52040.0,0.8705200867,0.2946516051,0.0136015215,0.7091700805
28087,53883.0,0.8806976744,0.4540614144,0.0229212855,0.5432157476
28089,82057.0,0.9217925356,0.3783452285,0.0381562692,0.2575747858
28091,47020.0,0.8254337328,0.3102708058,0.019319683,0.7448549568
28093,52334.0,0.8159233509,0.4464144419,0.054069103,0.835298649
28095,50639.0,0.8530007597,0.3043827546,0.0163944182,0.8251316559
28097,46424.0,0.8139812193,0.4364583333,0.0159375,1.0
28099,49446.0,0.8223007887,0.2169231304,0.0197992289,0.755423385
28101,49338.0,0.8592272161,0.3128597935,0.0196013131,1.0
28103,37567.0,0.7993182155,0.7146459552,0.0193665524,1.0
28105,47584.0,0.909984814,0.3734351503,0.0236118977,0.3664169306
28107,46097.0,0.8369466205,0.4941687839,0.0213352108,0.811099735
28109,54266.0,0.8781477013,0.1187001966,0.0436889855,0.7096624811
28111,46201.0,0.8873902532,0.187361909,0.0205037561,1.0
28113,41815.0,0.8296270423,0.5500329999,0.0176930497,0.6199037794
28115,51490.0,0.7886091943,0.1560488346,0.0717932456,1.0
28117,50292.0,0.8386068335,0.1518201711,0.0154764273,0.74256238
28119,35150.0,0.7681907571,0.7304363505,0.0055896141,1.0
28121,70794.0,0.9033826081,0.2299943273,0.0329266848,0.329985799
28123,48112.0,0.7865232485,0.3577634784,0.1560330098,1.0
28125,37098.0,0.8099139697,0.720323741,0.0272781775,1.0
28127,53352.0,0.8174007056,0.3466070387,0.0186272604,1.0
28129,53814.0,0.8229807298,0.2382438471,0.017731754,1.0
28131,56686.0,0.8796683904,0.1820750693,0.0270846662,1.0
28133,43980.0,0.7576632223,0.7276851398,0.0273418342,0.6403295984
28135,42319.0,0.810867052,0.566697643,0.0412266622,1.0
28137,62784.0,0.8448219358,0.3008386115,0.0341813807,0.757090935
28139,53452.0,0.8177426131,0.1610842298,0.0537417203,1.0
28141,47264.0,0.8328975872,0.0290700816,0.0330685686,1.0
28143,39659.0,0.8187718422,0.7731210743,0.0255577215,1.0
28145,55304.0,0.7857142857,0.1549285815,0.0492151039,0.7565251827
28147,48909.0,0.8003412969,0.4178027844,0.020918993,1.0
28149,55783.0,0.8805332077,0.4943968982,0.021466736,0.4249586333
28151,39081.0,0.7920922342,0.7326324322,0.0158298765,0.3484929433
28153,45573.0,0.8396826644,0.4031365782,0.0186773588,1.0
28155,54929.0,0.8424001179,0.1775130156,0.02082499,1.0
28157,36240.0,0.8750823995,0.6909903202,0.012285927,1.0
28159,48990.0,0.8363006924,0.4593477262,0.0186610014,1.0
28161,50790.0,0.8416183683,0.379622154,0.019215243,1.0
28163,42434.0,0.7468192024,0.5809040161,0.0466351372,0.4368619826
29001,56954.0,0.927309008,0.0374970146,0.0318844041,0.3345184483
29003,75926.0,0.9400502197,0.0125779224,0.0276934959,0.6041356493
29005,56797.0,0.9184100418,0.0058742902,0.0227139221,1.0
29007,55957.0,0.8844563508,0.0560383701,0.0327949496,0.5452688086
29009,53303.0,0.8517063589,0.0060966964,0.1052034595,0.8251578155
29011,50185.0,0.8605488638,0.0069900264,0.0313698747,1.0
29013,56178.0,0.8900547036,0.0155768994,0.028383204,1.0
29015,50946.0,0.8909551986,0.0075418451,0.0225282211,1.0
29017,53134.0,0.8623658763,0.0065440061,0.0170713202,1.0
29019,70153.0,0.9458329643,0.0990641972,0.0449533682,0.2275420729
29021,60575.0,0.898006993,0.0579584358,0.0761849655,0.1374995577
29023,48059.0,0.8448222352,0.0580242205,0.0254124154,0.5146214099
29025,62916.0,0.9080610737,0.0101619207,0.0243439419,1.0
29027,64214.0,0.9069377218,0.0485122175,0.0256868838,0.6011336179
29029,63903.0,0.9235588597,0.0071973481,0.0361002634,0.5625219324
29031,67445.0,0.9282630418,0.08107587,0.0305721585,0.3220046506
29033,56690.0,0.8965459423,0.0203789775,0.0269336194,1.0
29035,43801.0,0.8520179372,0.0071657552,0.0237601358,1.0
29037,85283.0,0.9366514634,0.0520083772,0.0565281209,0.296612999
29039,48789.0,0.881152461,0.0085196292,0.0237186478,1.0
29041,56070.0,0.9127996906,0.024733072,0.0162184079,1.0
29043,79714.0,0.9334573393,0.0101777128,0.0392175552,0.4224916143
29045,56191.0,0.8998930481,0.0064749285,0.0097876826,1.0
29047,84816.0,0.9442397052,0.0787421277,0.0819256887,0.0809205203
29049,76875.0,0.9372085164,0.0135975497,0.0284481158,0.7577416918
29051,74002.0,0.9360387598,0.1140039856,0.0374621496,0.3429651005
29053,70769.0,0.9068500259,0.0544639169,0.0212426978,0.5302578495
29055,55253.0,0.8494517068,0.0072626436,0.0253092126,0.9320350451
29057,53959.0,0.909565844,0.0064800415,0.0242353551,1.0
29059,63112.0,0.9031052806,0.0055718145,0.0233003152,1.0
29061,59385.0,0.8567158931,0.0049117062,0.0180095895,1.0
29063,63946.0,0.8892670475,0.0354581271,0.0245479341,0.6991567685
29065,49324.0,0.8563212789,0.0066907899,0.0234177647,0.6751958949
29067,43336.0,0.8362649038,0.0080143932,0.0269872424,1.0
29069,45570.0,0.7998910082,0.1074282332,0.0780186446,0.6266308383
29071,70389.0,0.9104874246,0.0098304575,0.0240404496,0.5498939646
29073,62203.0,0.8987672768,0.0073444407,0.0172730364,1.0
29075,54610.0,0.8840957573,0.0092253857,0.0202004136,1.0
29077,59740.0,0.933446704,0.0341813001,0.0527032839,0.1414147835
29079,48491.0,0.854100589,0.0106979114,0.0289353031,0.4467781403
29081,50489.0,0.9073310629,0.0049878345,0.0268856448,1.0
29083,55216.0,0.9005482596,0.012319324,0.0317100289,0.5960083842
29085,48213.0,0.8796022992,0.0075705437,0.0197292957,1.0
29087,61260.0,0.92431562,0.0061205273,0.0193032015,1.0
29089,57674.0,0.8959741856,0.0487080487,0.0235620236,1.0
29091,48727.0,0.8593475717,0.0066527556,0.0274702344,0.701836478
29093,48241.0,0.8591200466,0.0150423729,0.0233050847,1.0
29095,66102.0,0.9168383769,0.2237085282,0.1154239034,0.0426893882
29097,55152.0,0.8876426628,0.0207267144,0.1004030194,0.2346673618
29099,81517.0,0.9145108983,0.0133633179,0.027297496,0.3477169786
29101,68326.0,0.9314267952,0.0425748699,0.0520177577,0.5276877789
29103,50083.0,0.828685259,0.0096696213,0.0088638195,1.0
29105,52211.0,0.8584038399,0.0106597601,0.0312431843,0.5918310719
29107,67178.0,0.908014453,0.0207555127,0.0350042174,0.6931542566
29109,58128.0,0.8550338724,0.0065342663,0.0860516567,0.7152969659
29111,57912.0,0.8745445905,0.0330006111,0.0191485028,1.0
29113,79954.0,0.9108689376,0.0200930463,0.029784077,0.7201967301
29115,53836.0,0.9147504892,0.0106013061,0.0305317615,0.6741620347
29117,59389.0,0.8797981797,0.0313251357,0.0224634197,0.3733598956
29119,54452.0,0.8134084651,0.0174873447,0.1237919926,0.9989271768
29121,58887.0,0.9167620137,0.0241408878,0.0199854891,0.6476428431
29123,52339.0,0.8808301973,0.012521657,0.0270121279,0.6051005861
29125,58983.0,0.8608255833,0.0081850534,0.0227758007,1.0
29127,60780.0,0.903546982,0.043972332,0.0209274421,0.3895179667
29129,55282.0,0.906302521,0.0046122802,0.0550590948,1.0
29131,55031.0,0.8954922758,0.0085189527,0.0230168034,0.7646226033
29133,48342.0,0.8192474505,0.2302486889,0.0232617154,1.0
29135,63971.0,0.8646601942,0.0236628212,0.0606318825,1.0
29137,54624.0,0.8988490841,0.0282823638,0.0179351575,1.0
29139,57686.0,0.8850819057,0.015708177,0.0240858714,1.0
29141,52072.0,0.8005035447,0.0091943559,0.0278106509,1.0
29143,53843.0,0.8338912512,0.1635114108,0.020811722,0.8742850189
29145,63292.0,0.8933701108,0.0103993276,0.0699935725,0.6322807257
29147,55749.0,0.9418149892,0.0226624789,0.0225175163,0.4721529118
29149,41462.0,0.8692458374,0.0053899083,0.0177752294,1.0
29151,73660.0,0.9200530035,0.0045292545,0.0115087615,1.0
29153,45234.0,0.8333834586,0.0043478261,0.0232998885,1.0
29155,42080.0,0.8333333333,0.2569629782,0.0341476767,0.6603665155
29157,64302.0,0.8790420988,0.0070184697,0.0257519789,0.5746993037
29159,55021.0,0.8723671363,0.0330576614,0.1014243051,0.3940670079
29161,53151.0,0.9159571837,0.0251744546,0.0319097253,0.5382857655
29163,59147.0,0.8731878156,0.0598271536,0.0247003067,1.0
29165,96353.0,0.967003007,0.0839199571,0.072610327,0.1364156
29167,56628.0,0.8877541326,0.0091214155,0.0314215985,0.6724515372
29169,71856.0,0.9405227203,0.1046606705,0.1148442727,0.4129923084
29171,51967.0,0.9386376982,0.0023717119,0.0321259163,1.0
29173,68550.0,0.9111820237,0.0136333302,0.0128706264,0.9750845002
29175,59692.0,0.8975077336,0.0483222033,0.0272927123,0.5078896262
29177,70993.0,0.9023321816,0.012423432,0.0300232939,0.7406943605
29179,43674.0,0.8055307761,0.0152941176,0.0171428571,1.0
29181,43485.0,0.8369030198,0.0104571534,0.0173052008,1.0
29183,98765.0,0.9545152652,0.0608963205,0.0423679796,0.0565856162
29185,50578.0,0.8793078377,0.0072805578,0.0242001641,1.0
29186,71557.0,0.927250682,0.0174873941,0.0158244824,0.7300719736
29187,55578.0,0.8671951375,0.040412777,0.0198186644,0.4097606168
29189,81631.0,0.9442346489,0.2503173569,0.0388234138,0.0135461222
29195,53943.0,0.8758644068,0.0569222092,0.1277278841,0.4226631809
29197,52078.0,0.9374045802,0.0032075006,0.0155440415,1.0
29199,57063.0,0.7839213026,0.001710864,0.0134730539,1.0
29201,60088.0,0.8642782122,0.1213808757,0.0268943493,0.4599700465
29203,44439.0,0.8656658218,0.0063553468,0.0280464217,1.0
29205,56121.0,0.8996398559,0.0134884505,0.0232675771,1.0
29207,51741.0,0.8236851306,0.0136986301,0.0233827517,0.6639578683
29209,62394.0,0.9178638098,0.0055422867,0.0316614612,0.8292894838
29211,51492.0,0.8584518929,0.0263929619,0.1790581335,1.0
29213,54514.0,0.9070324575,0.0162043153,0.0758256275,0.3717226126
29215,47273.0,0.8564420637,0.0394628986,0.0259572973,0.9938334627
29217,53602.0,0.8819444444,0.0095890411,0.0284119736,0.5672096209
29219,77075.0,0.8923841718,0.0231444744,0.0419774639,0.7355060227
29221,49510.0,0.831828167,0.0275346307,0.0116852214,1.0
29223,41315.0,0.8072184194,0.0100823236,0.0160947183,1.0
29225,69841.0,0.8848037311,0.0117669753,0.0250771605,0.8071638736
29227,50765.0,0.9377682403,0.0110120608,0.0214997378,1.0
29229,47612.0,0.828166519,0.008555378,0.0290676699,0.7763360457
29510,55231.0,0.9047435657,0.4275396268,0.0526842565,0.0
30001,63084.0,0.9301115242,0.0039453718,0.0536165908,0.5273716786
30003,51259.0,0.8845228549,0.0041565367,0.0504274175,1.0
30005,56865.0,0.9056865465,0.0053630961,0.0297144514,1.0
30007,72933.0,0.9096868172,0.0062250996,0.0377241036,1.0
30009,72463.0,0.9671406381,0.0079691742,0.0307382433,1.0
30011,55704.0,0.9333333333,0.0028208745,0.0126939351,1.0
30013,65018.0,0.9389778007,0.0139811543,0.0539929329,0.2051436965
30015,61903.0,0.9228915663,0.0022233624,0.0319822131,1.0
30017,58850.0,0.9471053243,0.0077596996,0.0347934919,0.2224656611
30019,56695.0,0.9665787159,0.0012247397,0.037966932,1.0
30021,60663.0,0.9433327997,0.0059023837,0.0380249716,0.2533557047
30023,56648.0,0.9279873384,0.0045487439,0.0362865709,0.2891412801
30025,66776.0,0.9695652174,0.0053440214,0.0210420842,1.0
30027,63717.0,0.9423552988,0.00382263,0.0255691471,0.4737026035
30029,74150.0,0.9562239275,0.0031492184,0.039488384,0.514953477
30031,90942.0,0.9716415082,0.0048097841,0.0549327975,0.3475622058
30033,53069.0,0.963963964,0.0041288192,0.0107349298,1.0
30035,51416.0,0.8557518933,0.0034535969,0.0311558527,1.0
30037,47927.0,0.8910447761,0.0119760479,0.0431137725,1.0
30039,65695.0,0.929517134,0.0055632823,0.0314325452,1.0
30041,51435.0,0.9122019355,0.0058982551,0.0376013763,0.397510577
30043,85163.0,0.9397865854,0.0056713673,0.0307326793,1.0
30045,57166.0,0.9407806191,0.0009555662,0.0320114668,1.0
30047,60882.0,0.9298959947,0.0041694163,0.0451136841,0.8212886234
30049,76816.0,0.9485044353,0.0050259295,0.0420205037,0.2619728629
30051,60846.0,0.811419985,0.0075987842,0.0126646403,1.0
30053,51941.0,0.9188187245,0.0042932176,0.0319707696,0.7793871017
30055,56696.0,0.9647577093,0.0059665871,0.0202863962,1.0
30057,73316.0,0.9538439756,0.0080873858,0.0440079824,1.0
30059,55193.0,0.9549314174,0.0067600193,0.0251086432,1.0
30061,58832.0,0.9332034512,0.005697446,0.0410609037,1.0
30063,72882.0,0.9657812234,0.0048338517,0.0498403762,0.2528196605
30065,55991.0,0.9037250787,0.0099849284,0.0446495855,1.0
30067,63958.0,0.9668874172,0.0046360945,0.0363067642,0.4561107556
30069,50164.0,0.987804878,0.0018050542,0.0180505415,1.0
30071,53212.0,0.9534960422,0.0016474465,0.0320075312,1.0
30073,47659.0,0.8679018287,0.0050612245,0.0269387755,1.0
30075,56746.0,0.8950892857,0.0017211704,0.0281124498,1.0
30077,61354.0,0.9314399421,0.0123370251,0.0329454647,1.0
30079,52555.0,0.8845750262,0.0035971223,0.0386690647,1.0
30081,70624.0,0.9325071662,0.0040847962,0.0439272697,0.8444786526
30083,74540.0,0.9623414376,0.0054595901,0.0568334378,0.4324253764
30085,51596.0,0.9182144021,0.0045547049,0.0309138482,1.0
30087,60218.0,0.9136161147,0.0035539216,0.0447303922,1.0
30089,54599.0,0.9222154964,0.003069278,0.0369044139,1.0
30091,58094.0,0.9145557656,0.0034305317,0.0388793596,1.0
30093,58406.0,0.9400812041,0.0057480748,0.0465071507,0.1387584322
30095,81392.0,0.9307365868,0.0025073586,0.0378284095,1.0
30097,70052.0,0.9636363636,0.0037204358,0.0310922137,1.0
30099,71393.0,0.9090909091,0.0026438569,0.0222395023,1.0
30101,52399.0,0.8619834711,0.0167543347,0.0451977401,1.0
30103,61560.0,0.9489291598,0.0,0.0479274611,1.0
30105,63507.0,0.9465280356,0.0058870752,0.0256890554,1.0
30107,47545.0,0.9260493005,0.003889159,0.0437530384,1.0
30109,56108.0,0.9731457801,0.0043956044,0.0483516484,1.0
30111,70221.0,0.9526820721,0.0060113672,0.0676644639,0.1648445041
31001,66695.0,0.9186729301,0.0104857762,0.1274798537,0.205031245
31003,65907.0,0.9309623431,0.004443034,0.0423675024,1.0
31005,54974.0,0.9791666667,0.0,0.0048543689,1.0
31007,67307.0,0.9045801527,0.0163204748,0.0860534125,1.0
31009,52512.0,0.9601328904,0.004587156,0.0298165138,1.0
31011,66345.0,0.9380364807,0.0058380414,0.0459510358,1.0
31013,66613.0,0.9235024285,0.0182379349,0.1309390198,0.2511529238
31015,49077.0,0.9568567026,0.0011594203,0.0226086957,1.0
31017,58896.0,0.9227249619,0.0045566071,0.0662460568,1.0
31019,76686.0,0.9346724055,0.0108093181,0.1091386078,0.3106381279
31021,67113.0,0.9222059132,0.0083246618,0.0376096328,1.0
31023,74710.0,0.9177987962,0.0081569926,0.0634826812,1.0
31025,83291.0,0.957879487,0.00801574,0.0431392553,0.7497932175
31027,69895.0,0.9614626277,0.0048414427,0.0267489712,1.0
31029,67334.0,0.8850894632,0.0059076262,0.1608485499,1.0
31031,55132.0,0.9743390358,0.0050983248,0.0335032775,1.0
31033,60177.0,0.9292022152,0.0078608112,0.0911854103,0.3417828475
31035,67568.0,0.9414715719,0.0076847613,0.0999018967,1.0
31037,70792.0,0.7672532517,0.0518644709,0.4805035018,0.3836703837
31039,65814.0,0.9208002646,0.0044853106,0.1235703072,1.0
31041,65151.0,0.9401475813,0.0080332672,0.040449863,1.0
31043,70126.0,0.8109032847,0.0823772804,0.4191743464,0.2060513391
31045,54925.0,0.9569998037,0.0168449527,0.0533628427,0.3987071594
31047,67619.0,0.7783046444,0.0667635458,0.3752958273,0.5670855626
31049,58676.0,0.9129172714,0.0021378942,0.0839123463,1.0
31051,67521.0,0.8426695256,0.0063740667,0.158076853,1.0
31053,66833.0,0.8920440636,0.009573238,0.1843655041,0.2387870961
31055,77747.0,0.9148081697,0.1100145876,0.1469806968,0.0243616195
31057,55818.0,0.9515625,0.0083279949,0.0730301089,1.0
31059,69021.0,0.9466148993,0.005407354,0.0394736842,1.0
31061,58346.0,0.9417566933,0.0060176991,0.0378761062,1.0
31063,62676.0,0.9289838337,0.0061895551,0.0352030948,1.0
31065,59530.0,0.905533476,0.0065847234,0.0524582968,1.0
31067,66947.0,0.927513332,0.0070259776,0.0358694647,0.4405639513
31069,44135.0,0.9518459069,0.0039018952,0.0562987737,1.0
31071,51135.0,0.9544383346,0.0028360749,0.0164492343,1.0
31073,73056.0,0.9554183813,0.0102869518,0.0644288035,1.0
31075,63607.0,0.9264705882,0.0017699115,0.0212389381,1.0
31077,60686.0,0.9348109518,0.0067598017,0.034249662,1.0
31079,69725.0,0.8469579134,0.0309178899,0.3301123848,0.1239526194
31081,84805.0,0.9708255742,0.0046136101,0.0477089231,1.0
31083,63159.0,0.925070688,0.0068965517,0.029228243,1.0
31085,59966.0,0.946875,0.0082742317,0.0839243499,1.0
31087,55551.0,0.9321021184,0.0039184953,0.0442789969,1.0
31089,65815.0,0.9304688634,0.0054493213,0.0596452987,1.0
31091,53010.0,0.9370629371,0.0,0.0250368189,1.0
31093,68795.0,0.9524450426,0.0056687605,0.0350850314,1.0
31095,63707.0,0.931096108,0.005528778,0.0574142331,0.4459944751
31097,64134.0,0.8839499601,0.0713736052,0.1152366295,1.0
31099,77458.0,0.9401913876,0.0033973412,0.0726735598,1.0
31101,57160.0,0.9078341014,0.0081350918,0.0946628867,0.4335932813
31103,52077.0,0.9682539683,0.0,0.0260869565,1.0
31105,59686.0,0.8922585794,0.0048647005,0.0960778352,1.0
31107,60057.0,0.9274882343,0.0051819716,0.0309713184,1.0
31109,71171.0,0.9348730702,0.0420059011,0.0867083338,0.0973038486
31111,63632.0,0.9344152022,0.011029522,0.094170538,0.3199330949
31113,66333.0,0.9818181818,0.0030534351,0.0290076336,1.0
31115,61608.0,1.0,0.0185810811,0.0371621622,1.0
31117,55174.0,0.9638554217,0.0052219321,0.0078328982,1.0
31119,68218.0,0.9219711642,0.0125185954,0.164903023,0.2735984263
31121,72297.0,0.9240295749,0.0045132173,0.0616376531,1.0
31123,62245.0,0.9088599555,0.0053285968,0.1485346359,1.0
31125,61228.0,0.926483233,0.0076359194,0.0277947465,1.0
31127,65868.0,0.8943494263,0.0146975692,0.0333521764,1.0
31129,58951.0,0.9214100906,0.0029304029,0.0393162393,1.0
31131,76448.0,0.9347648818,0.0104071013,0.0909090909,0.5588235294
31133,55574.0,0.8787706318,0.0083598726,0.0195063694,1.0
31135,71521.0,0.9265822785,0.0075134168,0.0576028623,1.0
31137,70550.0,0.9205699312,0.0045268853,0.072098929,0.391837645
31139,78454.0,0.9440064686,0.0052061926,0.0312371558,1.0
31141,76785.0,0.8979008486,0.0110375914,0.2425091739,0.2757756007
31143,79938.0,0.9331131296,0.0040168324,0.0682861515,1.0
31145,60614.0,0.953423898,0.0131969016,0.0626374677,0.3090076621
31147,60839.0,0.9168011476,0.0046820133,0.0251007933,0.4749078897
31149,56969.0,0.9425531915,0.0015735641,0.0236034618,1.0
31151,76586.0,0.7982963853,0.0114050155,0.2971487461,0.5130842429
31153,101902.0,0.9567340965,0.0429744955,0.1182874238,0.0515676481
31155,85732.0,0.9608902612,0.0059668414,0.0281293952,0.7853487746
31157,57571.0,0.8949205437,0.0074231771,0.2413512984,0.30428999
31159,81819.0,0.9491785521,0.0078659951,0.0305019524,0.5756147425
31161,59842.0,0.899862069,0.0064935065,0.0570211039,1.0
31163,57592.0,0.9130028064,0.0067046597,0.0284948039,1.0
31165,61344.0,0.9536817102,0.0051993068,0.0597920277,1.0
31167,78112.0,0.9518102372,0.0090505464,0.0725751366,0.7333105101
31169,63574.0,0.9443807339,0.007869124,0.035203976,1.0
31171,56844.0,0.9306930693,0.0132939439,0.0561299852,1.0
31173,57810.0,0.9236599892,0.0057953332,0.0558182095,1.0
31175,56604.0,0.9436232382,0.0052342971,0.037886341,1.0
31177,88234.0,0.9594904991,0.008698941,0.0358831316,0.616534867
31179,68309.0,0.9510899432,0.016811829,0.1016811829,0.3833144271
31181,57002.0,0.9393939394,0.0074604596,0.0632646971,1.0
31183,56377.0,0.9778481013,0.0038709677,0.0425806452,1.0
31185,73671.0,0.917466611,0.0171356924,0.063039844,0.4358938053
32001,72065.0,0.9202097666,0.0222454753,0.1571522691,0.3434315723
32003,75103.0,0.8681388995,0.1269320496,0.3213402706,0.0126892496
32005,82025.0,0.93741559,0.0071652034,0.1309920274,0.297304397
32007,85829.0,0.872139204,0.0103512423,0.2618017056,0.5179881569
32009,59057.0,0.7731481481,0.0394021739,0.1902173913,1.0
32011,81661.0,0.9551166966,0.0146061555,0.1220657277,1.0
32013,81500.0,0.8723516484,0.0091036415,0.2766106443,0.3898756147
32015,87398.0,0.892462053,0.0084936731,0.233142659,1.0
32017,67577.0,0.9408820769,0.0312219227,0.0700808625,1.0
32019,75195.0,0.8766995801,0.012063979,0.2027227841,0.4462564362
32021,58039.0,0.9072605247,0.0395318021,0.1395759717,1.0
32023,63071.0,0.8665540541,0.0388011486,0.1790559943,0.2731678006
32027,66928.0,0.8563334682,0.0383406662,0.2388434947,1.0
32029,88684.0,0.8987455197,0.0169978453,0.101029447,0.8913255361
32031,84282.0,0.8868885889,0.0254868259,0.2648316741,0.0417170272
32033,70635.0,0.8829356146,0.0307439568,0.1678009857,0.5093612335
32510,72823.0,0.8909388413,0.021676201,0.2666620718,0.0597895598
33001,91333.0,0.9380710452,0.0068586895,0.0237439833,0.5445412448
33003,77303.0,0.9557450364,0.0059487492,0.0180178462,0.8947851598
33005,84008.0,0.9398859625,0.0086611843,0.0271418092,0.6911899343
33007,59592.0,0.8953341225,0.0085426495,0.0243529262,0.6911219138
33009,81537.0,0.9389441446,0.0137740751,0.0292229403,0.6567527821
33011,103181.0,0.9298567166,0.0281312448,0.088163443,0.2443720932
33013,91357.0,0.9371508629,0.0180009293,0.0282617137,0.5464995319
33015,109660.0,0.9610440998,0.0089775452,0.0384391108,0.2901017264
33017,84762.0,0.9465695135,0.0126610779,0.033052393,0.3673647136
33019,74730.0,0.9114370929,0.0098933339,0.021560645,0.7813668346
34001,75904.0,0.888563278,0.144491721,0.205422709,0.1493512643
34003,116157.0,0.9291410677,0.0568204599,0.2329525047,0.0012105904
34005,102384.0,0.9440004096,0.176167548,0.0998898047,0.0976962716
34007,82678.0,0.8983476179,0.1888747259,0.1951930591,0.0130777386
34009,81007.0,0.9463877489,0.0384525949,0.0838917662,0.1859588718
34011,64240.0,0.8127159775,0.1792930951,0.3611464885,0.2449076236
34013,80005.0,0.8679659993,0.3724282325,0.252549297,0.0001377749
34015,96965.0,0.9399632642,0.1126115757,0.0869325569,0.1131679755
34017,88469.0,0.8788916242,0.1139152227,0.4076561508,0.0
34019,136407.0,0.9580435151,0.0261093998,0.095888096,0.5834722793
34021,95502.0,0.8992559598,0.1882799584,0.2332768274,0.0507796768
34023,104637.0,0.8930061304,0.1047019359,0.2398662379,0.0097652584
34025,117752.0,0.9418510443,0.0634770745,0.1299410858,0.0512884255
34027,134308.0,0.9510717627,0.0357740614,0.1628309776,0.0855493486
34029,85239.0,0.9334190911,0.033005308,0.1099731947,0.0369317781
34031,81823.0,0.8510724077,0.0959962602,0.4465703795,0.0283123266
34033,84008.0,0.9009104336,0.1384186844,0.1185833665,0.5315791909
34035,140242.0,0.9384942066,0.0978609227,0.178788678,0.0753153946
34037,109884.0,0.9542133555,0.02734514,0.1272069088,0.4863646764
34039,100031.0,0.8627579002,0.2054245835,0.352678244,0.0
34041,98857.0,0.9398685131,0.0654460145,0.1368424837,0.4322004524
35001,68286.0,0.9040902917,0.0284788545,0.4914292436,0.0398140866
35003,45802.0,0.9758916777,0.0067973856,0.179869281,1.0
35005,51179.0,0.8094262783,0.0165352968,0.5905508095,0.2505640223
35006,47530.0,0.8540205073,0.0139283047,0.3346900672,0.6330045635
35007,54255.0,0.9051173861,0.0084863321,0.4731130151,0.5455719706
35009,53858.0,0.821564596,0.0562873237,0.4623480581,0.1882304357
35011,48234.0,0.8765996344,0.0084490042,0.4025347013,1.0
35013,56233.0,0.8265453568,0.0182895964,0.6797522313,0.2248623389
35015,66485.0,0.8430723722,0.0145665699,0.5207465782,0.2202233848
35017,48454.0,0.8966219163,0.0096097845,0.4795064065,0.404222104
35019,43463.0,0.8315334773,0.0209692451,0.7714352283,1.0
35021,47606.0,0.8877952756,0.0176282051,0.4118589744,1.0
35023,45343.0,0.848978178,0.0118537201,0.5649432535,1.0
35025,60820.0,0.7558187389,0.0342158916,0.6315862471,0.2489154523
35027,59386.0,0.917893401,0.0069898647,0.333666184,0.4552271942
35028,146208.0,0.9831085877,0.0133717342,0.181495577,0.049796591
35029,38641.0,0.7590589673,0.0128772318,0.6764496761,0.4134974633
35031,41427.0,0.8088072337,0.0052473218,0.1237699318,0.6646456887
35033,45685.0,0.9379584352,0.0041232113,0.7877758913,1.0
35035,51298.0,0.8729192848,0.0366819205,0.4002469674,0.5459691328
35037,43312.0,0.876956794,0.0168037603,0.4517038778,0.4034987423
35039,51703.0,0.863876225,0.0068211456,0.6697010733,0.5640561901
35041,51111.0,0.8588518882,0.0208654921,0.4527066589,0.3641811266
35043,81557.0,0.9261333734,0.0233172584,0.4049738354,0.191548974
35045,57296.0,0.86445351,0.0055355293,0.1991464678,0.3520355743
35047,46318.0,0.8571643739,0.0172491375,0.75059997,0.4658284622
35049,78366.0,0.9144310278,0.0100412937,0.4768524456,0.3503807574
35051,40498.0,0.9018584936,0.0101845404,0.302402507,0.333707671
35053,46070.0,0.8469676932,0.0097099543,0.5028503414,0.5105754745
35055,53935.0,0.9335383692,0.0059003052,0.5048103473,0.5457972107
35057,44780.0,0.8653934441,0.013625024,0.4372801126,1.0
35059,45458.0,0.8892045455,0.0229566095,0.4066599395,1.0
35061,56785.0,0.8591923186,0.0143667631,0.610960185,0.2997178663
36001,81193.0,0.9315769202,0.1295399783,0.073451252,0.0956810906
36003,57488.0,0.9162470628,0.0147049367,0.0220788408,0.8850740486
36005,46894.0,0.7529963439,0.300200667,0.5501365302,6.7904613e-07
36007,63590.0,0.9101161369,0.0597826364,0.0571867175,0.2494727782
36009,55944.0,0.892208553,0.0146560847,0.0246031746,0.6180914306
36011,66431.0,0.8892829859,0.036477143,0.0371886957,0.5877531214
36013,56040.0,0.8997368035,0.0205859509,0.0979894468,0.4406887206
36015,60456.0,0.9088482858,0.0578911774,0.0389917,0.2590673575
36017,57407.0,0.8872993306,0.0092987805,0.0258928571,0.8335874629
36019,64282.0,0.8819051088,0.0300198425,0.0344108046,0.6373132272
36021,73112.0,0.9151630263,0.0426988589,0.0637671573,0.8276758161
36023,63890.0,0.9091189156,0.0198461269,0.0356268578,0.4687773719
36025,56163.0,0.9041401562,0.0191848683,0.0500562936,0.9054798231
36027,96374.0,0.91807645,0.1053979472,0.1593168433,0.317396109
36029,70443.0,0.9243553878,0.1280509265,0.0644540436,0.1030856098
36031,70902.0,0.915035618,0.0169136642,0.0288783141,0.8650116369
36033,63624.0,0.8732154591,0.0298481786,0.0288159649,0.702008201
36035,63409.0,0.8849580713,0.017459892,0.0457364935,0.507051234
36037,71749.0,0.9254285167,0.0263519269,0.0488275478,0.6212064123
36039,70789.0,0.8880063981,0.0443457567,0.0682928902,0.7320940519
36041,68529.0,0.8931076179,0.0135773318,0.0216450216,1.0
36043,63771.0,0.9170006524,0.0149788178,0.0299744469,0.5260147325
36045,61664.0,0.9130382358,0.0564349621,0.0795386237,0.4938014582
36047,76353.0,0.8418376426,0.2861290984,0.188596082,0.0
36049,64941.0,0.9136223413,0.0070061775,0.0181934609,1.0
36051,70185.0,0.9257714162,0.0179207953,0.0473037052,0.7137820616
36053,73680.0,0.9328110419,0.0191270304,0.0274353342,0.691601976
36055,73263.0,0.9177525869,0.1463508808,0.1005261316,0.0812016175
36057,61463.0,0.8852401543,0.0265759196,0.1568830011,0.4542719858
36059,140466.0,0.9214587886,0.1167585211,0.1876935547,0.0042908093
36061,100869.0,0.8917320148,0.1297166548,0.2439517707,0.0
36063,65932.0,0.920315719,0.0722152996,0.0409487389,0.2997235101
36065,61566.0,0.8893184719,0.0625826723,0.0723956846,0.3435778137
36067,74388.0,0.9174426339,0.1128041156,0.0606168768,0.1463938252
36069,79364.0,0.9332621595,0.0247568759,0.0584208936,0.448558573
36071,93492.0,0.8967645148,0.1142685351,0.2443689106,0.275821684
36073,65156.0,0.8672520838,0.0428381556,0.0553879971,0.6654933941
36075,68613.0,0.9000659918,0.0110949375,0.034368071,0.6272622846
36077,63863.0,0.9211974522,0.0252137179,0.0456042311,0.7271375846
36079,120930.0,0.9326624408,0.0351315521,0.2083418315,0.3502170619
36081,81399.0,0.8269196907,0.1770685145,0.2807673044,3.07633e-05
36083,82846.0,0.9272470796,0.0765198832,0.0622391011,0.3313163284
36085,93337.0,0.8853629868,0.0897313359,0.1950754758,0.0
36087,105923.0,0.8769955032,0.1047484353,0.2082087516,0.0038985721
36089,57832.0,0.8911067721,0.0181129605,0.0255283336,0.6693516428
36091,94394.0,0.9422731122,0.0203802925,0.040458965,0.2848468636
36093,74791.0,0.9184336199,0.121586972,0.0832259759,0.0884848255
36095,63768.0,0.9198089142,0.0155123734,0.0416542103,0.8303829845
36097,65210.0,0.9079235592,0.0106814417,0.0215342434,1.0
36099,58581.0,0.8461474107,0.0301400352,0.0432470865,0.5791683918
36101,64261.0,0.9179255544,0.015342549,0.0207243766,0.5977731236
36103,123219.0,0.904836603,0.0785788848,0.2306748426,0.0196419209
36105,68063.0,0.8765445383,0.0882507508,0.1933933934,0.7505596256
36107,67616.0,0.9198901417,0.0111285759,0.0243948444,0.6640800743
36109,68222.0,0.958789869,0.0404507619,0.0649491106,0.4410629847
36111,84593.0,0.9174762702,0.0604662897,0.124003883,0.5612341972
36113,73115.0,0.9188281471,0.014729275,0.0310951361,0.3215540715
36115,71396.0,0.9031559406,0.0218162439,0.0296101387,0.7549835242
36117,73028.0,0.9099308572,0.0284820927,0.0537823823,0.7477953179
36119,114020.0,0.8935459164,0.1340600737,0.2752274133,0.0453309599
36121,70775.0,0.8665182787,0.0413841951,0.0371344733,0.8996817251
36123,66155.0,0.8444125045,0.0109104282,0.0249673096,0.6855574393
37001,66395.0,0.885417997,0.2140205955,0.1543660871,0.2644459353
37003,62976.0,0.8557466475,0.0554656869,0.0580703534,0.8908462298
37005,46571.0,0.8311673242,0.0239816611,0.1152354082,1.0
37007,50503.0,0.8242482406,0.4689226835,0.046262045,0.7776921333
37009,54589.0,0.8750121206,0.0088681964,0.0612275062,1.0
37011,55922.0,0.8637541651,0.0390638346,0.062183247,1.0
37013,55960.0,0.8807825928,0.2285245386,0.079067467,0.6302741199
37015,44371.0,0.8197166114,0.5967970689,0.0250561399,1.0
37017,49661.0,0.8855598748,0.3170872338,0.095373762,1.0
37019,76797.0,0.9332941297,0.0870945963,0.057075342,0.3638152649
37021,71218.0,0.9230495243,0.0564514083,0.0856031693,0.2230341582
37023,55616.0,0.8512218903,0.0622155811,0.0856596255,0.4592326139
37025,85540.0,0.9181093957,0.2081319579,0.129574695,0.1727205895
37027,56239.0,0.8278117349,0.0504505175,0.0681113014,0.4282100878
37029,84656.0,0.9298032875,0.0930232558,0.0457933016,0.9475615645
37031,76397.0,0.9270379737,0.0485527544,0.0490411549,0.3059716928
37033,57865.0,0.8365124255,0.3045556189,0.0534046565,0.9982846587
37035,65898.0,0.8749878401,0.0832154028,0.1166327553,0.3515721312
37037,95716.0,0.9038664841,0.1080197001,0.1343354896,0.6403618011
37039,53926.0,0.9142631371,0.0159551387,0.039720952,1.0
37041,60808.0,0.8737734591,0.3161039522,0.0414656972,0.6841990079
37043,53229.0,0.8993554224,0.0139919083,0.0423971679,1.0
37045,61411.0,0.8746421859,0.2047091085,0.0497050642,0.6220118771
37047,50837.0,0.8651046915,0.2920532312,0.0582390615,0.8969638307
37049,61761.0,0.9177295269,0.1977712885,0.077565411,0.3537629071
37051,61511.0,0.9260009436,0.3804462991,0.1311551097,0.1384168638
37053,86047.0,0.9390295458,0.055708543,0.0544107872,0.9588256228
37055,79646.0,0.9522857243,0.0243243243,0.0734715298,0.220804551
37057,63551.0,0.8769982606,0.1038362967,0.0919773003,0.4771443793
37059,76153.0,0.9073043646,0.0635888697,0.0839929146,0.7044156209
37061,52947.0,0.8191306446,0.2373788368,0.2358844911,1.0
37063,81413.0,0.9071167444,0.3298683258,0.1540909253,0.0511308888
37065,49972.0,0.8438569574,0.5662065858,0.0630733945,0.4479550102
37067,65556.0,0.8992224202,0.2559802098,0.1526362806,0.075814841
37069,70898.0,0.8766393768,0.2431916469,0.1160244672,0.7889256705
37071,67076.0,0.8805209654,0.1893172373,0.101921245,0.1886129427
37073,64047.0,0.8960815462,0.296335686,0.0210770569,1.0
37075,51841.0,0.8475514795,0.0162692499,0.032414307,1.0
37077,72896.0,0.8661947711,0.2980769231,0.114484178,0.7143395855
37079,52145.0,0.7783884042,0.3617145641,0.159327813,1.0
37081,65890.0,0.9027797489,0.3500107299,0.1019830286,0.1415668605
37083,48520.0,0.8090737788,0.5268087446,0.0355194723,0.5605898564
37085,70074.0,0.886623482,0.2062101967,0.1556224687,0.6415608529
37087,64553.0,0.9160371569,0.0137210373,0.0506757293,0.4688431123
37089,63765.0,0.9111623553,0.0301434203,0.1296737398,0.3427903097
37091,48964.0,0.8471949509,0.5727651262,0.062098391,0.774452487
37093,60257.0,0.8886240772,0.3431289718,0.1578628366,0.4260973081
37095,49781.0,0.8682634731,0.2823963534,0.0837855437,1.0
37097,84335.0,0.9121405033,0.120314456,0.0957488358,0.3185871993
37099,55462.0,0.8978229836,0.0222999955,0.0798671871,0.6666589343
37101,79666.0,0.8947712375,0.1782976173,0.1693372735,0.5300394909
37103,53001.0,0.8645591647,0.2736942878,0.0540368046,1.0
37105,62680.0,0.8513791214,0.1777091815,0.2178380232,0.4210160386
37107,51601.0,0.8247922619,0.4061572092,0.0917934238,0.618119807
37109,79109.0,0.8999416928,0.0598170891,0.0837627384,0.7373920055
37111,53697.0,0.8612028879,0.0390038536,0.0708128216,0.7301135089
37113,58765.0,0.9003686113,0.0141362074,0.1020514423,0.7471767439
37115,59505.0,0.9085423944,0.0154954465,0.0378777581,1.0
37117,49033.0,0.8330814759,0.4080757215,0.0449946379,0.7493531841
37119,84796.0,0.907949829,0.3099473146,0.1594473151,0.0084438835
37121,56746.0,0.8970917226,0.0080005334,0.0579371958,1.0
37123,55005.0,0.8395684612,0.1672608779,0.1590952655,1.0
37125,78955.0,0.9273456924,0.103668918,0.0781586185,0.4954325308
37127,65457.0,0.8639873798,0.4135120299,0.0835516981,0.496714752
37129,79106.0,0.9356466368,0.117533033,0.0791954851,0.0171066273
37131,44182.0,0.8453735014,0.5480705953,0.0270415794,0.8835212638
37133,66982.0,0.9322696478,0.1374744941,0.1424727157,0.362667175
37135,86736.0,0.9322213766,0.1131013238,0.1051677665,0.2904449346
37137,61996.0,0.900305499,0.1687998068,0.0527247847,1.0
37139,59463.0,0.8999928566,0.3485184828,0.0618907441,0.4505275094
37141,72161.0,0.9053306146,0.1196567476,0.0883670699,0.6100858761
37143,61157.0,0.8672403196,0.2058010017,0.0340136054,1.0
37145,64466.0,0.8908571429,0.2578453331,0.065178549,0.7570146047
37147,60268.0,0.9091361783,0.3551356506,0.0803739172,0.2685161798
37149,59012.0,0.9187331363,0.0400299103,0.0580757727,0.9141659768
37151,59336.0,0.8395988732,0.0680193682,0.1425219385,0.6018408695
37153,50242.0,0.8417847805,0.3112654759,0.0804271808,0.4450472687
37155,42180.0,0.7888203711,0.2285349125,0.1114216334,0.7601476015
37157,58508.0,0.8438811558,0.1850342636,0.0730128191,0.6091705454
37159,65139.0,0.8806459802,0.1635094058,0.1215342112,0.4220731915
37161,50714.0,0.8659725911,0.0921886211,0.0595050911,0.6778598473
37163,53637.0,0.8429031933,0.2400798644,0.2243754299,0.8422149197
37165,45604.0,0.8235874132,0.3899232022,0.0431987433,0.5252238544
37167,65784.0,0.8713268231,0.116774989,0.0595595062,0.7282093946
37169,61374.0,0.8990221152,0.0420144074,0.0409821664,0.8052336029
37171,58211.0,0.8264968052,0.0362710252,0.1261509614,0.7568071301
37173,54357.0,0.8714579055,0.0199770049,0.0602903133,1.0
37175,62002.0,0.9383151216,0.0308205908,0.0507913798,0.6041047717
37177,46072.0,0.8052201013,0.3022247905,0.1095059231,1.0
37179,98776.0,0.9044168283,0.1200302591,0.1357953925,0.2763286565
37181,45408.0,0.8543709649,0.5005319023,0.0984137491,0.5327633989
37183,103084.0,0.9395001715,0.1934099263,0.1154472706,0.0515738306
37185,47866.0,0.8672503381,0.4811000212,0.0480993842,1.0
37187,47239.0,0.8555974843,0.4740035471,0.044338654,1.0
37189,62045.0,0.9244430197,0.0178454007,0.0582852342,0.4890359797
37191,56313.0,0.8640803938,0.3080565526,0.1396205113,0.5358850451
37193,50848.0,0.8187498689,0.0439307409,0.076091073,0.6984947475
37195,52620.0,0.8442379113,0.3876662024,0.1267696594,0.3794425264
37197,61626.0,0.8651176713,0.0321649812,0.1263832266,1.0
37199,54913.0,0.88113879,0.0084486218,0.0582426867,1.0
38001,58192.0,0.9237668161,0.0166435506,0.0300508553,1.0
38003,70559.0,0.9533492823,0.0204176767,0.0213499907,0.3967566571
38005,60632.0,0.8848339815,0.0053959965,0.0196692776,1.0
38007,82565.0,0.9461756374,0.0096711799,0.0280464217,1.0
38009,74272.0,0.9400715564,0.0067727201,0.0267758702,1.0
38011,68434.0,0.9019412643,0.0052319498,0.0481339379,1.0
38013,79188.0,0.9273333333,0.0070290534,0.0356138707,1.0
38015,86521.0,0.9519419292,0.0212774467,0.0341359037,0.2430782669
38017,75477.0,0.9582889852,0.0717755981,0.0380267058,0.0909470261
38019,80749.0,0.9308863725,0.0061179088,0.0253058954,1.0
38021,72643.0,0.9135303266,0.0063265306,0.0418367347,1.0
38023,75310.0,0.883854499,0.0192037471,0.0412177986,1.0
38025,87618.0,0.927259887,0.017417268,0.0432943518,1.0
38027,66603.0,0.92740574,0.0035351304,0.0388864339,1.0
38029,65012.0,0.888618874,0.0052729529,0.0139578164,1.0
38031,71345.0,0.9317543155,0.0093683892,0.0187367785,1.0
38033,59464.0,0.9655455291,0.0068846816,0.0378657487,1.0
38035,72369.0,0.9572139303,0.0406557738,0.0568713209,0.1922782561
38037,51827.0,0.8938416422,0.0018058691,0.0121896163,1.0
38039,71071.0,0.9354647721,0.0053380783,0.0129003559,1.0
38041,64506.0,0.9305785124,0.0086956522,0.0223602484,1.0
38043,60473.0,0.9180327869,0.0029888984,0.0251921435,1.0
38045,69797.0,0.9198895028,0.0048828125,0.025390625,1.0
38047,61043.0,0.8992592593,0.0021401819,0.0294275013,1.0
38049,68973.0,0.9142473118,0.00721107,0.0247515104,1.0
38051,60218.0,0.884305835,0.01085209,0.036977492,1.0
38053,99157.0,0.9234905343,0.0173309009,0.1302975021,0.5452257889
38055,78277.0,0.9359619687,0.0053905614,0.0229861676,1.0
38057,85274.0,0.9041996964,0.0061379227,0.0282825851,1.0
38059,80159.0,0.9447046578,0.0151644785,0.0465555392,0.2889069118
38061,73541.0,0.8859533968,0.016092934,0.0887775765,1.0
38063,69274.0,0.9327135901,0.0076897359,0.0327649616,1.0
38065,81382.0,0.9456434852,0.0047897818,0.0207557211,1.0
38067,75603.0,0.9186164802,0.0090076565,0.0493919832,1.0
38069,61222.0,0.9385653409,0.0074320861,0.0210148642,1.0
38071,70084.0,0.9312641367,0.008374771,0.0303585449,0.3543300302
38073,78270.0,0.9064089522,0.0094592183,0.028199179,1.0
38075,74336.0,0.9203821656,0.0057042563,0.0254497587,1.0
38077,76371.0,0.9492362146,0.0116559971,0.0374441358,0.5218101519
38079,56952.0,0.8392255892,0.0050306958,0.0129604366,1.0
38081,79053.0,0.9223580158,0.0240995763,0.031779661,1.0
38083,62251.0,0.9079457364,0.0007898894,0.0126382306,1.0
38085,46931.0,0.8694390716,0.007136975,0.0260774087,1.0
38087,56665.0,0.9127625202,0.0103857567,0.0044510386,1.0
38089,82174.0,0.9118790092,0.0243628981,0.0753613527,0.236937526
38091,87300.0,0.9452815226,0.0039281706,0.0258136925,1.0
38093,69088.0,0.9276718971,0.0202879581,0.0331432311,0.2957439911
38095,76241.0,0.895155939,0.0044334975,0.0290640394,1.0
38097,82020.0,0.9369817579,0.0117602428,0.0408447142,1.0
38099,80235.0,0.875600714,0.0066957787,0.130713246,1.0
38101,71754.0,0.950800117,0.0442106187,0.074240473,0.2716572033
38103,74681.0,0.9180626366,0.0023219814,0.0172858617,1.0
38105,92537.0,0.9064287163,0.0503157518,0.1029069619,0.2793650794
39001,55693.0,0.851629046,0.0058137422,0.010137713,1.0
39003,65665.0,0.9239292501,0.1183978262,0.0374561177,0.3097567657
39005,66149.0,0.9095057881,0.0098103085,0.0185667752,0.6338017427
39007,58152.0,0.8751895044,0.0372760597,0.0509990191,0.5198720971
39009,53616.0,0.9182000715,0.0279399101,0.0228845724,0.4869696145
39011,73542.0,0.9359242367,0.0069489685,0.0193485342,0.3870578605
39013,56716.0,0.920491888,0.0453187098,0.013755815,0.6150954178
39015,68289.0,0.8776632302,0.0095940791,0.012563675,0.9579631834
39017,80066.0,0.9118210812,0.0969995649,0.0699999746,0.096106897
39019,67044.0,0.8977420192,0.0078481202,0.0136034083,1.0
39021,70230.0,0.9182470528,0.0209293345,0.018303514,0.7061786434
39023,58684.0,0.8926258416,0.0911670753,0.0432583018,0.2538510746
39025,82143.0,0.9185408012,0.0204460967,0.0261732682,0.2626928922
39027,67813.0,0.916020809,0.0207210644,0.0235824312,0.7014136799
39029,55744.0,0.8968426225,0.02379669,0.0201633028,0.5549731539
39031,57694.0,0.8503110266,0.0109848382,0.0134259134,0.6631159183
39033,58982.0,0.9049967686,0.0117989838,0.0196248405,0.3408447353
39035,61912.0,0.912442526,0.2941566214,0.071665607,0.0056553636
39037,67609.0,0.9069275068,0.0084800156,0.0196246232,0.717295349
39039,72241.0,0.9231704075,0.0179042151,0.1125929793,0.5357310766
39041,128300.0,0.9707369721,0.0467069022,0.0350247803,0.2032934188
39043,62547.0,0.9243079983,0.0866887283,0.0471263592,0.2818888683
39045,84701.0,0.9401990023,0.1052189163,0.0286707789,0.3558938089
39047,63348.0,0.8576915302,0.0234236735,0.0251934622,0.4808814894
39049,71730.0,0.9122294537,0.2441068034,0.0753290002,0.0137263211
39051,70724.0,0.9475821588,0.0076653891,0.0942461971,0.821529745
39053,53956.0,0.8685391559,0.0212861381,0.0115918029,0.8036618754
39055,99863.0,0.912203053,0.0131646525,0.0205016403,0.7855383293
39057,84015.0,0.9446075604,0.0709053515,0.0339676235,0.2242477644
39059,54757.0,0.8568617989,0.0159101053,0.0141248129,0.624668297
39061,68810.0,0.924571822,0.2615548124,0.0487474881,0.0238202155
39063,72065.0,0.9490681296,0.0208958021,0.0615094239,0.3180859584
39065,59713.0,0.9171240986,0.0108996312,0.0253227081,0.5642428981
39067,57050.0,0.8981605672,0.019492902,0.0123596299,1.0
39069,81899.0,0.9259104228,0.0086119186,0.0836119186,0.6794158051
39071,61760.0,0.8685240151,0.0143531893,0.0128169854,0.7371932498
39073,58018.0,0.8809919855,0.0077342048,0.0099854757,0.7060962567
39075,74490.0,0.5705639823,0.0036948587,0.0107691614,1.0
39077,64331.0,0.9065357179,0.0115465901,0.0742108971,0.5142661999
39079,54431.0,0.8745426965,0.0076979697,0.0103661903,0.6423912045
39081,56276.0,0.9287420209,0.0533845625,0.019554556,0.3927416512
39083,66844.0,0.9109306864,0.0101389766,0.021004422,0.6971827618
39085,73559.0,0.9386120206,0.0549689173,0.0544854084,0.0751022128
39087,56879.0,0.9003104519,0.0218290032,0.0115827364,0.4527815934
39089,76496.0,0.931439948,0.0466809679,0.0252127445,0.3378071802
39091,68964.0,0.9286490514,0.0194541546,0.0235794776,0.5563380282
39093,75496.0,0.9146392951,0.0780629738,0.1118775754,0.1426362137
39095,60525.0,0.9096665823,0.1995609706,0.0797397787,0.0498517201
39097,81836.0,0.8892918556,0.0633603874,0.0331823685,0.6616009493
39099,52914.0,0.916134033,0.145374918,0.0705952233,0.1564339892
39101,56991.0,0.8906130977,0.0650414026,0.0333842192,0.3468688321
39103,90211.0,0.9452139262,0.0165397029,0.0280642462,0.3405929742
39105,50127.0,0.8674668351,0.0090963385,0.0107961593,0.8802791535
39107,79974.0,0.9466304192,0.004877589,0.0219373689,0.7159518435
39109,75735.0,0.9280658674,0.0285544212,0.0219795086,0.3058267601
39111,54285.0,0.9003640146,0.0097316202,0.0062343192,0.9866268211
39113,62650.0,0.9208195282,0.216485324,0.0430595209,0.0552363724
39115,52585.0,0.8853606574,0.0282866774,0.0124578631,1.0
39117,70109.0,0.9139197816,0.0089900267,0.0201713724,0.9998855508
39119,58806.0,0.9033772374,0.0380742715,0.0137419616,0.5104617521
39121,61751.0,0.8533906836,0.0319334777,0.0136258822,1.0
39123,76582.0,0.9411591356,0.0099741226,0.0533879356,0.6246655436
39125,67692.0,0.9039334924,0.0105313803,0.059446167,1.0
39127,62677.0,0.8825182229,0.0065539647,0.0097887542,0.8045921826
39129,76471.0,0.8839784325,0.0382084275,0.0207576204,0.6045542288
39131,54256.0,0.8560438969,0.0126291619,0.010740343,0.8165608387
39133,73911.0,0.9293006375,0.0521562721,0.0235822088,0.3799593302
39135,76621.0,0.9263510449,0.009147845,0.0116382286,0.7625795751
39137,79412.0,0.9465930819,0.0054095149,0.0671949472,0.8422977562
39139,57261.0,0.8946972031,0.0946475405,0.0234280049,0.3365403086
39141,61651.0,0.8890657591,0.0563391328,0.0147710487,0.5884580961
39143,64744.0,0.9329957522,0.0309492582,0.1105622647,0.4324741918
39145,52447.0,0.886890621,0.0281649043,0.015881838,0.5533861204
39147,62966.0,0.9324069077,0.0238230601,0.0581546757,0.4559915742
39149,67351.0,0.9137796869,0.0240343348,0.0175651628,0.5701015965
39151,63673.0,0.9278585708,0.0793580099,0.0311524056,0.1475831859
39153,69786.0,0.9288867169,0.1514392431,0.0279542235,0.0378200241
39155,51668.0,0.9002292228,0.0863789033,0.0239104071,0.2717784698
39157,62098.0,0.889248573,0.0083157368,0.0470426889,0.4984506181
39159,104592.0,0.9522600076,0.028863966,0.036747706,0.450066896
39161,60555.0,0.9355614571,0.0111134337,0.0422240803,0.5042342124
39163,52999.0,0.8310629745,0.0057720058,0.0106621773,0.943203125
39165,107973.0,0.950260235,0.0373391818,0.0356814252,0.1751734155
39167,59646.0,0.9294253036,0.0135889513,0.0128719463,0.5833765538
39169,69834.0,0.8630962452,0.0158527165,0.0251223071,0.5584033398
39171,61183.0,0.9139830672,0.0130633216,0.056134022,0.7510107272
39173,73906.0,0.951747807,0.0276215605,0.066370147,0.3007077612
39175,69913.0,0.9481627297,0.0047536934,0.0303863541,0.6973515982
40001,44808.0,0.8283634656,0.0074896826,0.0746420747,1.0
40003,57517.0,0.8583602027,0.0569363652,0.0664551384,1.0
40005,49815.0,0.8363761966,0.0532185886,0.0458519793,1.0
40007,67112.0,0.8510131108,0.0121562375,0.3031088083,1.0
40009,51960.0,0.8431242979,0.0500861991,0.1388712458,0.5036144578
40011,58573.0,0.8466278102,0.0343131514,0.1290549245,1.0
40013,50105.0,0.876441254,0.019890947,0.081993996,0.5805240194
40015,50742.0,0.8673823287,0.0392538338,0.1723506523,0.8142512526
40017,86539.0,0.9216566357,0.0483879224,0.1252808126,0.1952074091
40019,56270.0,0.8780669145,0.0608486295,0.0899250967,0.5541320334
40021,50434.0,0.8991250979,0.0149631628,0.0817474318,0.6181868389
40023,44307.0,0.8630235669,0.0978565424,0.0551975343,0.6485497043
40025,56166.0,0.8527687296,0.006846189,0.2592423551,1.0
40027,74889.0,0.9227111764,0.0566447427,0.1128777893,0.157149238
40029,46921.0,0.8437587658,0.0127231295,0.0499430308,1.0
40031,56973.0,0.9057259636,0.1537170777,0.1499251485,0.2779029928
40033,52735.0,0.8529106029,0.0208218168,0.0832872674,1.0
40035,49914.0,0.8621697923,0.0308403477,0.0430522975,0.6407457291
40037,58195.0,0.9048080026,0.0221322206,0.0570283096,0.6247456588
40039,55458.0,0.884368051,0.0248708696,0.2007004882,0.2951285379
40041,48763.0,0.8744127153,0.0063065007,0.0468551423,0.7968908582
40043,55952.0,0.9255617978,0.0072328511,0.0618292114,1.0
40045,57212.0,0.8822170901,0.0063048246,0.0967653509,1.0
40047,61132.0,0.8752382603,0.0280379859,0.1560388888,0.2013175063
40049,57170.0,0.8764518925,0.0209936207,0.1076744636,0.7814156533
40051,70838.0,0.9049036132,0.0223616558,0.0735163399,0.7216351857
40053,57737.0,0.9115598886,0.0200832721,0.0487386725,1.0
40055,43089.0,0.81706399,0.0779363337,0.1306256861,1.0
40057,45931.0,0.8349912229,0.0714882943,0.3377926421,1.0
40059,62950.0,0.8763686131,0.0031347962,0.2501567398,1.0
40061,49471.0,0.8565732087,0.0098039216,0.0545131846,1.0
40063,50872.0,0.8408581492,0.0641559988,0.0635605835,0.6810054612
40065,58371.0,0.8665619107,0.0606023755,0.2522599214,0.2386524107
40067,43298.0,0.8478379858,0.0132784739,0.1090331027,1.0
40069,49984.0,0.8752194266,0.0274079875,0.0636256852,1.0
40071,55440.0,0.9052958427,0.0199812103,0.0917944135,0.3108466819
40073,72345.0,0.9016907968,0.0156320651,0.1836444674,1.0
40075,44393.0,0.8604452055,0.0340557276,0.1283638962,1.0
40077,41241.0,0.8470029128,0.0154314508,0.0426201974,1.0
40079,50469.0,0.8533105197,0.0211105734,0.0827687717,0.7997672921
40081,56344.0,0.8904413964,0.0197037208,0.0424743938,1.0
40083,77836.0,0.917435209,0.069867431,0.0936091573,0.6195742105
40085,58771.0,0.8527052647,0.0217560218,0.1867715618,1.0
40087,80952.0,0.8864689843,0.0142335146,0.100760537,0.8702174644
40089,48589.0,0.8570513768,0.0776581866,0.0723744292,0.8207632894
40091,46509.0,0.8662654867,0.0286690813,0.0361169209,1.0
40093,64527.0,0.901267768,0.0081783406,0.1152882206,1.0
40095,54966.0,0.8470304827,0.0177207264,0.1828428303,1.0
40097,59498.0,0.893450491,0.0079721226,0.0409887438,0.7583363213
40099,63623.0,0.857694314,0.0186127672,0.073360477,0.6513952819
40101,52188.0,0.8698411981,0.0985197294,0.0779279212,0.4603777567
40103,60758.0,0.9108018555,0.0177252585,0.0496676514,0.5930977664
40105,54831.0,0.9038196042,0.0245814791,0.0319983047,0.9275751073
40107,44661.0,0.8328471782,0.0724778761,0.0421238938,1.0
40109,65979.0,0.8849187259,0.1507406666,0.2035874916,0.0759131073
40111,53938.0,0.8818159787,0.0737140543,0.0544619954,0.5307851577
40113,61279.0,0.8955141898,0.1044439627,0.0496639931,0.7306298835
40115,48937.0,0.8723415081,0.0123485324,0.0622709413,0.4932144626
40117,52744.0,0.878589838,0.0105900151,0.041225416,1.0
40119,56811.0,0.9317454993,0.040682887,0.0652773779,0.3284178037
40121,51514.0,0.8726931807,0.0283355183,0.0594539893,0.553560414
40123,61269.0,0.9045391477,0.0185956871,0.0702937806,0.5464600026
40125,57089.0,0.8854530512,0.0315756664,0.0653331707,0.5273552875
40127,45012.0,0.8541639684,0.0142592593,0.0462037037,1.0
40129,57132.0,0.9357051007,0.0063732929,0.0861911988,1.0
40131,73688.0,0.9217089372,0.012937914,0.0641708563,0.5483725325
40133,49000.0,0.8526839854,0.0381922342,0.0583492468,0.7332739005
40135,48050.0,0.8447956766,0.0193591621,0.0528157653,0.8087370484
40137,56649.0,0.8830574263,0.0209933203,0.0903121734,0.5249953323
40139,67901.0,0.7499802387,0.0396642286,0.5251092239,0.4147025814
40141,46314.0,0.8152498932,0.0560489154,0.2768962003,1.0
40143,65619.0,0.8979009251,0.1028104992,0.1583556412,0.0513298639
40145,80246.0,0.9172638211,0.0383064516,0.0921931004,0.3639495684
40147,66236.0,0.9148568402,0.0246713589,0.0706811157,0.2488990563
40149,54874.0,0.8889782784,0.0107116244,0.0960320417,1.0
40151,56740.0,0.8857782755,0.0318776273,0.076366184,0.4034090909
40153,59312.0,0.8796728972,0.0193512809,0.1555121071,0.4402540303
41001,59123.0,0.9238930993,0.0072138127,0.0533349101,0.4139668826
41003,74800.0,0.9601318844,0.0121580547,0.0943784348,0.1940557237
41005,100376.0,0.9467054616,0.0132404478,0.1022631406,0.1710959395
41007,65160.0,0.928440485,0.0071529366,0.1042771641,0.3911180366
41009,81463.0,0.9039602165,0.0073682257,0.0714922049,0.4122344977
41011,61386.0,0.9101974961,0.0051547997,0.07551548,0.3814012229
41013,73421.0,0.9113308223,0.0041926388,0.0802166815,0.4984639017
41015,55238.0,0.905580741,0.0059666896,0.0787259615,0.5182973642
41017,95414.0,0.9475796005,0.0052514711,0.0934330234,0.2924142384
41019,60296.0,0.9162868995,0.0048739272,0.0690710188,0.4037913328
41021,74010.0,0.8705803869,0.0064165844,0.0616979269,1.0
41023,61024.0,0.8962398013,0.0029106029,0.0411642412,1.0
41025,56649.0,0.9181507465,0.0094086022,0.0580645161,0.4437625083
41027,79092.0,0.8422093093,0.005222152,0.3069698884,0.5179547066
41029,71030.0,0.9129322897,0.0084840194,0.1509186114,0.2059536234
41031,68419.0,0.8871264368,0.0077787381,0.2169010765,0.6699453106
41033,61575.0,0.9023662786,0.0058300407,0.0906161396,0.4314224089
41035,54630.0,0.8958831395,0.0070282702,0.1439652586,0.3775229424
41037,56518.0,0.8924503742,0.0073556011,0.1144338599,1.0
41039,70065.0,0.9314279077,0.0117004783,0.1076601405,0.1803086918
41041,61603.0,0.9175388038,0.0074378702,0.1041105055,0.3799980157
41043,70242.0,0.9128339663,0.0067834763,0.1097828071,0.3424539305
41045,53762.0,0.8380819007,0.0130757708,0.3446511047,0.588704824
41047,73210.0,0.8605,0.0125771109,0.2931640619,0.1535326087
41049,80508.0,0.760136465,0.0062591449,0.4219639083,1.0
41051,83290.0,0.9225325006,0.0585299697,0.1373474417,0.0128165822
41053,79970.0,0.9180710086,0.0094538166,0.1604810423,0.2040533895
41055,73123.0,0.8826979472,0.0035879036,0.0691952845,1.0
41057,68717.0,0.905793307,0.0053251632,0.1140168509,0.6065717415
41059,62890.0,0.8442303712,0.0098684621,0.3002760671,0.3173774586
41061,63524.0,0.9354820341,0.0070921986,0.0553885291,0.4291494885
41063,61173.0,0.9292553191,0.0041699244,0.0441751368,1.0
41065,65701.0,0.8692859039,0.0058861505,0.2106102609,0.3476565429
41067,103486.0,0.9290862325,0.0255533384,0.1872492131,0.0549509304
41069,46315.0,0.9144338807,0.0020891365,0.0682451253,1.0
41071,86887.0,0.8975030015,0.009526527,0.180212437,0.2648855387
42001,77041.0,0.9072274994,0.0176677783,0.0766009668,0.6325732774
42003,76488.0,0.9546978319,0.1313959137,0.029657298,0.0241464347
42005,61521.0,0.9306185567,0.0108312264,0.010269376,0.6494401904
42007,66846.0,0.9508019214,0.0636414681,0.0246451449,0.2892132093
42009,58319.0,0.8995989688,0.0066525871,0.0131784583,0.9065304664
42011,75655.0,0.8837968647,0.0447621534,0.2532501889,0.2655480134
42013,54909.0,0.9321759684,0.0228646496,0.0161382854,0.2573887414
42015,61270.0,0.9106551019,0.0080073708,0.0166848145,0.7297847149
42017,107006.0,0.9489217456,0.0422719448,0.0668948457,0.1029684257
42019,80978.0,0.956729846,0.0134214996,0.0206740486,0.4330857801
42021,55592.0,0.9288105708,0.0430633361,0.0224461995,0.4608382282
42023,51035.0,0.9098196393,0.0073059361,0.0210045662,1.0
42025,64894.0,0.9026019836,0.0208530661,0.0739099881,0.5891982888
42027,69999.0,0.9457256237,0.0374663329,0.0367755632,0.3464898971
42029,120925.0,0.9491303786,0.0565640324,0.0832872546,0.1931221733
42031,56911.0,0.9099976346,0.0140384095,0.0113605626,0.8479632663
42033,60213.0,0.9043340919,0.0179530419,0.0267220132,0.6130930215
42035,55946.0,0.8967888991,0.0148908448,0.0194910522,0.4790387183
42037,63605.0,0.9180847666,0.0192240101,0.0427115329,0.4472631205
42039,60545.0,0.9102516151,0.0178046609,0.0162193144,0.6578784341
42041,82507.0,0.934517372,0.0484638285,0.0527927369,0.2088650282
42043,73929.0,0.9147959363,0.1669167525,0.119674727,0.1482641471
42045,84180.0,0.9359412668,0.2284644195,0.0512969899,0.0078480662
42047,66378.0,0.9350854832,0.0054308232,0.0108285317,0.5591803808
42049,60721.0,0.9258196523,0.0737860231,0.0488244242,0.2398256029
42051,54030.0,0.8995748862,0.0470483799,0.0147601178,0.5510543151
42053,48084.0,0.8564223268,0.2335245775,0.0522561637,1.0
42055,75532.0,0.9066461566,0.0352287557,0.0769761932,0.4448156889
42057,62044.0,0.8929444967,0.0136162566,0.0138236107,1.0
42059,60627.0,0.8991902034,0.0368774922,0.0160374887,0.7565222228
42061,61812.0,0.9070088907,0.0560968884,0.021395413,0.7434682028
42063,57110.0,0.9236615995,0.0279562905,0.0190988519,0.5984191433
42065,49430.0,0.913989078,0.0045629643,0.0106392736,0.7346938776
42067,59755.0,0.8325524795,0.0078733382,0.0430237061,1.0
42069,57570.0,0.9164331143,0.0396070756,0.103510501,0.1755289584
42071,80210.0,0.8714831355,0.0380154282,0.116604516,0.2787549007
42073,61686.0,0.923792033,0.0412089213,0.0231792783,0.4242012316
42075,78284.0,0.880456174,0.0212752683,0.1560879572,0.2538584502
42077,76270.0,0.9029334948,0.0619609587,0.2863027261,0.0986792397
42079,60165.0,0.9067531181,0.0477109729,0.1843439589,0.222224611
42081,62063.0,0.9113605961,0.0481086548,0.0243071573,0.4043857498
42083,59522.0,0.9251346248,0.0245198512,0.0203193401,0.7239068065
42085,61530.0,0.9130512114,0.0557311779,0.0176216326,0.4794400463
42087,58758.0,0.8435073172,0.00949436,0.0236052437,0.5449147216
42089,73408.0,0.9031592661,0.1446405666,0.1870186025,0.5676035336
42091,106780.0,0.9490325447,0.0977355763,0.0675068087,0.0333651274
42093,73087.0,0.9281888813,0.0199328108,0.0319148936,0.5428429643
42095,84051.0,0.9265501353,0.0616219198,0.1594874189,0.1685791066
42097,58834.0,0.9001275415,0.0271083,0.0548158012,0.3525920106
42099,71392.0,0.8986685945,0.0099168891,0.0255408719,0.9351686227
42101,60196.0,0.8739651909,0.3949322237,0.1577222674,0.0
42103,71698.0,0.9320662983,0.0588110438,0.128218525,0.8723327923
42105,57850.0,0.9082445693,0.0054378399,0.0192512032,1.0
42107,63479.0,0.8999539356,0.0322979984,0.0862531818,0.4706499172
42109,68089.0,0.8431372549,0.0120603268,0.0269657829,0.7034678881
42111,59562.0,0.9005497706,0.0268293696,0.0159147887,0.775971617
42113,59604.0,0.9181706317,0.0200548509,0.0251971203,1.0
42115,70021.0,0.9147641856,0.0074785484,0.0255582671,1.0
42117,62918.0,0.9196549851,0.0073457395,0.0175808031,1.0
42119,82708.0,0.866847267,0.0498073355,0.050853908,0.6320142452
42121,57256.0,0.9153362361,0.0114907649,0.0128866501,0.5606691244
42123,57469.0,0.9391508094,0.0062014266,0.0133077824,0.6198719776
42125,76957.0,0.9404443977,0.0322928955,0.0209245025,0.3233356739
42127,68429.0,0.9142965779,0.0290078421,0.0537240061,0.8621640113
42129,70985.0,0.953946244,0.0279841555,0.0164368114,0.2648260461
42131,66855.0,0.9243407061,0.0104239055,0.0254420508,0.9532394798
42133,81213.0,0.913695862,0.0626721763,0.0987581784,0.2845665786
44001,99802.0,0.9352101596,0.0132922097,0.0437767386,0.0113007698
44003,89914.0,0.9278731484,0.0253389227,0.0745221219,0.0724922665
44005,99912.0,0.9533807215,0.0358216433,0.0671104113,0.0850273811
44007,75307.0,0.8628275815,0.0914102768,0.2599093269,0.0519341164
44009,101749.0,0.9525528679,0.0140557923,0.0393439092,0.3363165151
45001,51580.0,0.8619489559,0.2536220021,0.0227551772,0.7897921383
45003,67769.0,0.8982674914,0.2457629989,0.0731609552,0.3701957253
45005,35477.0,0.7961703651,0.712172615,0.030261908,1.0
45007,64813.0,0.8782062504,0.1545223301,0.0532486061,0.4165660374
45009,41555.0,0.7688610707,0.5818560197,0.0179589949,1.0
45011,46482.0,0.8081591611,0.4249034088,0.0316427838,1.0
45013,82199.0,0.9419221251,0.1542826127,0.1211936938,0.1860119604
45015,82414.0,0.9056468147,0.2363361375,0.0917258647,0.2206985961
45017,58916.0,0.8830028329,0.3779077964,0.0405329198,1.0
45019,88111.0,0.9290229789,0.2288278778,0.0700549289,0.0905997771
45021,57768.0,0.8550735944,0.1969883979,0.0577635152,0.6612708126
45023,51383.0,0.8438872864,0.3486936014,0.0331409421,0.7333560414
45025,50962.0,0.8197440346,0.319593014,0.0614112784,0.8316733298
45027,47675.0,0.8192989436,0.4426203071,0.0317378403,0.8548034934
45029,48504.0,0.8556559745,0.3464269177,0.0475124762,0.7609315097
45031,46249.0,0.8651815487,0.4138842604,0.0253460651,0.5711469676
45033,45269.0,0.8162891046,0.4610441187,0.0361036898,0.7001272445
45035,78329.0,0.9126350946,0.2539612443,0.0728244805,0.1471833602
45037,62851.0,0.8181077917,0.3170934908,0.0716847176,0.879837861
45039,48123.0,0.8456878583,0.541230046,0.0270296739,0.7728184075
45041,56144.0,0.8773306846,0.4339717522,0.0341728978,0.3920866196
45043,69379.0,0.9191401202,0.2759884986,0.0362233954,0.4218661283
45045,76281.0,0.9049247122,0.1710319764,0.1165462443,0.1189609045
45047,56726.0,0.8887697553,0.3112294846,0.0738554564,0.3968219636
45049,44774.0,0.8250075919,0.5126365743,0.0448625979,1.0
45051,68684.0,0.9137813323,0.1160793805,0.0730153619,0.24423908
45053,61816.0,0.9016481308,0.3209217744,0.1720426902,0.8914938696
45055,69277.0,0.8915867715,0.2501108647,0.0613546957,0.5281256211
45057,74417.0,0.8904150943,0.1944739639,0.0764958647,0.379363856
45059,56237.0,0.8371655209,0.2354188143,0.0690691563,0.6402078799
45061,46256.0,0.8102245662,0.6124506795,0.0264295109,1.0
45063,76559.0,0.9151490424,0.1608998217,0.080900597,0.2515451153
45065,58475.0,0.8516217224,0.3760185092,0.0195151393,1.0
45067,40171.0,0.8399801833,0.5559842851,0.0285183106,0.5910975568
45069,42308.0,0.8153138871,0.5041627762,0.0291394336,0.6523418457
45071,57325.0,0.8627059411,0.2795106246,0.0947327753,0.6727909011
45073,67161.0,0.8713770901,0.0703020155,0.0627054579,0.637475034
45075,50959.0,0.833144516,0.605843999,0.0279401111,0.6548211296
45077,58480.0,0.8725182117,0.0681722573,0.0549319163,0.3755897842
45079,61508.0,0.9196783826,0.4820246602,0.0646190178,0.0855827388
45081,60220.0,0.84036009,0.219578518,0.1740835643,0.9856855052
45083,64649.0,0.8784365293,0.1969312976,0.0949907204,0.2951520898
45085,55481.0,0.8912330658,0.4733259732,0.0453319253,0.3479764296
45087,40008.0,0.8073271414,0.300123925,0.0221938488,0.6428938482
45089,43711.0,0.8337157511,0.6231641631,0.0262620856,0.8307870818
45091,82495.0,0.925397327,0.1875100563,0.0760894342,0.2266581587
46003,66789.0,0.9109947644,0.0104241553,0.0815959741,1.0
46005,59721.0,0.8506294383,0.0101066816,0.1484355061,0.2535380438
46007,48547.0,0.8685344828,0.0057488654,0.0375189107,1.0
46009,67069.0,0.8978525827,0.0147204529,0.0266100495,1.0
46011,75209.0,0.9671933232,0.0163702057,0.0484991662,0.3113018182
46013,67491.0,0.9366336634,0.0157421885,0.0474120796,0.269418553
46015,69383.0,0.9012517385,0.0050837884,0.0254189418,1.0
46017,32803.0,0.8558951965,0.0063694268,0.0180467091,1.0
46019,62368.0,0.8826947019,0.0066280033,0.0422535211,0.5031728986
46021,64367.0,0.9148181012,0.0037313433,0.0440298507,1.0
46023,59721.0,0.8958186929,0.0060606061,0.0296536797,1.0
46025,65768.0,0.9002737583,0.0167173252,0.0554711246,1.0
46027,63752.0,0.9390622889,0.0182100966,0.0336983993,0.2210195764
46029,66288.0,0.9235306185,0.0069724897,0.0350005178,0.2712091792
46031,42911.0,0.8676677616,0.0071390799,0.0161290323,1.0
46033,76579.0,0.9500838926,0.0085554459,0.0342217835,1.0
46035,67847.0,0.9176505532,0.0087340628,0.0535086839,0.2137702946
46037,60503.0,0.9177411037,0.0045863144,0.0271509815,1.0
46039,67290.0,0.9357361442,0.0082682591,0.0310059715,1.0
46041,48477.0,0.8686471009,0.0065284178,0.0230414747,1.0
46043,68324.0,0.917144346,0.0063424947,0.0345313601,1.0
46045,74870.0,0.9453781513,0.0032043382,0.0211979295,1.0
46047,58834.0,0.9145421903,0.0112268362,0.0370620858,1.0
46049,66810.0,0.9287197232,0.0041841004,0.0292887029,1.0
46051,73409.0,0.9214040443,0.0079438634,0.0762610883,1.0
46053,54134.0,0.9135311143,0.0042309607,0.0209059233,1.0
46055,62682.0,0.9691808597,0.0027012426,0.0162074554,1.0
46057,87571.0,0.9257330776,0.0048054565,0.0604557433,1.0
46059,69681.0,0.9542168675,0.0054715159,0.0222079176,1.0
46061,72307.0,0.9225512528,0.0057620282,0.0158455776,1.0
46063,59255.0,0.9449204406,0.0113293051,0.0264350453,1.0
46065,75885.0,0.9610379047,0.0081139355,0.0330798911,0.2867998874
46067,68648.0,0.9311455607,0.0104138491,0.0294833649,1.0
46069,66253.0,0.896969697,0.0067453626,0.0177065767,1.0
46071,47946.0,0.892641737,0.015129683,0.0255763689,1.0
46073,57613.0,0.9386724387,0.0036144578,0.0542168675,1.0
46075,60640.0,0.9551777434,0.0035087719,0.0198830409,1.0
46077,67518.0,0.9163851351,0.0054965883,0.029757392,1.0
46079,70136.0,0.936501753,0.0116036624,0.0536669386,0.4421737951
46081,69088.0,0.9536033666,0.009446405,0.0398531351,0.3275380317
46083,102130.0,0.9591585543,0.0227887162,0.0331112264,0.2547536103
46085,55274.0,0.9100688468,0.0062078273,0.0140350877,1.0
46087,85702.0,0.9353114141,0.0072301601,0.0346014805,1.0
46089,55704.0,0.8097560976,0.0059982862,0.0321336761,1.0
46091,69480.0,0.9210796037,0.0082004556,0.0665148064,1.0
46093,74577.0,0.9460669782,0.0183175034,0.0504296698,0.3325405333
46095,48596.0,0.8455941795,0.0064829822,0.0162074554,1.0
46097,69943.0,0.9337748344,0.0096491228,0.0271929825,1.0
46099,73277.0,0.9305811043,0.0682356352,0.0684579326,0.1433721744
46101,72783.0,0.9456598447,0.011627907,0.0631007752,1.0
46102,42791.0,0.7798947817,0.0063272294,0.0339437249,1.0
46103,74641.0,0.9468187723,0.0129418566,0.0593858658,0.1801926352
46105,56922.0,0.9280709949,0.0059985886,0.0225829217,1.0
46107,70243.0,0.976945245,0.0058019063,0.0256941567,1.0
46109,65069.0,0.9170325511,0.0061728395,0.0300803449,1.0
46111,67523.0,0.8977917981,0.0037515632,0.0475197999,1.0
46115,69262.0,0.9203461282,0.0085955238,0.0298410639,1.0
46117,82778.0,0.9541494727,0.0085441998,0.0147880381,0.3003355705
46119,74496.0,0.9619220308,0.0254350736,0.0287817938,1.0
46121,50268.0,0.8246475865,0.0046744211,0.0247853028,1.0
46123,58195.0,0.895280236,0.0051592243,0.0151218644,1.0
46125,75454.0,0.9173608797,0.0065359477,0.0408773679,1.0
46127,97016.0,0.9491554489,0.0138508991,0.0513879998,0.5790851228
46129,57426.0,0.9199894375,0.0041753653,0.0246726134,1.0
46135,73061.0,0.9273216689,0.0164561806,0.0616150019,0.3126555127
46137,42254.0,0.8878566689,0.0064599483,0.0137812231,1.0
47001,61009.0,0.9133859677,0.0397587058,0.0428496647,0.3652088223
47003,69272.0,0.8476293671,0.0763170295,0.1631137499,0.5510878436
47005,52795.0,0.8721726319,0.0254610942,0.0311122151,1.0
47007,50731.0,0.7962436461,0.0541168659,0.0386454183,1.0
47009,77206.0,0.906975116,0.0285954643,0.0482977039,0.3720062093
47011,61440.0,0.8840348851,0.0491848825,0.0862886385,0.3194807586
47013,50443.0,0.8287989383,0.0058672899,0.0167068593,0.4878284783
47015,60098.0,0.8421660094,0.0217752108,0.0333266945,1.0
47017,51159.0,0.8871579379,0.0983021483,0.0330561331,0.8210267229
47019,48885.0,0.8865613308,0.0203079513,0.027375399,0.4073745475
47021,82030.0,0.9032552171,0.0299853268,0.0487764472,1.0
47023,65714.0,0.8571929825,0.0893445416,0.035385664,0.659419872
47025,53195.0,0.8312008299,0.0122802719,0.0181294788,0.7132915145
47027,46575.0,0.8381140194,0.015037594,0.030075188,1.0
47029,47491.0,0.8365482617,0.0204256229,0.0321623356,0.678935526
47031,65038.0,0.874375125,0.039565913,0.0653934326,0.4607611118
47033,56083.0,0.8595646714,0.140895437,0.1158632528,1.0
47035,60632.0,0.8964705882,0.0079369981,0.0371525633,0.5394390384
47037,80216.0,0.9034001525,0.2538317699,0.1374804516,0.0314254823
47039,52000.0,0.8415758592,0.0253088538,0.0394646534,1.0
47041,57936.0,0.8268436984,0.0163486455,0.0783510012,0.7597111554
47043,74028.0,0.8920096476,0.0387103598,0.0519663664,0.6954248366
47045,57548.0,0.8915864713,0.1518713354,0.04137213,0.5437623978
47047,76680.0,0.9089431403,0.274770798,0.0396604414,0.746868302
47049,47860.0,0.8323961148,0.005838749,0.0234565394,1.0
47051,64243.0,0.9083842125,0.0471850226,0.0381600752,0.6790339926
47053,57630.0,0.88358313,0.1747085905,0.0360074444,0.7077475262
47055,60422.0,0.8759069767,0.0953419485,0.0311513297,0.7311672049
47057,57132.0,0.8383458647,0.0104128682,0.0371135691,0.8443065414
47059,54188.0,0.8669498626,0.0228033675,0.0401366824,0.6732951306
47061,41370.0,0.7998360152,0.0128269437,0.0202078108,1.0
47063,55904.0,0.8713956951,0.0350368491,0.1514135556,0.2266081645
47065,73319.0,0.9113316506,0.1774108628,0.0817345155,0.1250604166
47067,39077.0,0.7884814585,0.0073317999,0.0106382979,1.0
47069,47551.0,0.8263238178,0.4109594399,0.022216138,0.7925928835
47071,49126.0,0.8442383563,0.0324653862,0.0256711594,0.6709776005
47073,54454.0,0.8640332147,0.014556314,0.0222525597,0.620757744
47075,42579.0,0.8275167244,0.5054824561,0.0488804247,0.4614308106
47077,55656.0,0.8924875135,0.0758817243,0.0311364446,0.7716758854
47079,52064.0,0.8839354343,0.0703753763,0.030503164,0.6777229106
47081,59650.0,0.8459321658,0.0454580655,0.0360876636,1.0
47083,56951.0,0.87336393,0.0312164899,0.0345526034,1.0
47085,63017.0,0.8770219366,0.0286844708,0.0312353584,1.0
47087,48285.0,0.8255657629,0.0096254954,0.0308986492,1.0
47089,62730.0,0.8893255074,0.0191223763,0.0479788374,0.7581698151
47091,51597.0,0.8132211015,0.0253605442,0.0339591837,1.0
47093,70457.0,0.9233251759,0.0840215791,0.0637487042,0.091932497
47095,40778.0,0.7183180845,0.2698912872,0.0322987238,1.0
47097,51486.0,0.82779777,0.3481105242,0.0290125965,0.7246947461
47099,55845.0,0.85546875,0.0189964002,0.0289716789,0.7355239023
47101,55231.0,0.8539275766,0.0210469922,0.0349762743,1.0
47103,60974.0,0.8697575295,0.0677375653,0.0428267301,0.7134686713
47105,81605.0,0.889158557,0.0136323876,0.105279662,0.3565572277
47107,55852.0,0.861776082,0.03676497,0.04757714,0.6166191155
47109,54516.0,0.8740574801,0.0603141842,0.0230095937,1.0
47111,57496.0,0.8161657426,0.012764528,0.0701302579,0.7551554569
47113,60663.0,0.9031289863,0.3771838739,0.0541066406,0.263238315
47115,57109.0,0.822974526,0.0384929549,0.0277380709,0.9134445331
47117,73770.0,0.9051731296,0.0593598658,0.0746191932,0.6522524623
47119,74164.0,0.9252986004,0.108531961,0.0828006501,0.3748192604
47121,56161.0,0.8291245791,0.0220582865,0.0257833613,1.0
47123,58980.0,0.8632335681,0.0195085813,0.0493270774,0.732972973
47125,74701.0,0.9434633438,0.2144393677,0.1164120864,0.1773262022
47127,66435.0,0.8913590604,0.023562537,0.0214878483,0.9989165764
47129,55668.0,0.8343522749,0.0355537014,0.0218328466,1.0
47131,54428.0,0.8499744459,0.1053566144,0.056591365,0.5930749992
47133,52236.0,0.8182098765,0.0087452308,0.0245209414,1.0
47135,50014.0,0.8239687659,0.0292430548,0.023057024,1.0
47137,46177.0,0.8141430074,0.0037051482,0.0212558502,1.0
47139,57045.0,0.8565945033,0.0091498919,0.0226251872,1.0
47141,57896.0,0.8875377615,0.0221005677,0.0860049616,0.3852656097
47143,57682.0,0.8409473276,0.0207817474,0.0647918877,0.7052631579
47145,65970.0,0.8932187485,0.0273816315,0.0272033657,0.5211407385
47147,81529.0,0.8885461083,0.0746457226,0.1022715432,0.5300056316
47149,81987.0,0.9237049045,0.1645568931,0.1235382088,0.1596405123
47151,46923.0,0.8047470662,0.0036534211,0.0133507735,1.0
47153,62157.0,0.8171418959,0.0103723559,0.0501719014,1.0
47155,60704.0,0.8779735062,0.0134788513,0.0963939043,0.5336552145
47157,62402.0,0.8983167313,0.5333468126,0.0889585316,0.0340276463
47159,72153.0,0.8734132581,0.0251728503,0.0341318532,1.0
47161,60634.0,0.8990510802,0.0202503164,0.0310786106,1.0
47163,57016.0,0.8963483338,0.0235544454,0.0278286613,0.2653591548
47165,86376.0,0.9179851236,0.0845360924,0.0747713876,0.2525919473
47167,70886.0,0.8925346682,0.1830524873,0.0321857615,0.6666229293
47169,62658.0,0.8504122497,0.1100154837,0.0436802217,1.0
47171,54955.0,0.8797660641,0.0064766839,0.0684275738,0.5144466756
47173,64244.0,0.8333449794,0.0065570609,0.0252157562,1.0
47175,58584.0,0.8421744849,0.0095487448,0.0261820422,1.0
47177,49436.0,0.8479028929,0.0333036259,0.1009897275,0.6163651015
47179,62028.0,0.9113903588,0.0411067765,0.0502311805,0.2575995669
47181,51817.0,0.8350774722,0.0630524088,0.0293165692,1.0
47183,55285.0,0.8796042041,0.0826079071,0.0331882481,0.6743662999
47185,63690.0,0.8338857085,0.0169036665,0.0337724801,0.791927169
47187,136007.0,0.9593127312,0.0401383952,0.0604136731,0.1864196733
47189,96466.0,0.9354506649,0.0772999988,0.0674755917,0.3523829508
48001,56548.0,0.8598529306,0.2040494665,0.1964978523,0.6786195228
48003,80936.0,0.7687179025,0.0146806687,0.581600943,0.1831810854
48005,57298.0,0.8487863182,0.1477112656,0.2382871998,0.5190578158
48007,60112.0,0.9144671768,0.0158823993,0.2729565697,0.2357532522
48009,71672.0,0.9099820291,0.0127367372,0.0960239229,0.8735981308
48011,68555.0,0.9402637704,0.0169213974,0.1097161572,1.0
48013,58330.0,0.8087796694,0.0116252124,0.6601073691,0.7145219575
48015,73248.0,0.8845665962,0.0857404426,0.2824446759,0.7883448802
48017,51193.0,0.7194647202,0.0148381295,0.6629196643,0.2527520278
48019,66649.0,0.9191066403,0.0140036224,0.2159738481,1.0
48021,77345.0,0.8186208546,0.059903591,0.4590442146,0.7200460829
48023,49566.0,0.8249496982,0.0303205313,0.1412070459,1.0
48025,54072.0,0.8156780647,0.0841815235,0.6166936791,0.5416626405
48027,69562.0,0.9100864627,0.224907361,0.2664238682,0.1369065445
48029,69755.0,0.8642697484,0.0807772651,0.5980972171,0.0470765292
48031,91031.0,0.9248811068,0.0116492949,0.1850858369,1.0
48033,80738.0,0.9463087248,0.0174825175,0.1486013986,1.0
48035,66325.0,0.8818844894,0.0185302169,0.1957780585,1.0
48037,55343.0,0.9001330277,0.254474462,0.0872424662,0.379436556
48039,93071.0,0.8918111201,0.1684221608,0.3183802997,0.2259542888
48041,55724.0,0.8900504087,0.1075834787,0.2745654937,0.1185038208
48043,57871.0,0.8996930804,0.0240723221,0.4204772417,0.3418185627
48045,57983.0,0.8045738046,0.0401384083,0.2851211073,1.0
48047,36695.0,0.6735801512,0.0268691589,0.8691588785,0.3644714528
48049,57744.0,0.8774316878,0.036244801,0.228990674,0.4339939625
48051,63764.0,0.8511528803,0.1043902439,0.231732991,1.0
48053,77824.0,0.8920027155,0.0168917042,0.2350391732,0.6732342764
48055,63395.0,0.8031975638,0.0518462063,0.575924106,0.5459320445
48057,68885.0,0.8247200689,0.0219333875,0.4966490658,0.400427733
48059,63378.0,0.9307425541,0.0173925143,0.1178516766,1.0
48061,51716.0,0.7164206715,0.0064352839,0.8915797614,0.1758147533
48063,53775.0,0.8411771715,0.1476153846,0.2788461538,1.0
48065,73716.0,0.9356373654,0.014290575,0.1126233413,1.0
48067,52092.0,0.872808321,0.1598450748,0.0577131093,0.8056160821
48069,55135.0,0.7631520036,0.0195101702,0.6561505466,1.0
48071,103034.0,0.8949587886,0.086197936,0.2733499146,0.5410663288
48073,57691.0,0.8069478762,0.1317961583,0.2418752514,0.7246488931
48075,53921.0,0.8393834922,0.0967884502,0.3126104891,0.3223289316
48077,73557.0,0.9277893639,0.0129446824,0.0734773701,1.0
48079,46409.0,0.7171411266,0.0382622559,0.6022319649,1.0
48081,56786.0,0.8780089759,0.0086515513,0.2180787589,1.0
48083,48955.0,0.8859295602,0.0314970671,0.1694720735,0.5316241541
48085,120149.0,0.9447256688,0.1146810289,0.1609466277,0.0614956809
48087,48858.0,0.7540697674,0.0561841592,0.313304721,1.0
48089,61410.0,0.8843259968,0.1121371407,0.3101292797,1.0
48091,99871.0,0.9420489122,0.0301658347,0.2881739615,0.4661147609
48093,54726.0,0.8460101691,0.009252669,0.2980071174,1.0
48095,54909.0,0.7949502678,0.1170761298,0.3148316652,1.0
48097,75003.0,0.8839062065,0.0315198027,0.2114110822,0.6029567054
48099,72724.0,0.9065629102,0.1621739438,0.2111147765,0.1952872083
48101,52342.0,0.7959401709,0.0973724884,0.2720247295,1.0
48103,58133.0,0.755862069,0.029514648,0.7017927416,1.0
48105,58833.0,0.657763694,0.0122463261,0.6305108467,1.0
48107,46106.0,0.7843494086,0.0339637991,0.5664022778,1.0
48109,54183.0,0.7330429371,0.0286885246,0.6830601093,1.0
48111,61424.0,0.8073248408,0.0178250656,0.5489843858,0.2330288124
48113,74352.0,0.8168122272,0.2302273901,0.4135475633,0.0057825806
48115,55057.0,0.7231554062,0.0643952016,0.5638120626,0.2990526654
48117,60118.0,0.7140867304,0.010192402,0.7712977599,0.1648280687
48119,56945.0,0.8995202559,0.0576086957,0.0998188406,1.0
48121,107401.0,0.9341044862,0.1181727156,0.2049949241,0.0720370865
48123,61067.0,0.8542299349,0.0766721863,0.3607305936,0.5139729621
48125,47356.0,0.8499580889,0.025131502,0.2764465225,1.0
48127,45002.0,0.7439071567,0.0152597796,0.8744095919,0.3482298317
48129,48934.0,0.8353686115,0.0528935905,0.1334785314,1.0
48131,40415.0,0.7357077346,0.0224906289,0.8195543524,1.0
48133,52188.0,0.849716679,0.0206242723,0.172423352,1.0
48135,66813.0,0.7762595723,0.0454910209,0.6453974005,0.0909057885
48137,51691.0,0.784164859,0.0172290022,0.4967695621,1.0
48139,90077.0,0.8764632741,0.1652836929,0.284128188,0.3069444805
48141,58656.0,0.806474437,0.0346220168,0.8283464386,0.0402364909
48143,63564.0,0.8706042885,0.0191650639,0.2240298676,0.5098836526
48145,49940.0,0.8488113844,0.2136410968,0.2585329168,0.6819896275
48147,66381.0,0.8676720804,0.0650235554,0.1374464348,0.7813078347
48149,71442.0,0.9025344353,0.0567637591,0.2217555154,0.7945569879
48151,61808.0,0.903190319,0.0395902547,0.272978959,1.0
48153,46817.0,0.7458147321,0.0367387033,0.5868369352,1.0
48155,50030.0,0.8124076809,0.0583873957,0.1927710843,1.0
48157,106213.0,0.9193230241,0.2172717932,0.2474884869,0.0479800773
48159,59972.0,0.9088461021,0.0460176991,0.144201211,1.0
48161,58850.0,0.865872902,0.140942224,0.1742086982,1.0
48163,50112.0,0.705788776,0.0384722299,0.7765608495,0.5070437857
48165,66019.0,0.5826691538,0.0157172668,0.4067841762,0.6727474766
48167,83080.0,0.8984563334,0.1272004511,0.2673354638,0.0406436601
48169,53190.0,0.6806296692,0.0573389418,0.5344255037,1.0
48171,76238.0,0.8928079496,0.0061298814,0.2331518408,0.5644153414
48173,99602.0,0.8756410256,0.0262927257,0.3435582822,1.0
48175,64024.0,0.8401923077,0.040593505,0.3149496081,1.0
48177,56350.0,0.7699169486,0.0572503763,0.5116407426,0.6462117743
48179,56726.0,0.8475841769,0.0469018933,0.3225760184,0.2054930042
48181,69442.0,0.9046480631,0.0586221215,0.1672350535,0.4768966306
48183,61254.0,0.8675580472,0.20361525,0.2046846162,0.1346034659
48185,64708.0,0.8194894266,0.1319478755,0.2571949111,0.7451824518
48187,94952.0,0.8930164937,0.0804758721,0.3946586435,0.2482195176
48189,52487.0,0.7512016824,0.0475425837,0.6195019049,0.3046245618
48191,40725.0,0.8330087634,0.0862313698,0.3587650816,1.0
48193,59403.0,0.8834901625,0.0105580694,0.1453764938,1.0
48195,68171.0,0.7462039046,0.0094655886,0.5002957996,1.0
48197,50431.0,0.856970671,0.0593123209,0.2432664756,1.0
48199,73943.0,0.8990512628,0.0582379293,0.0717632722,0.5072113247
48201,72348.0,0.8248133128,0.1974838293,0.4406328689,0.0113372133
48203,62710.0,0.891533529,0.2063050991,0.1507440581,0.5490492308
48205,88312.0,0.83075,0.0563654033,0.315451895,0.4620958751
48207,49755.0,0.833120041,0.0425255339,0.2681522748,1.0
48209,88491.0,0.9148667496,0.0416277461,0.3958664604,0.2974359825
48211,72565.0,0.8451788139,0.0072122923,0.3292568203,1.0
48213,58965.0,0.8752111059,0.0606211843,0.1537175886,0.6594400487
48215,53160.0,0.6934862043,0.0064643155,0.9193841537,0.0890522416
48217,61840.0,0.8692672431,0.0557203223,0.2347444949,0.775101745
48219,60851.0,0.7989047097,0.0331314073,0.4989282386,0.4149138692
48221,82428.0,0.9225988943,0.0130581049,0.1418095435,0.4108412611
48223,61112.0,0.846346009,0.0666981033,0.1924709211,0.6008644358
48225,52649.0,0.8266683023,0.2310341702,0.1468322306,0.7310341702
48227,63398.0,0.81223916,0.0465732801,0.4791516659,0.1693918531
48229,47693.0,0.5991773309,0.0692552883,0.6815415822,1.0
48231,70427.0,0.8631770675,0.0831517376,0.2216291565,0.6132598343
48233,64752.0,0.8582941572,0.0240103829,0.2527329906,0.3768249503
48235,75689.0,0.8922211809,0.015493867,0.2556488057,1.0
48237,62721.0,0.8024859527,0.0352676056,0.1878309859,1.0
48239,62026.0,0.8298099302,0.0599172196,0.3342093161,0.6056845476
48241,58113.0,0.883383845,0.1550437389,0.0726432985,0.7785627653
48243,63614.0,0.8667141839,0.0075431034,0.2957974138,1.0
48245,59298.0,0.8488394048,0.3325500207,0.2456619588,0.0984695508
48247,44736.0,0.7876142976,0.0116525424,0.886440678,1.0
48249,50814.0,0.7920511575,0.0074233097,0.7962857586,0.5008356689
48251,83229.0,0.8692247265,0.0575833144,0.2589179226,0.4647273617
48253,51671.0,0.8108638301,0.121731024,0.2876698886,1.0
48255,62059.0,0.771722561,0.1017445732,0.5355573312,1.0
48257,90064.0,0.8633668446,0.2075232915,0.280505143,0.4192209758
48259,112618.0,0.935578016,0.014682312,0.2482933296,0.5680345085
48261,43037.0,0.4680851064,0.0233236152,0.7317784257,1.0
48263,62437.0,0.8991150442,0.0095367847,0.1716621253,1.0
48265,64662.0,0.9031737906,0.0149680052,0.2714272466,0.3945777406
48267,54562.0,0.8313002083,0.0101305718,0.2296262945,1.0
48269,85720.0,0.7987012987,0.0230414747,0.1428571429,1.0
48271,53572.0,0.8871030968,0.0219186785,0.5311308767,1.0
48273,52903.0,0.8382785043,0.0346203731,0.7187136253,0.1963595361
48275,55414.0,0.8522530329,0.0517867959,0.3355542096,1.0
48277,56275.0,0.8803110166,0.1312809279,0.0995364485,0.4750838524
48279,57113.0,0.7739463602,0.0362677995,0.5839823775,0.5687236489
48281,71484.0,0.9027671512,0.0401083312,0.2100421288,0.6613492394
48283,48675.0,0.6385676157,0.0182040691,0.7749732293,1.0
48285,64145.0,0.8712600084,0.0560497788,0.2011083564,0.8238678271
48287,71112.0,0.8319581085,0.089747807,0.2695175439,1.0
48289,59488.0,0.8631486368,0.0605272705,0.1696698513,1.0
48291,72329.0,0.7807827653,0.0795127087,0.4179381558,0.7737045445
48293,53482.0,0.8555355536,0.161752809,0.239011236,0.699223336
48295,67386.0,0.8349514563,0.0151410874,0.3830006882,1.0
48297,59202.0,0.7690736513,0.0628453039,0.421875,1.0
48299,71475.0,0.9192127246,0.0118469945,0.1405464481,0.502141882
48301,86760.0,0.9423076923,0.0697674419,0.1162790698,1.0
48303,57883.0,0.8881449661,0.0722502648,0.3660746557,0.1052057211
48305,57338.0,0.8276699029,0.0227391078,0.4028814442,1.0
48307,47814.0,0.8275990329,0.0232152442,0.3024691358,0.3595019659
48309,63377.0,0.8809495908,0.139286552,0.2716329775,0.2402188971
48311,71112.0,0.884180791,0.0264084507,0.3943661972,1.0
48313,53301.0,0.8020354563,0.1765390773,0.2656818513,1.0
48315,47660.0,0.8661217587,0.1928743078,0.0544352732,1.0
48317,81637.0,0.837694704,0.026648773,0.4564800613,1.0
48319,62435.0,0.8425026969,0.0053421521,0.2348003053,1.0
48321,58996.0,0.8274630337,0.1013504222,0.4407161913,0.4673562267
48323,46052.0,0.6772626402,0.0055399744,0.9469374329,0.0657142364
48325,70707.0,0.859534962,0.0344361918,0.5209956749,0.8426144873
48327,45438.0,0.7675378267,0.0214504597,0.3370786517,1.0
48329,94375.0,0.8623904375,0.0672527497,0.4705772749,0.1372137214
48331,63456.0,0.8672099162,0.0835035259,0.2595275712,0.5711804153
48333,56328.0,0.8947826087,0.0147317502,0.1737027265,1.0
48335,53255.0,0.8327033689,0.1117355372,0.3885399449,0.3505005562
48337,60336.0,0.8687582243,0.0093527178,0.1244559681,0.7285750063
48339,92578.0,0.9015991707,0.0708100327,0.282579419,0.2287623521
48341,64003.0,0.7019292092,0.0484190656,0.6149126947,0.314589381
48343,51598.0,0.8705996601,0.211503398,0.1161942649,1.0
48345,48952.0,0.8572927597,0.0284313725,0.1607843137,1.0
48347,52516.0,0.8515177889,0.1652313576,0.2183709369,0.4782608696
48349,59659.0,0.7935075589,0.1173721578,0.3276714299,0.5367132867
48351,51302.0,0.8444721341,0.1657945012,0.0390397874,1.0
48353,53370.0,0.8350375626,0.0458548861,0.3787921152,0.2962410096
48355,63669.0,0.8526326597,0.0371144146,0.6291709364,0.062770048
48357,71770.0,0.8091884641,0.006079967,0.578215169,0.1621567649
48359,68640.0,0.8781074579,0.0319685923,0.2063937185,1.0
48361,66029.0,0.9098648768,0.0896269336,0.1002543104,0.3606853127
48363,55417.0,0.8614209627,0.0226241302,0.2075503412,0.5037840121
48365,63482.0,0.8504400725,0.1501007093,0.1059637446,0.7186430128
48367,98121.0,0.9051862646,0.0182369419,0.1513885206,0.6434807249
48369,62913.0,0.7272285251,0.0123739212,0.6676718311,1.0
48371,58265.0,0.7905485399,0.0391848458,0.7137386309,0.4371750148
48373,57009.0,0.8178585751,0.0886575868,0.1557782453,0.8884344512
48375,51177.0,0.774038848,0.1031863023,0.3985102096,0.1126429023
48377,42699.0,0.6605382361,0.0188093184,0.8241587575,1.0
48379,63796.0,0.8981717687,0.0275681503,0.106961343,1.0
48381,81705.0,0.9364791098,0.0376108732,0.2531246838,0.1697725803
48383,72585.0,0.8904415875,0.0308818848,0.6851321235,1.0
48385,49014.0,0.86875965,0.018220042,0.2771548704,1.0
48387,49265.0,0.8706432749,0.1508820003,0.0797225552,1.0
48389,57179.0,0.7125956023,0.01971113,0.856924384,0.1130322756
48391,52641.0,0.8264568269,0.0585058506,0.5103510351,1.0
48393,76634.0,0.9750957854,0.0023809524,0.1273809524,1.0
48395,60078.0,0.8476798344,0.1809810621,0.2269068165,1.0
48397,118175.0,0.9419079533,0.0992102477,0.2148628786,0.1373598345
48399,61643.0,0.8620891161,0.0213822456,0.3541751115,1.0
48401,65812.0,0.8487640697,0.159328548,0.1951054089,0.6407476922
48403,58723.0,0.873483088,0.0666930536,0.0466059766,1.0
48405,50908.0,0.8168453822,0.2096259415,0.0837482446,1.0
48407,66009.0,0.8443799633,0.0840475532,0.1991636716,1.0
48409,61411.0,0.8388520487,0.0171384093,0.5656948769,0.2783215766
48411,52325.0,0.844844358,0.043798118,0.3067579127,1.0
48413,60063.0,0.8103651355,0.0163111669,0.5370138018,1.0
48415,69881.0,0.8518314514,0.0368245744,0.4391808537,0.3180368533
48417,68681.0,0.9241598547,0.0151749768,0.1310003097,1.0
48419,54359.0,0.8249237417,0.1653500972,0.2014144506,0.7867371576
48421,66202.0,0.7802267003,0.0141896938,0.4802091113,1.0
48423,71348.0,0.8799832358,0.1704749826,0.211338083,0.3492476839
48425,78913.0,0.9134601209,0.0115291262,0.180420712,1.0
48427,38824.0,0.6007353943,0.0022295022,0.9698183032,0.2859526699
48429,59099.0,0.8332545311,0.0322166328,0.2573049342,0.400615317
48431,80859.0,0.8792884371,0.0143163923,0.3521832498,1.0
48433,56413.0,0.8452970297,0.0328407225,0.2027914614,1.0
48435,63893.0,0.8074592075,0.0065197144,0.636448308,1.0
48437,52350.0,0.803304309,0.081092739,0.4671459382,1.0
48439,80083.0,0.8711978389,0.1838061116,0.3050628348,0.0122815828
48441,62128.0,0.9056559043,0.0803072816,0.2544267073,0.1750600525
48443,47947.0,0.9404255319,0.0174672489,0.499272198,1.0
48445,44361.0,0.7774468661,0.0377587252,0.5719234433,0.3014960696
48447,51546.0,0.9270008795,0.0117955439,0.120576671,1.0
48449,57559.0,0.771097262,0.0921325382,0.4543802022,0.5065446283
48451,60379.0,0.8715790818,0.0352016261,0.4122731129,0.1668374957
48453,97544.0,0.9153788379,0.086077421,0.3237263111,0.0511065054
48455,49277.0,0.8896572162,0.0846921563,0.119623278,1.0
48457,54438.0,0.8311333014,0.1125502895,0.0885094691,1.0
48459,61533.0,0.8684256448,0.076754234,0.1070908713,0.8069059963
48461,59047.0,0.8148314607,0.0302348022,0.5548407848,1.0
48463,49006.0,0.7826928037,0.0092147436,0.7114583333,0.3516528253
48465,56619.0,0.7506985408,0.0158424141,0.8124895222,0.1030975497
48467,66356.0,0.8731320525,0.029515625,0.1401875,1.0
48469,69442.0,0.8505432971,0.0570998429,0.4839849887,0.2774121486
48471,56863.0,0.8476277721,0.2166904563,0.2173057046,0.4317408377
48473,77209.0,0.839433742,0.2368574261,0.3396692524,0.7736028454
48475,65610.0,0.8104198848,0.0405799745,0.5708553711,0.2131569907
48477,67927.0,0.9038422444,0.1575377631,0.187072716,0.514173998
48479,57899.0,0.6978856325,0.0049340883,0.9490874909,0.058596704
48481,60496.0,0.8394372326,0.1249430988,0.4234409066,0.4752946837
48483,54682.0,0.8763345196,0.0276852623,0.2504163197,1.0
48485,61622.0,0.880377817,0.1056153019,0.2091181441,0.1274835717
48487,53416.0,0.8129196573,0.0763456317,0.308097748,0.260960658
48489,42279.0,0.6773145642,0.0221590058,0.871737286,0.3559809562
48491,111183.0,0.9415971312,0.0730646265,0.2488586341,0.0915261807
48493,85288.0,0.896076712,0.0195079638,0.4069357548,0.8731131791
48495,67901.0,0.7383436236,0.0236039924,0.6382519558,0.1809780516
48497,89873.0,0.8663876697,0.0182849533,0.2149762475,0.9050734351
48499,58813.0,0.8672354039,0.0405458985,0.1167963941,0.8729121602
48501,64634.0,0.7573333333,0.0123192287,0.6581414033,1.0
48503,64187.0,0.893815261,0.0148973736,0.2100529684,0.5195052331
48505,41688.0,0.6406092649,0.0057513104,0.9424868957,0.2121823025
48507,36878.0,0.733788994,0.0093427835,0.9265463918,0.306204757
49001,67100.0,0.9341955979,0.0082953131,0.1448914697,1.0
49003,83493.0,0.9257896351,0.0043870844,0.1035670985,0.3173793917
49005,83027.0,0.9399147085,0.0091717992,0.1190999558,0.1443967136
49007,59838.0,0.9180548293,0.0052404289,0.1350866126,0.3461689202
49009,65231.0,0.9135559921,0.0010080645,0.0524193548,1.0
49011,111081.0,0.9603207893,0.0125131629,0.1198289421,0.0083655243
49013,75705.0,0.9062946466,0.0032719637,0.077306246,0.6804960196
49015,68823.0,0.931743292,0.0030559937,0.0732452681,1.0
49017,64844.0,0.9507842077,0.0063981935,0.0743319533,1.0
49019,67360.0,0.942575406,0.0083453534,0.131155986,0.179542869
49021,68170.0,0.9316773834,0.0068056875,0.1070844559,0.2860933163
49023,85382.0,0.9246065808,0.0038393611,0.0562082469,0.462922111
49025,69247.0,0.9473043478,0.0072403561,0.0522255193,1.0
49027,66467.0,0.9131473102,0.0033489618,0.1335119446,1.0
49029,122672.0,0.9758008113,0.0035384615,0.0292307692,1.0
49031,58106.0,0.8562822719,0.0019354839,0.0870967742,1.0
49033,78332.0,0.9550561798,0.0074906367,0.0449438202,1.0
49035,94013.0,0.9170891837,0.0195351206,0.2070031278,0.0069142231
49037,57941.0,0.8772717074,0.0044574453,0.0588522078,1.0
49039,67295.0,0.9074971815,0.0093140007,0.1049641642,0.8224496255
49041,75024.0,0.9268062903,0.0046544934,0.0547798067,0.6100269492
49043,139848.0,0.9501224518,0.0078579948,0.1135667345,0.4464197181
49045,94200.0,0.927231907,0.009152844,0.15855992,0.1974744835
49047,70989.0,0.8934176514,0.0051129891,0.0885368374,0.4476417743
49049,100617.0,0.9538136031,0.0074474327,0.1462747541,0.0422915412
49051,121397.0,0.956474478,0.0048190825,0.1457839759,0.2786018167
49053,78094.0,0.943206487,0.0068361883,0.1236638808,0.1486584683
49055,60858.0,0.9569060773,0.0061208875,0.0485845448,1.0
49057,86678.0,0.9234674768,0.0132903805,0.193890985,0.0559142409
50001,82234.0,0.9509945888,0.0120625663,0.0327942736,0.8352915986
50003,67124.0,0.9414603363,0.0132049593,0.0294489417,0.6315902214
50005,64229.0,0.9366031947,0.008395949,0.0219536099,0.8384877452
50007,96142.0,0.9550092356,0.0277789251,0.0289707991,0.2606536243
50009,58359.0,0.8851054482,0.006156406,0.0178036606,1.0
50011,85765.0,0.9297253409,0.0082362631,0.020492607,0.7723941857
50013,82896.0,0.9670310296,0.0089728137,0.0242399893,1.0
50015,72811.0,0.935276812,0.0120874904,0.0253645434,1.0
50017,73771.0,0.9474208596,0.006913135,0.0194035334,1.0
50019,59906.0,0.9188211986,0.0093763628,0.019588603,1.0
50021,62634.0,0.9372891887,0.0079972126,0.0228634003,0.6772436109
50023,79916.0,0.9573009656,0.0094443151,0.0278507532,0.665356898
50025,64436.0,0.9481719801,0.015511465,0.0320889353,0.7094216316
50027,77932.0,0.9489633174,0.0097760796,0.0245951016,0.7864353367
51001,56039.0,0.8277007629,0.2652306026,0.1119768946,0.9035405381
51003,102750.0,0.9444900577,0.0925516097,0.0740170822,0.4037457182
51005,58215.0,0.9006913891,0.0457005824,0.0168550874,0.5313670104
51007,71112.0,0.8556149733,0.1856083086,0.0420623145,1.0
51009,61499.0,0.885746252,0.1805007007,0.0303223341,0.6236624397
51011,64701.0,0.9204711547,0.1753439279,0.0260317837,1.0
51013,138416.0,0.9542507808,0.1004560945,0.1596672389,0.0
51015,72831.0,0.9080070216,0.0477462395,0.0419568801,0.8426445726
51017,60234.0,0.84289746,0.0338188102,0.0236978524,1.0
51019,72742.0,0.9227830181,0.0697454768,0.0295369519,0.707344391
51021,57748.0,0.9115185333,0.0419161677,0.0129470788,1.0
51023,84395.0,0.9439341525,0.0311794872,0.0263736264,0.5943862365
51025,51441.0,0.7941127557,0.5270175884,0.030097149,1.0
51027,43446.0,0.7751697765,0.0436422696,0.0116833447,1.0
51029,57701.0,0.8473096287,0.3194722582,0.0267404877,1.0
51031,69570.0,0.9053892216,0.1498462095,0.0352994391,0.5685507038
51033,80562.0,0.8933070686,0.2526348039,0.0833026961,1.0
51035,53694.0,0.8525885559,0.0094394473,0.0435377407,0.9762647916
51036,73068.0,0.881726564,0.4170953101,0.0234493192,1.0
51037,50878.0,0.8142414861,0.2582921665,0.0286697248,1.0
51041,99401.0,0.9288815036,0.2444174681,0.1215574821,0.0803104118
51043,101205.0,0.9278703287,0.039764645,0.0837967154,1.0
51045,61531.0,0.8692982456,0.004955606,0.0148668181,1.0
51047,90465.0,0.8809563525,0.1262074109,0.1585505612,0.5706538286
51049,55713.0,0.8859613009,0.2882162381,0.0306742256,0.9330232558
51051,48157.0,0.8160463992,0.0069648094,0.0078445748,1.0
51053,83334.0,0.9127159947,0.3019440426,0.0454433193,0.7166422156
51057,62679.0,0.8574201061,0.357992074,0.0504812229,1.0
51059,141353.0,0.9323144717,0.1025197088,0.1768560214,0.0154175965
51061,111254.0,0.9189976575,0.0700192909,0.1323488326,0.574562846
51063,61164.0,0.9155955441,0.020090567,0.0301039607,1.0
51065,86462.0,0.9384953591,0.1459489846,0.0498910828,0.6394363096
51067,63692.0,0.9056956815,0.0780212065,0.0385605501,0.9006736788
51069,92108.0,0.8912311971,0.0466904182,0.1310915266,0.3940975071
51071,63384.0,0.912004614,0.0176824452,0.0183508537,1.0
51073,79016.0,0.9119813747,0.0759168185,0.0450607884,0.7257110382
51075,122002.0,0.950149346,0.1343162849,0.0387910431,0.9272859627
51077,42665.0,0.8426486902,0.0618907426,0.0450114491,0.9988912802
51079,83927.0,0.8986254296,0.0741279752,0.0771794751,1.0
51081,53908.0,0.7911702873,0.596963981,0.0300008982,0.8777982618
51083,50813.0,0.816195949,0.3455372099,0.0281466858,0.7821115749
51085,111485.0,0.9434518847,0.0918719557,0.0412709815,0.3700706499
51087,85877.0,0.9301948398,0.3002867726,0.0698261441,0.0369420047
51089,51959.0,0.8322936077,0.2220634985,0.0719890548,0.6506437937
51091,56021.0,0.8926487748,0.0089781958,0.015818726,1.0
51093,88536.0,0.9217634165,0.2238215716,0.0459580949,0.5845464436
51095,109735.0,0.9523177681,0.1382026278,0.0740557021,0.1416157641
51097,66578.0,0.9001915709,0.2367559524,0.0360119048,1.0
51099,101323.0,0.9111929388,0.1580089611,0.0732987959,1.0
51101,88124.0,0.935655995,0.1451918024,0.0357330531,1.0
51103,66220.0,0.8695652174,0.2688092826,0.0211805875,1.0
51105,44110.0,0.8231751385,0.0411128995,0.0248792826,1.0
51107,173655.0,0.9413372212,0.0771610668,0.1421391691,0.1194653161
51109,79459.0,0.8922442417,0.1436752199,0.0435460682,1.0
51111,51013.0,0.8003374578,0.3178268815,0.0653763084,1.0
51113,76864.0,0.8872684273,0.0835928652,0.0425396376,1.0
51115,73034.0,0.9128040385,0.0789288231,0.0280714118,1.0
51117,53288.0,0.8598745669,0.3255024798,0.0336400418,0.8325802302
51119,67586.0,0.912716151,0.1519589894,0.0319480044,1.0
51121,67620.0,0.9566579449,0.041412442,0.0463482861,0.2608477653
51125,77049.0,0.8872126437,0.1046582795,0.0488269296,1.0
51127,115854.0,0.9459747546,0.148542129,0.0412106834,1.0
51131,53822.0,0.8681463575,0.2999750437,0.0951667914,1.0
51133,69662.0,0.9039393301,0.2350092809,0.0377693487,1.0
51135,58168.0,0.8575591664,0.3745342413,0.0486958756,1.0
51137,82738.0,0.9129979819,0.1225696065,0.0737024939,0.5668340045
51139,57960.0,0.8389859738,0.0232087949,0.0272103113,0.7999915644
51141,51200.0,0.8440574218,0.0504883203,0.0366097436,1.0
51143,54627.0,0.8575978263,0.2104379648,0.0324151013,0.8906133783
51145,100814.0,0.9152549587,0.08226133,0.0308363183,0.9809118782
51147,55264.0,0.879876161,0.3114880493,0.0489818132,0.6673531969
51149,82207.0,0.9056938857,0.3138485223,0.1035898393,0.4905603348
51153,128758.0,0.9022042357,0.2024262724,0.2631566049,0.0459494322
51155,59839.0,0.9072553718,0.0488486109,0.0232952013,0.4259171598
51157,88237.0,0.9184715619,0.0395198274,0.0508497437,1.0
51159,61655.0,0.7706904102,0.2852787456,0.0770905923,1.0
51161,80929.0,0.9378641053,0.0697235792,0.0425659102,0.1941008367
51163,64813.0,0.9094812375,0.0336344932,0.023615708,0.900794702
51165,79332.0,0.8701607484,0.0273773219,0.0958899362,0.5928101532
51167,51459.0,0.833613622,0.0098912745,0.0072222004,0.9938714557
51169,46015.0,0.8396880416,0.0107311156,0.0160966734,0.9830830552
51171,75129.0,0.8904269041,0.0302909702,0.0955823826,0.6961933644
51173,52646.0,0.8610727122,0.0214950712,0.0215635268,0.7556711409
51175,65742.0,0.8669172932,0.3266759388,0.0263699583,0.9824405423
51177,109834.0,0.907325958,0.1817659171,0.1398507902,0.3204053359
51179,130751.0,0.9281045752,0.2078547767,0.171047223,0.1864688677
51181,68714.0,0.8998171103,0.3732746853,0.0333687244,1.0
51183,53020.0,0.8459115687,0.5221716092,0.0368132379,1.0
51185,45959.0,0.8731673582,0.034202454,0.0146728016,0.5229414529
51187,89337.0,0.8897407688,0.0510001673,0.0793442153,0.6024013554
51191,57758.0,0.9011883202,0.0153006475,0.0192969473,0.6917400575
51193,66975.0,0.841436737,0.244832483,0.0664282333,0.7848676733
51195,50442.0,0.8032437873,0.0596747598,0.0151816683,0.6538610573
51197,59026.0,0.8959529207,0.0264375178,0.017577569,0.7471191234
51199,101987.0,0.9568634809,0.1373181869,0.0810547976,0.0706403027
51510,109902.0,0.9285630213,0.2181665915,0.1809766153,0.0
51520,45240.0,0.895533377,0.0647349319,0.0288570239,0.0102212672
51530,53778.0,0.8335777126,0.0516296071,0.041120926,0.0218340611
51540,72542.0,0.9263886021,0.163706289,0.0691816909,0.0
51550,91582.0,0.934361957,0.2977084203,0.0787282481,0.0773227702
51570,70161.0,0.9183431953,0.1942043169,0.0881313543,0.0
51580,49519.0,0.8705205336,0.1228133454,0.0366095582,0.0064493638
51590,45423.0,0.8501693292,0.5235557043,0.0577240242,0.0322610942
51595,45894.0,0.7573428493,0.6349990848,0.0691927512,0.0497745404
51600,119079.0,0.9183044791,0.0639118676,0.1926105632,0.0
51610,145755.0,0.9736922296,0.047463398,0.1056179775,0.0
51620,53310.0,0.8466356478,0.5447895431,0.0327377383,0.0394865526
51630,75915.0,0.9264810427,0.2297773783,0.126832135,0.0
51640,46891.0,0.8303451367,0.0573172547,0.1749292839,0.0985119048
51650,67764.0,0.9272043415,0.5041284337,0.0723278239,0.0031571733
51660,58597.0,0.8325174023,0.0816530285,0.2360322619,0.0062145366
51670,49111.0,0.8770085699,0.444092827,0.0923874824,0.0003473277
51678,62342.0,0.9587819133,0.0860786397,0.0515409139,0.0
51680,58962.0,0.9042347764,0.2739800088,0.0512478783,0.0161627156
51683,92198.0,0.816931485,0.1258197489,0.4435778527,0.0
51685,92611.0,0.7887815352,0.1260314162,0.4770490801,0.0
51690,44547.0,0.8607840896,0.4526629369,0.0861004142,0.0008157212
51700,63911.0,0.9183975275,0.4154370406,0.1101202503,0.0037369729
51710,61098.0,0.8962102005,0.3985103711,0.1031568008,0.0
51720,42618.0,0.9235225956,0.0595647194,0.0220504009,0.0989964741
51730,46216.0,0.8695291705,0.7518088204,0.0663484344,0.0270787256
51735,108161.0,0.9716820198,0.0185199842,0.0425009893,0.0888443018
51740,57012.0,0.8921528442,0.5354519438,0.0582583451,0.0
51750,47325.0,0.9323958897,0.0903305639,0.0442519592,0.0419415059
51760,64903.0,0.8926909577,0.4149410897,0.1064223305,0.0
51770,51782.0,0.8958870384,0.2826254747,0.0894505562,3.99956e-05
51775,63701.0,0.9421516346,0.0815234375,0.05015625,0.0
51790,59926.0,0.9365716144,0.1112868995,0.0486204901,0.0214368932
51800,81297.0,0.9177025678,0.4271053756,0.0552061912,0.2705568042
51810,90275.0,0.9466813776,0.1912800425,0.0923092523,0.0181469955
51820,56438.0,0.8903527943,0.1223794323,0.097748253,0.0235177509
51830,70270.0,0.9310254048,0.1475989146,0.0865147978,0.0011669368
51840,63514.0,0.8654022307,0.1023282761,0.211319115,0.0
53001,67056.0,0.699346982,0.0087415946,0.6477425552,0.472905448
53003,64789.0,0.9195998292,0.0087365293,0.0480730853,0.0726048912
53005,83040.0,0.8985679755,0.0143342363,0.263796412,0.1214368236
53007,74848.0,0.858426315,0.0053251997,0.2921359551,0.3362925867
53009,67071.0,0.9299065421,0.0089156875,0.0701144094,0.3609098568
53011,97240.0,0.9276276285,0.0242233522,0.1258850619,0.1348112797
53013,66267.0,0.889247659,0.0088823094,0.0819146311,1.0
53015,71996.0,0.8994447793,0.0097285228,0.1080326765,0.3297660977
53017,69808.0,0.8253908393,0.0058484754,0.3584758248,0.2538078159
53019,57090.0,0.9214197422,0.0082699747,0.04188342,1.0
53021,82542.0,0.7660839222,0.0183573318,0.5559807743,0.1144507954
53023,63313.0,0.928652968,0.0021159543,0.0605162928,1.0
53025,71374.0,0.8141605769,0.0107715382,0.4417888934,0.4486950556
53027,65758.0,0.9034124391,0.0130288524,0.1139992237,0.3911497171
53029,88451.0,0.9588411776,0.0291073064,0.0889563796,0.4778083517
53031,77856.0,0.9608627895,0.0106780566,0.0457969983,0.5325833156
53033,120672.0,0.9378148186,0.0698047002,0.1113688595,0.0329434831
53035,98894.0,0.9531370912,0.0289744938,0.0960534182,0.1757114194
53037,66374.0,0.9305916109,0.0096246814,0.1051243737,0.4279270136
53039,69596.0,0.8993284739,0.005426258,0.1322650388,0.797096987
53041,67877.0,0.903646442,0.0089490912,0.1172899691,0.6017845622
53043,71908.0,0.923782377,0.0069858579,0.0422559209,1.0
53045,75138.0,0.9110903894,0.0137887672,0.1316586001,0.694976113
53047,58085.0,0.8570215545,0.0113469985,0.2121842972,0.8060754323
53049,61773.0,0.9091874668,0.0094628099,0.1019421488,0.6292317569
53051,63611.0,0.9431930449,0.0072418355,0.0427546828,1.0
53053,97493.0,0.9246917037,0.0749427154,0.1308501383,0.0678167034
53055,86442.0,0.9554878453,0.0082408704,0.0768070667,0.8008769957
53057,90432.0,0.9083383246,0.0088420828,0.1965118668,0.3410127931
53059,85131.0,0.9316257409,0.0106803797,0.06875,1.0
53061,106067.0,0.9307595983,0.0396609218,0.1232644499,0.1179602322
53063,73380.0,0.9451195422,0.0203479885,0.0730467581,0.1462605152
53065,67525.0,0.9202603743,0.0060200258,0.0439420931,0.8910969964
53067,92357.0,0.9447051033,0.0369360843,0.1096276626,0.2133802363
53069,69726.0,0.9281419983,0.0054564533,0.0518363064,1.0
53071,71348.0,0.8923902439,0.0172654626,0.2444614085,0.2025278026
53073,75920.0,0.9376805905,0.0110254011,0.1082101941,0.2858710937
53075,59044.0,0.960709447,0.0234941265,0.0803340831,0.3185541867
53077,67112.0,0.7631699554,0.0091411026,0.5299306819,0.3043220841
54001,51353.0,0.8858147937,0.0139810118,0.011965145,1.0
54003,78995.0,0.9057157875,0.0802476593,0.0667774086,0.3242570202
54005,48034.0,0.8477777778,0.0083592535,0.0075330482,1.0
54007,50038.0,0.8367878459,0.0078112153,0.007482322,1.0
54009,49187.0,0.9241832496,0.0161418612,0.0151593132,0.4162861829
54011,55031.0,0.9001576881,0.0478269369,0.01805999,0.2202861685
54013,45793.0,0.8585334199,0.004698775,0.0093975499,1.0
54015,45291.0,0.8408716352,0.0053963767,0.0087369909,1.0
54017,56985.0,0.8252277024,0.0286458333,0.0100260417,1.0
54019,49739.0,0.8606867603,0.0390305078,0.0142813268,0.6295198577
54021,43671.0,0.814745509,0.1323407775,0.0392886683,1.0
54023,53187.0,0.9039339006,0.0122699387,0.0111711382,1.0
54025,47309.0,0.8729672694,0.0246975023,0.0197206756,0.7808472572
54027,63290.0,0.8867494588,0.0126432407,0.0182671572,1.0
54029,58478.0,0.8990713817,0.026505596,0.01840469,0.3291974566
54031,52212.0,0.8657554765,0.0310855379,0.0446986176,1.0
54033,58897.0,0.8880053157,0.0191370535,0.0234688037,0.4427572397
54035,52503.0,0.8939263897,0.0075381437,0.0108723227,1.0
54037,92747.0,0.8999220235,0.0603475672,0.0800508472,0.61699104
54039,56633.0,0.9074615777,0.073579131,0.0163782501,0.2937674624
54041,52827.0,0.883575363,0.0084242424,0.0146666667,0.7399166324
54043,47435.0,0.818169132,0.0046698137,0.0083752094,1.0
54045,48745.0,0.8264678959,0.0170305252,0.0085314821,0.7291429975
54047,35161.0,0.7590091717,0.0932392912,0.0222489822,1.0
54049,62449.0,0.9222962504,0.0318060458,0.0164674682,0.4348011743
54051,59661.0,0.9270541082,0.0104744091,0.0121407924,0.4893596156
54053,52054.0,0.8710153644,0.0110640016,0.0093680598,0.6871881507
54055,47084.0,0.8660577659,0.0604750504,0.0144513151,0.4181248324
54057,59085.0,0.9330773169,0.0272080992,0.0133993375,0.6922562922
54059,38358.0,0.764546851,0.0183898651,0.0092176361,1.0
54061,62330.0,0.9403634929,0.0362984831,0.0321580423,0.2665041296
54063,47797.0,0.8785026027,0.0130027459,0.010983686,1.0
54065,61802.0,0.878721309,0.0121819933,0.0190379058,1.0
54067,48515.0,0.8802989737,0.0067028011,0.0097231991,1.0
54069,59882.0,0.9260249856,0.036485896,0.0172112444,0.3297583972
54071,53640.0,0.8715194036,0.0228893681,0.0111129541,1.0
54073,60991.0,0.8813343055,0.0179052235,0.0133279483,1.0
54075,43632.0,0.8383872043,0.0164842241,0.0172569221,1.0
54077,54881.0,0.8582719876,0.0165987272,0.0194140591,1.0
54079,72073.0,0.9314643279,0.0134826727,0.0155015624,0.3393976323
54081,53456.0,0.8551597895,0.0760268672,0.0181187462,0.4306551729
54083,50868.0,0.8777200549,0.0206215722,0.0119926874,0.6022841186
54085,55110.0,0.8434726481,0.0055099792,0.0113872903,1.0
54087,48285.0,0.8292005554,0.004147566,0.0120061122,1.0
54089,44218.0,0.8293181329,0.0462827044,0.020723599,1.0
54091,57821.0,0.8635200924,0.0131193556,0.0108616061,0.6851242143
54093,55563.0,0.8889513109,0.004391278,0.01075106,1.0
54095,58892.0,0.9158121072,0.0053037,0.0098497285,1.0
54097,53380.0,0.8843146836,0.0110926941,0.0145352544,0.6411236144
54099,51532.0,0.8529199451,0.0074298148,0.0098710396,0.5981991688
54101,40727.0,0.8011918557,0.0039776259,0.0075823493,1.0
54103,56296.0,0.8991232391,0.0061915047,0.0154067675,0.624082537
54105,54506.0,0.8887697668,0.0062,0.0028,1.0
54107,56353.0,0.9051976574,0.0130400231,0.015171218,0.2962774034
54109,47212.0,0.780362776,0.0079893475,0.0093209055,1.0
55001,57944.0,0.889820996,0.0297915987,0.0469951979,1.0
55003,52158.0,0.9518449031,0.0067790285,0.0304123391,0.549198228
55005,66507.0,0.9172736265,0.0172527918,0.0336087801,0.7825779795
55007,64339.0,0.9616798311,0.005903751,0.021587453,1.0
55009,77645.0,0.9328688556,0.0297217934,0.1047502551,0.1659001265
55011,73869.0,0.919868839,0.0055890901,0.0310753409,1.0
55013,67061.0,0.927854645,0.0080154458,0.0209454716,1.0
55015,86890.0,0.9475914907,0.0098686066,0.0583093667,0.5262957172
55017,76637.0,0.9348077206,0.0160071674,0.0202180081,0.6252168273
55019,66994.0,0.8254513389,0.0046298959,0.0630356013,1.0
55021,79582.0,0.9382795392,0.016353652,0.0418825636,0.6624209267
55023,57014.0,0.9239360352,0.0203838435,0.0209483191,0.63005027
55025,84190.0,0.9627956743,0.0558532503,0.0783805251,0.135769291
55027,73861.0,0.9245098344,0.0279266924,0.0686040054,0.5488612466
55029,74247.0,0.9659378693,0.0081800929,0.0413912702,0.6863899421
55031,73372.0,0.946328037,0.012696548,0.0197225736,0.3861383903
55033,71215.0,0.9444896803,0.0086037472,0.0257675678,0.6253961268
55035,72806.0,0.9600815082,0.0113064512,0.0321863155,0.2372717813
55037,66442.0,0.9152819395,0.0059803503,0.0168731311,1.0
55039,73485.0,0.9301034743,0.0224439143,0.0695924886,0.3625688884
55041,59190.0,0.9072886297,0.0061126005,0.0233780161,1.0
55043,63246.0,0.9288521771,0.0149195666,0.0267657414,0.7720743964
55045,78114.0,0.93867372,0.0072528484,0.0428405185,0.7108618877
55047,64516.0,0.9151019807,0.0079094293,0.0581058726,0.7264696603
55049,77433.0,0.9549803369,0.0086408415,0.0241693104,0.7934117846
55051,58900.0,0.9536999596,0.003371869,0.0183044316,0.6715007333
55053,61023.0,0.9244123932,0.02181731,0.0389355071,0.7912035942
55055,82356.0,0.9288352416,0.0112662258,0.0850565061,0.4450058893
55057,63587.0,0.8966685203,0.0257200872,0.0298563586,1.0
55059,75699.0,0.9145675318,0.0701542797,0.1542438861,0.1308298503
55061,77472.0,0.9360016254,0.0055582407,0.0406959884,1.0
55063,71260.0,0.9647529255,0.0169065286,0.0281609482,0.1810918665
55065,73114.0,0.9097558826,0.0054293302,0.0699911478,1.0
55067,57907.0,0.8978457262,0.0118016904,0.0261286333,0.5859114463
55069,71871.0,0.9246371418,0.0067593733,0.0232001408,0.6650008798
55071,69652.0,0.9234744178,0.0127503658,0.0570754079,0.4277461621
55073,74505.0,0.9308802055,0.0101362075,0.0363388451,0.4338866629
55075,62650.0,0.9313979113,0.0072436232,0.0298532276,0.6076136798
55077,67207.0,0.9190125962,0.0065033464,0.0397777497,1.0
55078,49791.0,0.9528035498,0.0108849976,0.0409370563,1.0
55079,63304.0,0.8957536565,0.2586015139,0.1721132279,0.0027695907
55081,63372.0,0.9084554462,0.015427618,0.0574852116,0.5677270173
55083,69599.0,0.9310652921,0.0042489001,0.0230295412,1.0
55085,66650.0,0.9573388717,0.0058598859,0.0179982211,0.7426872771
55087,86098.0,0.9475325349,0.0178436507,0.0540277591,0.2539314648
55089,98394.0,0.9782628761,0.0189706826,0.0385084528,0.243117712
55091,70012.0,0.951670757,0.0044348878,0.0275500605,1.0
55093,95522.0,0.9566910333,0.0087156603,0.0303072561,0.699540415
55095,71613.0,0.9360293675,0.004326734,0.0228792448,1.0
55097,71295.0,0.9481957532,0.0101796576,0.042802433,0.3660570925
55099,60223.0,0.9333642691,0.0055311303,0.0181534534,1.0
55101,74555.0,0.9158463987,0.109046706,0.1542776927,0.1434705427
55103,60639.0,0.9208732349,0.0081991045,0.0333779148,0.7154415164
55105,73656.0,0.9261464684,0.0483814023,0.1028804831,0.2003885464
55107,58513.0,0.9231508165,0.0093332391,0.021211907,1.0
55109,103731.0,0.9632516018,0.0076475512,0.0309932516,0.6398819706
55111,79349.0,0.9335941722,0.0117870146,0.0691595874,0.4470446908
55113,59053.0,0.928767321,0.0038809832,0.0253880983,1.0
55115,67562.0,0.9293909974,0.0055219052,0.033593617,0.7008634818
55117,73970.0,0.9354189402,0.0236344181,0.0786313608,0.2935933714
55119,65125.0,0.9015173204,0.0041379998,0.0310100708,0.7934012956
55121,69119.0,0.9161164099,0.0051134341,0.1301660248,1.0
55123,69389.0,0.9047389481,0.0045877446,0.0182868142,0.8683336589
55125,63779.0,0.961348461,0.0034749843,0.0231526062,1.0
55127,76573.0,0.9251482699,0.0103286651,0.1211846308,0.3690527621
55129,63438.0,0.9373818526,0.003248671,0.0225634968,1.0
55131,93830.0,0.9559195238,0.017471484,0.0385183255,0.3835888886
55133,99168.0,0.9714047,0.0194866102,0.0589760804,0.1520770164
55135,68545.0,0.9203352074,0.0054292831,0.0405931346,0.6364162742
55137,70336.0,0.9009080771,0.0197721986,0.0717494185,0.996451876
55139,70720.0,0.945131455,0.0280839666,0.0518589688,0.1741396378
55141,67068.0,0.9349776208,0.0097783308,0.0392756191,0.3547778511
56001,59633.0,0.9694574369,0.0124683065,0.1063073424,0.1296336265
56003,60818.0,0.8803026544,0.0078216009,0.0968547179,1.0
56005,89749.0,0.9187907913,0.0058949851,0.0989094278,0.2680219453
56007,67773.0,0.9122910521,0.0111622715,0.1773405888,0.4703171218
56009,77224.0,0.9374671018,0.0055760736,0.0850170179,0.5274525489
56011,77897.0,0.9485222157,0.0089567966,0.0243677555,1.0
56013,64170.0,0.9352989971,0.0060278789,0.0731884968,0.5358362645
56015,63191.0,0.9297952826,0.0115488056,0.1016453093,0.485037606
56017,60811.0,0.9444110577,0.0094400343,0.0510620039,1.0
56019,66100.0,0.9459073604,0.006850097,0.0438406211,0.4653723215
56021,75131.0,0.9447580353,0.0199041432,0.1591737305,0.2115369309
56023,88037.0,0.9464311994,0.0060344828,0.0568965517,1.0
56025,73110.0,0.9375252729,0.0095695575,0.0960833615,0.1526358577
56027,56477.0,0.9415143603,0.0089209856,0.0441801189,1.0
56029,70330.0,0.9581045541,0.0062469497,0.0615584838,0.4435592763
56031,64207.0,0.9156130998,0.0056166628,0.0890475076,1.0
56033,71080.0,0.9633982839,0.006919032,0.0503705526,0.3716244623
56035,78217.0,0.9623834361,0.0085851265,0.0750362359,1.0
56037,76442.0,0.9253116531,0.0105457102,0.168270746,0.1075416351
56039,130156.0,0.9715956558,0.0082214187,0.1558195592,0.538811024
56041,79086.0,0.94606708,0.0047722343,0.1017594601,0.4417603912
56043,62794.0,0.9141974187,0.0042801556,0.1405966278,0.3638256344
56045,66429.0,0.9160079051,0.0076380729,0.0558166863,1.0
