FIPS,County,Deaths,Population,MortalityRate,CountyName,State,Income,Education,Black,Hispanic,Rurality
1001,"Autauga County, AL",187.0,59759.0,312.9,Autauga County,AL,68857.0,0.9027890205,0.2099035498,0.0385303769,0.406768132
1003,"Baldwin County, AL",758.0,246435.0,307.6,Baldwin County,AL,74248.0,0.9173139987,0.0822146923,0.0578208886,0.3758645536
1005,"Barbour County, AL",115.0,24706.0,465.5,Barbour County,AL,45298.0,0.7781370547,0.4648362823,0.0621110433,0.6591999366
1007,"Bibb County, AL",105.0,22005.0,477.2,Bibb County,AL,56025.0,0.8034021719,0.2036766051,0.036125846,1.0
1009,"Blount County, AL",261.0,59512.0,438.6,Blount County,AL,64962.0,0.8269620161,0.018255985,0.1051558112,0.9048939696
1011,"Bullock County, AL",32.0,10202.0,313.7,Bullock County,AL,36204.0,0.7404445649,0.6992017783,0.0617358796,1.0
1013,"Butler County, AL",91.0,18650.0,487.9,Butler County,AL,44729.0,0.8759495594,0.4467413774,0.0175171363,0.6943467535
1015,"Calhoun County, AL",583.0,115788.0,503.5,Calhoun County,AL,51841.0,0.8608620448,0.2202887597,0.0475826469,0.3649401843
1017,"Chambers County, AL",178.0,34088.0,522.2,Chambers County,AL,50390.0,0.836219572,0.3912380058,0.0413157663,0.5074485218
1019,"Cherokee County, AL",92.0,25302.0,363.6,Cherokee County,AL,56400.0,0.838685626,0.0422348632,0.0191693291,1.0
1021,"Chilton County, AL",203.0,45884.0,442.4,Chilton County,AL,59165.0,0.8418707516,0.0978656501,0.1009024143,0.8554449727
1023,"Choctaw County, AL",77.0,12439.0,619.0,Choctaw County,AL,47432.0,0.8421871527,0.4046686255,0.0125693764,1.0
1025,"Clarke County, AL",134.0,22515.0,595.2,Clarke County,AL,50868.0,0.8526869598,0.4522988763,0.012803868,1.0
1027,"Clay County, AL",63.0,14198.0,443.7,Clay County,AL,52077.0,0.8275660396,0.1347175962,0.0342994827,1.0
1029,"Cleburne County, AL",88.0,15346.0,573.4,Cleburne County,AL,59526.0,0.8539729307,0.0294775881,0.0207813799,1.0
1031,"Coffee County, AL",209.0,54805.0,381.4,Coffee County,AL,64737.0,0.8602319532,0.1636324425,0.0994374854,0.4753015992
1033,"Colbert County, AL",258.0,58033.0,444.6,Colbert County,AL,57770.0,0.8754941676,0.1549493669,0.0365141105,0.4029566463
1035,"Conecuh County, AL",80.0,11206.0,713.9,Conecuh County,AL,46702.0,0.8748615725,0.4436191158,0.0308752461,1.0
1037,"Coosa County, AL",44.0,10166.0,432.8,Coosa County,AL,59736.0,0.8277252678,0.2820412933,0.0255161667,1.0
1039,"Covington County, AL",208.0,37602.0,553.2,Covington County,AL,50119.0,0.861823954,0.1231292159,0.0207894182,0.6881554432
1041,"Crenshaw County, AL",67.0,13025.0,514.4,Crenshaw County,AL,49128.0,0.8257908612,0.2302877643,0.0232806656,1.0
1043,"Cullman County, AL",404.0,90665.0,445.6,Cullman County,AL,61231.0,0.8499519231,0.0123674144,0.0511650148,0.7559920788
1045,"Dale County, AL",215.0,49544.0,434.0,Dale County,AL,54697.0,0.8572357531,0.2118265124,0.0722864992,0.5045209423
1047,"Dallas County, AL",205.0,36767.0,557.6,Dallas County,AL,39013.0,0.8705845454,0.7059311489,0.0113092769,0.4486246165
1049,"DeKalb County, AL",306.0,71998.0,425.0,DeKalb County,AL,50614.0,0.7894519643,0.0149237278,0.1729939781,0.8829739694
1051,"Elmore County, AL",289.0,89563.0,322.7,Elmore County,AL,73125.0,0.8958912074,0.2174124567,0.0347740516,0.7123680053
1053,"Escambia County, AL",179.0,36666.0,488.2,Escambia County,AL,50333.0,0.8253264834,0.3077028284,0.0237978008,0.6528280328
1055,"Etowah County, AL",519.0,103088.0,503.5,Etowah County,AL,52504.0,0.8577786964,0.1498145117,0.0537577125,0.4316968947
1057,"Fayette County, AL",80.0,16118.0,496.3,Fayette County,AL,49235.0,0.8523172906,0.111730444,0.0223586146,1.0
1059,"Franklin County, AL",126.0,31932.0,394.6,Franklin County,AL,49682.0,0.7948572509,0.0366329162,0.2060876674,0.6904991748
1061,"Geneva County, AL",117.0,26783.0,436.8,Geneva County,AL,50006.0,0.8320944699,0.0874092189,0.0553208834,0.9944108931
1063,"Greene County, AL",54.0,7422.0,727.6,Greene County,AL,34619.0,0.820060675,0.7945783953,0.0079008309,1.0
1065,"Hale County, AL",64.0,14595.0,438.5,Hale County,AL,42380.0,0.8189205457,0.5765717356,0.0130977969,1.0
1067,"Henry County, AL",80.0,17655.0,453.1,Henry County,AL,55598.0,0.8223549756,0.2393429801,0.0225152243,1.0
1069,"Houston County, AL",486.0,108079.0,449.7,Houston County,AL,59412.0,0.8739965096,0.2720584168,0.0475927053,0.3431652395
1071,"Jackson County, AL",290.0,52891.0,548.3,Jackson County,AL,51479.0,0.8205595144,0.0329736099,0.0366768287,0.7530953422
1073,"Jefferson County, AL",2368.0,665409.0,355.9,Jefferson County,AL,64726.0,0.9099194224,0.4297648949,0.0547251073,0.1207091524
1075,"Lamar County, AL",64.0,13705.0,467.0,Lamar County,AL,50929.0,0.8389985752,0.1008710929,0.0204963033,1.0
1077,"Lauderdale County, AL",394.0,95878.0,410.9,Lauderdale County,AL,63895.0,0.8930403043,0.0995310596,0.035149875,0.5216322517
1079,"Lawrence County, AL",145.0,33214.0,436.6,Lawrence County,AL,61064.0,0.8455945252,0.099307504,0.032595069,0.9999395277
1081,"Lee County, AL",388.0,180773.0,214.6,Lee County,AL,62301.0,0.9142571104,0.2237535136,0.0538274705,0.2638988527
1083,"Limestone County, AL",383.0,110900.0,345.4,Limestone County,AL,81811.0,0.8756250496,0.1410330211,0.0769009367,0.5101284156
1085,"Lowndes County, AL",73.0,9777.0,746.7,Lowndes County,AL,42011.0,0.8322617517,0.718019965,0.017083462,1.0
1087,"Macon County, AL",98.0,18516.0,529.3,Macon County,AL,40710.0,0.8420375611,0.7834512793,0.0232444203,0.5390640999
1089,"Madison County, AL",1359.0,403565.0,336.7,Madison County,AL,86172.0,0.9259096196,0.2456834707,0.0682258846,0.1710227668
1091,"Marengo County, AL",55.0,18745.0,293.4,Marengo County,AL,47228.0,0.8561707393,0.5122029544,0.0283665168,0.6777415515
1093,"Marion County, AL",146.0,29156.0,500.8,Marion County,AL,48829.0,0.821086108,0.0402817672,0.033100807,1.0
1095,"Marshall County, AL",420.0,99423.0,422.4,Marshall County,AL,59882.0,0.8442075185,0.0271745603,0.1751756719,0.5365119043
1097,"Mobile County, AL",1693.0,411411.0,411.5,Mobile County,AL,55538.0,0.8900830693,0.3636405597,0.035455738,0.2239633181
1099,"Monroe County, AL",99.0,19404.0,510.2,Monroe County,AL,49314.0,0.8361468977,0.4169223569,0.0144053253,0.7833299616
1101,"Montgomery County, AL",719.0,226361.0,317.6,Montgomery County,AL,60063.0,0.8884380935,0.6033069606,0.0499111032,0.1236405566
1103,"Morgan County, AL",516.0,124211.0,415.4,Morgan County,AL,70387.0,0.8508455455,0.1290466943,0.1063028937,0.3843754304
1105,"Perry County, AL",50.0,8035.0,622.3,Perry County,AL,34176.0,0.8217232777,0.6928146808,0.0138278625,1.0
1107,"Pickens County, AL",70.0,18697.0,374.4,Pickens County,AL,47372.0,0.8388186894,0.3872538527,0.0672624144,1.0
1109,"Pike County, AL",104.0,33014.0,315.0,Pike County,AL,50675.0,0.8758267879,0.3803301446,0.0282463711,0.5617558848
1111,"Randolph County, AL",133.0,22479.0,591.7,Randolph County,AL,57148.0,0.8360101976,0.1789256561,0.0287018345,1.0
1113,"Russell County, AL",197.0,58555.0,336.4,Russell County,AL,52312.0,0.8578925011,0.4556720686,0.0613169004,0.4035111434
1115,"St. Clair County, AL",355.0,93932.0,377.9,St. Clair County,AL,78349.0,0.8758491952,0.1126402378,0.030297639,0.6711085255
1117,"Shelby County, AL",566.0,230115.0,246.0,Shelby County,AL,90280.0,0.9400800986,0.1443004292,0.0756094421,0.2396737571
1119,"Sumter County, AL",35.0,11853.0,295.3,Sumter County,AL,37021.0,0.8795113046,0.6910548307,0.0144111879,1.0
1121,"Talladega County, AL",382.0,80704.0,473.3,Talladega County,AL,59491.0,0.8451134833,0.323472859,0.0244786274,0.5867995959
1123,"Tallapoosa County, AL",186.0,40977.0,453.9,Tallapoosa County,AL,60583.0,0.838088517,0.2640066868,0.0292794454,0.7840768802
1125,"Tuscaloosa County, AL",677.0,236780.0,285.9,Tuscaloosa County,AL,61117.0,0.9087083063,0.3228631731,0.054757702,0.3109022358
1127,"Walker County, AL",439.0,64339.0,682.3,Walker County,AL,57950.0,0.8287923007,0.0612099864,0.038885799,0.7968534786
1129,"Washington County, AL",80.0,15122.0,529.0,Washington County,AL,57311.0,0.8868504377,0.2271335375,0.0111835974,1.0
1131,"Wilcox County, AL",60.0,10059.0,596.5,Wilcox County,AL,34426.0,0.7786755158,0.68845535,0.01307321,1.0
1133,"Winston County, AL",147.0,23755.0,618.8,Winston County,AL,52280.0,0.7876656114,0.0113082885,0.0383719453,1.0
2020,"Anchorage Borough, AK",486.0,287145.0,169.3,Anchorage Borough,AK,93881.0,0.9400815606,0.0511753911,0.0960167788,0.0426922852
2050,"Bethel Census Area, AK",35.0,18257.0,191.7,Bethel Census Area,AK,62140.0,0.8192711914,0.0093283582,0.0144315189,0.7269366763
2090,"Fairbanks North Star Borough, AK",151.0,95356.0,158.4,Fairbanks North Star Borough,AK,86780.0,0.9488130443,0.0472796288,0.088211725,0.2536093252
2110,"Juneau Borough, AK",62.0,31685.0,195.7,Juneau Borough,AK,99748.0,0.9465018779,0.0125812074,0.0741562351,0.2324910867
2122,"Kenai Peninsula Borough, AK",142.0,60690.0,234.0,Kenai Peninsula Borough,AK,74185.0,0.9430886648,0.007889192,0.0454731065,0.7740097621
2130,"Ketchikan Gateway Borough, AK",36.0,13741.0,262.0,Ketchikan Gateway Borough,AK,87760.0,0.9492238358,0.0112097831,0.0578686854,0.1414539719
2150,"Kodiak Island Borough, AK",20.0,12720.0,157.2,Kodiak Island Borough,AK,86250.0,0.9253784295,0.0124950259,0.0865101472,0.2725746126
2170,"Matanuska-Susitna Borough, AK",197.0,113325.0,173.8,Matanuska-Susitna Borough,AK,94376.0,0.9429318082,0.0125218025,0.0550855179,0.500901187
2180,"Nome Census Area, AK",26.0,9835.0,264.4,Nome Census Area,AK,75296.0,0.8860645394,0.0091160504,0.0222267746,1.0
2185,"North Slope Borough, AK",25.0,10805.0,231.4,North Slope Borough,AK,103556.0,0.9018077239,0.0166933887,0.0542299349,1.0
4001,"Apache County, AZ",184.0,65432.0,281.2,Apache County,AZ,43121.0,0.8492218586,0.0063657051,0.0662863645,1.0
4003,"Cochise County, AZ",449.0,125663.0,357.3,Cochise County,AZ,53011.0,0.8921789399,0.0368741977,0.3479139923,0.3676771864
4005,"Coconino County, AZ",212.0,144060.0,147.2,Coconino County,AZ,71528.0,0.9197451938,0.0123484135,0.156293261,0.3240432526
4007,"Gila County, AZ",257.0,53922.0,476.6,Gila County,AZ,55804.0,0.8963317384,0.006388534,0.1828231765,0.4435726085
4009,"Graham County, AZ",110.0,38779.0,283.7,Graham County,AZ,66469.0,0.8423814329,0.0150031626,0.3097533207,0.5242778917
4011,"Greenlee County, AZ",23.0,9302.0,247.3,Greenlee County,AZ,71273.0,0.8809286899,0.0159035116,0.4688867542,1.0
4012,"La Paz County, AZ",105.0,16506.0,636.1,La Paz County,AZ,48801.0,0.8254891592,0.0098743268,0.252962298,0.4341970164
4013,"Maricopa County, AZ",10862.0,4551524.0,238.6,Maricopa County,AZ,86973.0,0.8949630015,0.0608043706,0.3140589868,0.0230465859
4015,"Mohave County, AZ",1260.0,220816.0,570.6,Mohave County,AZ,56302.0,0.8816610998,0.0128933039,0.1763038599,0.2393244149
4017,"Navajo County, AZ",342.0,108650.0,314.8,Navajo County,AZ,51011.0,0.8599339916,0.0086649874,0.110977788,0.6425311806
4019,"Pima County, AZ",3081.0,1057597.0,291.3,Pima County,AZ,69553.0,0.8994586341,0.0378437153,0.3662743778,0.0884196685
4021,"Pinal County, AZ",1220.0,464154.0,262.8,Pinal County,AZ,77290.0,0.8912605148,0.0578474679,0.3016960633,0.2303204598
4023,"Santa Cruz County, AZ",103.0,48759.0,211.2,Santa Cruz County,AZ,52400.0,0.7770678253,0.0056959193,0.8210667643,0.5978938094
4025,"Yavapai County, AZ",974.0,246191.0,395.6,Yavapai County,AZ,67317.0,0.924968317,0.0082061659,0.156920841,0.3198057652
4027,"Yuma County, AZ",616.0,207842.0,296.4,Yuma County,AZ,61225.0,0.7663753351,0.0189146472,0.6522762767,0.1510047528
5001,"Arkansas County, AR",83.0,16512.0,502.7,Arkansas County,AR,50198.0,0.8748281787,0.249708714,0.0431103207,0.5258032538
5003,"Ashley County, AR",103.0,18354.0,561.2,Ashley County,AR,49560.0,0.8782955242,0.2356806483,0.0658744935,0.623124541
5005,"Baxter County, AR",277.0,42435.0,652.8,Baxter County,AR,48804.0,0.8940199645,0.0054577259,0.0303906706,0.5728013068
5007,"Benton County, AR",615.0,302863.0,203.1,Benton County,AR,92632.0,0.90574767,0.0200377476,0.1871015038,0.2400424854
5009,"Boone County, AR",181.0,38284.0,472.8,Boone County,AR,56154.0,0.9072498683,0.0054762523,0.0335842201,0.6267358788
5011,"Bradley County, AR",40.0,10135.0,394.7,Bradley County,AR,44525.0,0.8726197346,0.2754354711,0.1645882819,0.4994784258
5013,"Calhoun County, AR",20.0,4695.0,426.0,Calhoun County,AR,57689.0,0.8668044891,0.2102995044,0.0293040293,1.0
5015,"Carroll County, AR",111.0,28742.0,386.2,Carroll County,AR,53986.0,0.8399941012,0.0067328382,0.1596446172,0.821054494
5017,"Chicot County, AR",55.0,9873.0,557.1,Chicot County,AR,40381.0,0.8155367637,0.5239043825,0.0666806458,1.0
5019,"Clark County, AR",81.0,21250.0,381.2,Clark County,AR,53561.0,0.8996525814,0.2255805208,0.0589451913,0.5297025086
5021,"Clay County, AR",69.0,14265.0,483.7,Clay County,AR,47663.0,0.8664783794,0.0090134498,0.0254911626,1.0
5023,"Cleburne County, AR",123.0,25284.0,486.5,Cleburne County,AR,56692.0,0.8826926162,0.0064452741,0.0305757516,0.7271255716
5025,"Cleveland County, AR",33.0,7467.0,441.9,Cleveland County,AR,54458.0,0.916434022,0.1074817024,0.0277853077,1.0
5027,"Columbia County, AR",95.0,22216.0,427.6,Columbia County,AR,44175.0,0.8846372285,0.3491196388,0.0355756208,0.5437480812
5029,"Conway County, AR",101.0,21046.0,479.9,Conway County,AR,53863.0,0.9012828428,0.1141528681,0.0502917873,0.6939415882
5031,"Craighead County, AR",381.0,113017.0,337.1,Craighead County,AR,60204.0,0.9025407184,0.1808619828,0.0647145,0.336686715
5033,"Crawford County, AR",247.0,61075.0,404.4,Crawford County,AR,63905.0,0.8663219196,0.0173369311,0.0896414664,0.4940881047
5035,"Crittenden County, AR",137.0,47061.0,291.1,Crittenden County,AR,52153.0,0.852889955,0.5566940325,0.0344937313,0.1837510122
5037,"Cross County, AR",70.0,16601.0,421.7,Cross County,AR,47669.0,0.8341186736,0.2280146163,0.0228989038,0.5506445672
5039,"Dallas County, AR",28.0,6191.0,452.3,Dallas County,AR,46701.0,0.8901935203,0.3962813258,0.0417138238,1.0
5041,"Desha County, AR",50.0,10771.0,464.2,Desha County,AR,43469.0,0.7788884446,0.4707510259,0.0748162993,0.6219394471
5043,"Drew County, AR",88.0,16911.0,520.4,Drew County,AR,48746.0,0.871353027,0.2673945117,0.0494541163,0.5404034582
5045,"Faulkner County, AR",351.0,127665.0,274.9,Faulkner County,AR,68543.0,0.9368387508,0.124339174,0.0575216812,0.460566163
5047,"Franklin County, AR",85.0,17271.0,492.2,Franklin County,AR,54077.0,0.8707010582,0.0094458438,0.0356652164,1.0
5049,"Fulton County, AR",80.0,12382.0,646.1,Fulton County,AR,46346.0,0.8772889683,0.010063602,0.0216568714,1.0
5051,"Garland County, AR",485.0,100089.0,484.6,Garland County,AR,53849.0,0.9089463003,0.0837108154,0.0758839092,0.3378418846
5053,"Grant County, AR",71.0,18160.0,391.0,Grant County,AR,64306.0,0.9111058713,0.0320404722,0.030027743,0.7377213498
5055,"Greene County, AR",156.0,46448.0,335.9,Greene County,AR,55444.0,0.8739794448,0.0248379436,0.0388293434,0.4514386916
5057,"Hempstead County, AR",98.0,19453.0,503.8,Hempstead County,AR,50576.0,0.8343159486,0.2928191077,0.1564907202,0.5586842761
5059,"Hot Spring County, AR",149.0,33203.0,448.8,Hot Spring County,AR,53767.0,0.8939646549,0.1115220398,0.0428769018,0.7320823245
5061,"Howard County, AR",72.0,12557.0,573.4,Howard County,AR,47308.0,0.8938421303,0.2053778026,0.1256682359,1.0
5063,"Independence County, AR",199.0,37945.0,524.4,Independence County,AR,59695.0,0.8749359303,0.0237995825,0.0901617954,0.71234646
5065,"Izard County, AR",54.0,14048.0,384.4,Izard County,AR,47320.0,0.8477123561,0.027383725,0.0307008257,1.0
5067,"Jackson County, AR",62.0,16624.0,373.0,Jackson County,AR,45762.0,0.8377046442,0.1776692088,0.0350333651,0.6450611758
5069,"Jefferson County, AR",282.0,64246.0,438.9,Jefferson County,AR,49581.0,0.8856704265,0.5729410471,0.0280862695,0.3059322034
5071,"Johnson County, AR",100.0,26001.0,384.6,Johnson County,AR,50387.0,0.8390300231,0.0178728616,0.1406100501,0.6964542312
5073,"Lafayette County, AR",48.0,6101.0,786.8,Lafayette County,AR,43824.0,0.816240267,0.3360131255,0.0421657096,1.0
5075,"Lawrence County, AR",70.0,16205.0,432.0,Lawrence County,AR,49015.0,0.8238469985,0.0136046084,0.0230420395,0.5966946226
5077,"Lee County, AR",36.0,8364.0,430.4,Lee County,AR,36735.0,0.8258064516,0.5361541275,0.0340202414,1.0
5079,"Lincoln County, AR",53.0,12916.0,410.3,Lincoln County,AR,53381.0,0.8325681053,0.3045433401,0.0521786323,1.0
5081,"Little River County, AR",65.0,11821.0,549.9,Little River County,AR,48837.0,0.9101336171,0.191613723,0.0415925455,1.0
5083,"Logan County, AR",104.0,21253.0,489.3,Logan County,AR,51290.0,0.8928994083,0.0137850467,0.0380841121,1.0
5085,"Lonoke County, AR",259.0,75225.0,344.3,Lonoke County,AR,74687.0,0.9021105608,0.065245444,0.0568576846,0.5193676957
5087,"Madison County, AR",64.0,17486.0,366.0,Madison County,AR,52262.0,0.8577398863,0.0055133615,0.0706610408,1.0
5089,"Marion County, AR",100.0,17254.0,579.6,Marion County,AR,49975.0,0.8631231277,0.0064519813,0.0292337559,1.0
5091,"Miller County, AR",179.0,42552.0,420.7,Miller County,AR,50421.0,0.8691766825,0.2584227278,0.042697159,0.3990610329
5093,"Mississippi County, AR",191.0,38896.0,491.1,Mississippi County,AR,49484.0,0.8560959617,0.3564907017,0.0506685979,0.4563844169
5095,"Monroe County, AR",34.0,6564.0,518.0,Monroe County,AR,40631.0,0.8343195266,0.3972665848,0.0328624079,1.0
5097,"Montgomery County, AR",51.0,8556.0,596.1,Montgomery County,AR,48991.0,0.8758069474,0.006612529,0.0503480278,1.0
5099,"Nevada County, AR",39.0,8181.0,476.7,Nevada County,AR,45562.0,0.9011420414,0.2981527094,0.0498768473,1.0
5101,"Newton County, AR",37.0,7078.0,522.7,Newton County,AR,46307.0,0.8544097953,0.0050912176,0.0152736529,1.0
5103,"Ouachita County, AR",124.0,22049.0,562.4,Ouachita County,AR,49690.0,0.8887682779,0.3965493507,0.02748589,0.5641059603
5105,"Perry County, AR",43.0,10063.0,427.3,Perry County,AR,57996.0,0.9169660127,0.0231736057,0.038197172,1.0
5107,"Phillips County, AR",56.0,15304.0,365.9,Phillips County,AR,37338.0,0.8263995399,0.6195441481,0.0219236682,0.4809874457
5109,"Pike County, AR",60.0,10179.0,589.4,Pike County,AR,53108.0,0.8711042166,0.0353644201,0.081700627,1.0
5111,"Poinsett County, AR",108.0,22495.0,480.1,Poinsett County,AR,51635.0,0.8234228405,0.0847434924,0.0381747555,0.6850424559
5113,"Polk County, AR",129.0,19337.0,667.1,Polk County,AR,47766.0,0.8738279808,0.0064828154,0.0712080675,0.7120857396
5115,"Pope County, AR",222.0,64065.0,346.5,Pope County,AR,59016.0,0.8597831325,0.030839255,0.1146254238,0.5588583329
5117,"Prairie County, AR",42.0,8069.0,520.5,Prairie County,AR,54962.0,0.859238031,0.1034096565,0.025136884,1.0
5119,"Pulaski County, AR",1185.0,399145.0,296.9,Pulaski County,AR,61344.0,0.9196168817,0.3790564712,0.0833556245,0.1136160351
5121,"Randolph County, AR",77.0,18837.0,408.8,Randolph County,AR,51480.0,0.860530641,0.0125879304,0.027820384,0.6142372516
5123,"St. Francis County, AR",105.0,22451.0,467.7,St. Francis County,AR,41708.0,0.8568419748,0.5332790371,0.0395457219,0.6294066696
5125,"Saline County, AR",385.0,127357.0,302.3,Saline County,AR,77844.0,0.9265011421,0.0987543797,0.0742510071,0.3676184611
5127,"Scott County, AR",64.0,9805.0,652.7,Scott County,AR,46026.0,0.8458309207,0.0108618414,0.0809054918,1.0
5129,"Searcy County, AR",42.0,7918.0,530.4,Searcy County,AR,40688.0,0.8004179728,0.0069177556,0.0225467589,1.0
5131,"Sebastian County, AR",413.0,129059.0,320.0,Sebastian County,AR,58112.0,0.8517927181,0.0660970735,0.1636121396,0.1967464534
5133,"Sevier County, AR",59.0,15686.0,376.1,Sevier County,AR,52845.0,0.7253594499,0.0383828045,0.3577917093,0.627880548
5135,"Sharp County, AR",104.0,17810.0,583.9,Sharp County,AR,45258.0,0.8535801114,0.0122439893,0.0260463045,1.0
5137,"Stone County, AR",71.0,12575.0,564.6,Stone County,AR,43767.0,0.8600656455,0.0063136295,0.0231236682,1.0
5139,"Union County, AR",178.0,37752.0,471.5,Union County,AR,49664.0,0.8795695642,0.3235821055,0.0488274461,0.521227019
5141,"Van Buren County, AR",85.0,16102.0,527.9,Van Buren County,AR,50332.0,0.8643169583,0.0076198736,0.0350018585,1.0
5143,"Washington County, AR",688.0,256054.0,268.7,Washington County,AR,66158.0,0.8726297793,0.0370561539,0.1870892261,0.2400120388
5145,"White County, AR",262.0,77755.0,337.0,White County,AR,56178.0,0.8674764998,0.0457477184,0.0507571509,0.5591367056
5147,"Woodruff County, AR",28.0,6049.0,462.9,Woodruff County,AR,43259.0,0.8291676221,0.2476525822,0.0212944333,1.0
5149,"Yell County, AR",101.0,20129.0,501.8,Yell County,AR,51997.0,0.8150301621,0.0180103772,0.2109858312,0.8070374574
6001,"Alameda County, CA",3292.0,1628997.0,202.1,Alameda County,CA,119230.0,0.8889984217,0.0964290206,0.2333860194,0.0049056292
6005,"Amador County, CA",171.0,41412.0,412.9,Amador County,CA,80767.0,0.9096726557,0.0274568893,0.1645978331,0.692296289
6007,"Butte County, CA",620.0,207303.0,299.1,Butte County,CA,63084.0,0.9032705547,0.0175989033,0.2056455506,0.2101667045
6009,"Calaveras County, CA",152.0,46563.0,326.4,Calaveras County,CA,77041.0,0.9334622065,0.0089337485,0.1521743799,0.8197474168
6011,"Colusa County, CA",45.0,21914.0,205.3,Colusa County,CA,66675.0,0.7319255548,0.0108453964,0.6343422426,0.4270342049
6013,"Contra Costa County, CA",2582.0,1156966.0,223.2,Contra Costa County,CA,122000.0,0.8961254667,0.0845678665,0.2781264475,0.0100014838
6015,"Del Norte County, CA",91.0,27082.0,336.0,Del Norte County,CA,70231.0,0.8554374654,0.0257249238,0.1979013878,0.4369750928
6017,"El Dorado County, CA",535.0,192646.0,277.7,El Dorado County,CA,107063.0,0.9491652095,0.0093176911,0.147319408,0.3667233308
6019,"Fresno County, CA",2551.0,1015190.0,251.3,Fresno County,CA,71271.0,0.7859692483,0.0469128811,0.5493028642,0.1126501258
6021,"Glenn County, CA",99.0,28339.0,349.3,Glenn County,CA,64197.0,0.8032320412,0.0076433574,0.4553663479,0.4121105232
6023,"Humboldt County, CA",476.0,135010.0,352.6,Humboldt County,CA,61307.0,0.9151826301,0.0125088629,0.1444116879,0.3153455515
6025,"Imperial County, CA",357.0,178713.0,199.8,Imperial County,CA,58768.0,0.7184713606,0.0221605411,0.8630324422,0.1840547128
6027,"Inyo County, CA",62.0,18718.0,331.2,Inyo County,CA,71656.0,0.9280420235,0.0096075997,0.2455875209,0.4208561212
6029,"Kern County, CA",2134.0,916108.0,232.9,Kern County,CA,68436.0,0.7713498327,0.0505132302,0.5713794839,0.1335287357
6031,"Kings County, CA",298.0,152981.0,194.8,Kings County,CA,65768.0,0.7423517714,0.0602297586,0.5876855163,0.1091378881
6033,"Lake County, CA",287.0,68191.0,420.9,Lake County,CA,57945.0,0.8708490855,0.0178702967,0.2542060756,0.4078752402
6035,"Lassen County, CA",89.0,29904.0,297.6,Lassen County,CA,77743.0,0.7914344508,0.0626797408,0.2181490593,0.7251756798
6037,"Los Angeles County, CA",24045.0,9721138.0,247.3,Los Angeles County,CA,86499.0,0.8066315112,0.0795774134,0.485949948,0.0089095187
6039,"Madera County, CA",400.0,160256.0,249.6,Madera County,CA,66084.0,0.7304758771,0.0301919464,0.6131230888,0.3860740456
6041,"Marin County, CA",728.0,256018.0,284.4,Marin County,CA,139197.0,0.9273451854,0.0249796586,0.1962524616,0.060128621
6043,"Mariposa County, CA",69.0,17020.0,405.4,Mariposa County,CA,64352.0,0.9047192354,0.0127076068,0.1539689107,1.0
6045,"Mendocino County, CA",288.0,89783.0,320.8,Mendocino County,CA,65891.0,0.861622003,0.0077770795,0.281175652,0.4846453641
6047,"Merced County, CA",592.0,290014.0,204.1,Merced County,CA,58962.0,0.7188925043,0.0292443135,0.6387332146,0.1679895591
6049,"Modoc County, CA",33.0,8511.0,387.7,Modoc County,CA,51996.0,0.8794656726,0.0095294118,0.1582352941,1.0
6053,"Monterey County, CA",790.0,432858.0,182.5,Monterey County,CA,86809.0,0.7333478949,0.0217796589,0.6201201236,0.1425330555
6055,"Napa County, CA",416.0,134300.0,309.8,Napa County,CA,100469.0,0.8470721711,0.0199825847,0.3670730243,0.1472550881
6057,"Nevada County, CA",362.0,102293.0,353.9,Nevada County,CA,87142.0,0.9506860035,0.0062820349,0.1091760832,0.4820473196
6059,"Orange County, CA",7325.0,3151184.0,232.5,Orange County,CA,109768.0,0.8694406263,0.0174898868,0.3421998849,0.0024982829
6061,"Placer County, CA",1318.0,417772.0,315.5,Placer County,CA,110020.0,0.949247007,0.0199569838,0.159622817,0.1458124866
6063,"Plumas County, CA",55.0,19351.0,284.2,Plumas County,CA,64121.0,0.9398342977,0.0090429146,0.1055877895,1.0
6065,"Riverside County, CA",6778.0,2473902.0,274.0,Riverside County,CA,90251.0,0.8329993991,0.0640416106,0.5188441697,0.0547348528
6067,"Sacramento County, CA",4032.0,1584169.0,254.5,Sacramento County,CA,89984.0,0.8836751928,0.0961599154,0.2448317478,0.0239922274
6069,"San Benito County, CA",110.0,67579.0,162.8,San Benito County,CA,105112.0,0.8323820483,0.0120278695,0.6253318665,0.2273513059
6071,"San Bernardino County, CA",5319.0,2193656.0,242.5,San Bernardino County,CA,84576.0,0.8209429955,0.0807337912,0.5585119586,0.0538146746
6073,"San Diego County, CA",7341.0,3276208.0,224.1,San Diego County,CA,103476.0,0.8901770939,0.0468606316,0.3488508927,0.043946373
6075,"San Francisco County, CA",2168.0,808437.0,268.2,San Francisco County,CA,125456.0,0.8879755782,0.050984687,0.1637725158,0.0
6077,"San Joaquin County, CA",1662.0,793229.0,209.5,San Joaquin County,CA,86211.0,0.8043062722,0.0701179203,0.4272596181,0.077513401
6079,"San Luis Obispo County, CA",886.0,282013.0,314.2,San Luis Obispo County,CA,89809.0,0.9177009247,0.015296177,0.2522839522,0.1908796703
6081,"San Mateo County, CA",1646.0,729181.0,225.7,San Mateo County,CA,151004.0,0.903049417,0.0216878019,0.2484040129,0.0170516534
6083,"Santa Barbara County, CA",1173.0,443837.0,264.3,Santa Barbara County,CA,90155.0,0.8213613641,0.0163487491,0.4854699189,0.0556947453
6085,"Santa Clara County, CA",3433.0,1870945.0,183.5,Santa Clara County,CA,154573.0,0.893259233,0.02436099,0.2496309102,0.0131888348
6087,"Santa Cruz County, CA",533.0,264370.0,201.6,Santa Cruz County,CA,102723.0,0.884933245,0.0100211434,0.3523152626,0.1329316513
6089,"Shasta County, CA",684.0,180930.0,378.0,Shasta County,CA,71935.0,0.9206974346,0.0112160829,0.1219963851,0.3379155115
6093,"Siskiyou County, CA",190.0,43660.0,435.2,Siskiyou County,CA,58975.0,0.910729267,0.0127957115,0.1370003496,0.7091387603
6095,"Solano County, CA",1116.0,448747.0,248.7,Solano County,CA,99117.0,0.8891996051,0.1300059214,0.3012946943,0.0445631777
6097,"Sonoma County, CA",1359.0,482650.0,281.6,Sonoma County,CA,100157.0,0.8886375781,0.0166434211,0.3032614381,0.1363224462
6099,"Stanislaus County, CA",1354.0,551275.0,245.6,Stanislaus County,CA,81582.0,0.801131642,0.0277696172,0.5089512721,0.0817051863
6101,"Sutter County, CA",296.0,98503.0,300.5,Sutter County,CA,71968.0,0.7883495741,0.0209294728,0.3346673745,0.1506528961
6103,"Tehama County, CA",210.0,65245.0,321.9,Tehama County,CA,58333.0,0.8627987715,0.0088141026,0.2975221893,0.5703261481
6105,"Trinity County, CA",43.0,15781.0,272.5,Trinity County,CA,52079.0,0.9477065712,0.0054243778,0.0638162093,1.0
6107,"Tulare County, CA",1013.0,477544.0,212.1,Tulare County,CA,71368.0,0.7436820442,0.0137298005,0.6702011396,0.2005613833
6109,"Tuolumne County, CA",202.0,54531.0,370.4,Tuolumne County,CA,72329.0,0.9351891608,0.0173972401,0.1407091728,0.4783710895
6111,"Ventura County, CA",2013.0,832605.0,241.8,Ventura County,CA,106526.0,0.8528855267,0.0180498801,0.4476488386,0.0336685853
6113,"Yolo County, CA",419.0,222115.0,188.6,Yolo County,CA,91192.0,0.8841179315,0.0272235926,0.3339061593,0.0804794758
6115,"Yuba County, CA",211.0,84310.0,250.3,Yuba County,CA,71493.0,0.846613019,0.0442476844,0.314563356,0.2951271836
8001,"Adams County, CO",798.0,527575.0,151.3,Adams County,CO,95278.0,0.8498581181,0.0363859646,0.4317793631,0.0404101838
8003,"Alamosa County, CO",42.0,16592.0,253.1,Alamosa County,CO,50056.0,0.8910019017,0.0125487841,0.4872410687,0.3304225696
8005,"Arapahoe County, CO",1127.0,655808.0,171.8,Arapahoe County,CO,97560.0,0.9196437055,0.1102016428,0.2199521081,0.0206359626
8007,"Archuleta County, CO",47.0,14003.0,335.6,Archuleta County,CO,74432.0,0.9534584253,0.0062019875,0.1681584326,0.5784115578
8011,"Bent County, CO",20.0,5399.0,370.4,Bent County,CO,44960.0,0.8118651893,0.0644252772,0.3323358564,1.0
8013,"Boulder County, CO",585.0,327468.0,178.6,Boulder County,CO,97170.0,0.9552599151,0.0107180775,0.1474156368,0.0940264483
8014,"Broomfield County, CO",104.0,76121.0,136.6,Broomfield County,CO,113162.0,0.9607666629,0.0141816289,0.1453161593,0.0039534758
8015,"Chaffee County, CO",48.0,20223.0,237.4,Chaffee County,CO,75298.0,0.9459425324,0.0179463549,0.1020517049,0.4356644075
8021,"Conejos County, CO",32.0,7579.0,422.2,Conejos County,CO,53174.0,0.8905413444,0.0071798963,0.4960776492,1.0
8029,"Delta County, CO",122.0,31602.0,386.1,Delta County,CO,57075.0,0.9100487973,0.0042840043,0.1456561457,0.7374663418
8031,"Denver County, CO",1264.0,713252.0,177.2,Denver County,CO,93572.0,0.9135575083,0.0910369716,0.2789204789,0.0001453484
8035,"Douglas County, CO",467.0,375988.0,124.2,Douglas County,CO,144807.0,0.9798889491,0.0177230885,0.1041687288,0.0901452045
8037,"Eagle County, CO",47.0,55285.0,85.0,Eagle County,CO,110598.0,0.9316684618,0.0094334418,0.3045181221,0.1851034433
8039,"Elbert County, CO",53.0,27799.0,190.7,Elbert County,CO,123083.0,0.9680807669,0.0127751163,0.096438242,1.0
8041,"El Paso County, CO",1446.0,740567.0,195.3,El Paso County,CO,88794.0,0.9510566246,0.0599504176,0.190869574,0.102504809
8043,"Fremont County, CO",145.0,49621.0,292.2,Fremont County,CO,61015.0,0.9056156969,0.0414165905,0.1360745658,0.4945340117
8045,"Garfield County, CO",106.0,62271.0,170.2,Garfield County,CO,94696.0,0.8844410148,0.0076387006,0.3278262395,0.3211639783
8049,"Grand County, CO",21.0,15769.0,133.2,Grand County,CO,93257.0,0.9435976852,0.0114213994,0.1012864763,0.6832092639
8051,"Gunnison County, CO",24.0,17267.0,139.0,Gunnison County,CO,79658.0,0.9827314165,0.0062352058,0.1020726286,0.5727627379
8055,"Huerfano County, CO",33.0,7082.0,466.0,Huerfano County,CO,47855.0,0.9290847201,0.0097802977,0.3007795889,1.0
8059,"Jefferson County, CO",1360.0,576143.0,236.1,Jefferson County,CO,102146.0,0.9547537805,0.0136840133,0.1623811953,0.0714844487
8063,"Kit Carson County, CO",26.0,6961.0,373.5,Kit Carson County,CO,55304.0,0.8898071625,0.0078638833,0.2060337432,1.0
8067,"La Plata County, CO",132.0,56607.0,233.2,La Plata County,CO,83542.0,0.9640418084,0.0052830322,0.1279273849,0.6564578166
8069,"Larimer County, CO",762.0,366778.0,207.8,Larimer County,CO,88519.0,0.9664245372,0.0114626009,0.1311726106,0.1024407769
8071,"Las Animas County, CO",52.0,14327.0,363.0,Las Animas County,CO,52067.0,0.896159985,0.0177028157,0.3844438249,0.4281690141
8075,"Logan County, CO",78.0,20823.0,374.6,Logan County,CO,55415.0,0.8937854598,0.032930792,0.1754207285,0.429672984
8077,"Mesa County, CO",499.0,158636.0,314.6,Mesa County,CO,66339.0,0.9235130538,0.0075525579,0.1564807335,0.126715606
8081,"Moffat County, CO",22.0,13177.0,167.0,Moffat County,CO,73875.0,0.9150745445,0.0087791701,0.1729571546,0.2739993981
8083,"Montezuma County, CO",72.0,26468.0,272.0,Montezuma County,CO,60809.0,0.9096006708,0.0073875843,0.1267950699,0.6662153275
8085,"Montrose County, CO",151.0,43811.0,344.7,Montrose County,CO,67113.0,0.9096104725,0.0055485098,0.2159162968,0.4256425877
8087,"Morgan County, CO",71.0,29239.0,242.8,Morgan County,CO,68541.0,0.8460286629,0.0355304159,0.3898861943,0.3459173508
8089,"Otero County, CO",68.0,18303.0,371.5,Otero County,CO,52169.0,0.8920269734,0.009925011,0.4231363035,0.5830925629
8093,"Park County, CO",41.0,17939.0,228.6,Park County,CO,103720.0,0.9730441411,0.0094386488,0.0801457195,1.0
8099,"Prowers County, CO",34.0,11854.0,286.8,Prowers County,CO,50365.0,0.8472295515,0.0091907072,0.4080503787,0.3747812318
8101,"Pueblo County, CO",497.0,169544.0,293.1,Pueblo County,CO,63801.0,0.9045715161,0.0203338409,0.4244194969,0.1314625183
8105,"Rio Grande County, CO",21.0,11325.0,185.4,Rio Grande County,CO,55574.0,0.8934911243,0.0075974258,0.4087415088,1.0
8107,"Routt County, CO",28.0,25007.0,112.0,Routt County,CO,112377.0,0.965223375,0.0104931376,0.0906080434,0.4178178743
8109,"Saguache County, CO",21.0,6623.0,317.1,Saguache County,CO,47829.0,0.8826086957,0.0106160287,0.3630382775,1.0
8119,"Teller County, CO",50.0,24857.0,201.2,Teller County,CO,88089.0,0.9615679069,0.0103180729,0.0788479506,0.6008093889
8123,"Weld County, CO",541.0,350176.0,154.5,Weld County,CO,90675.0,0.8845731201,0.0143528024,0.3128293299,0.2001361781
8125,"Yuma County, CO",28.0,9899.0,282.9,Yuma County,CO,61870.0,0.8377723971,0.0053741635,0.3088622997,1.0
10001,"Kent County, DE",607.0,186946.0,324.7,Kent County,DE,72498.0,0.9019521279,0.2851377056,0.0831660423,0.2647167186
10003,"New Castle County, DE",1594.0,575494.0,277.0,New Castle County,DE,86798.0,0.9259126368,0.2616420552,0.1189197224,0.0609424253
10005,"Sussex County, DE",1039.0,255956.0,405.9,Sussex County,DE,78092.0,0.8964215741,0.1078445138,0.1139695418,0.3758183151
11001,"District of Columbia, DC",1656.0,671803.0,246.5,District of Columbia,DC,104643.0,0.9284670297,0.4267731217,0.1199725467,0.0
12001,"Alachua County, FL",628.0,284030.0,221.1,Alachua County,FL,61843.0,0.9422646229,0.1947907998,0.1262509004,0.2324144965
12003,"Baker County, FL",94.0,27803.0,338.1,Baker County,FL,69399.0,0.851912338,0.1267625494,0.0428299492,0.6149545278
12005,"Bay County, FL",577.0,185134.0,311.7,Bay County,FL,70859.0,0.9076640958,0.1119206999,0.0932017256,0.1420931878
12007,"Bradford County, FL",99.0,27313.0,362.5,Bradford County,FL,59468.0,0.8268860234,0.1740254146,0.0516189245,0.7074868389
12009,"Brevard County, FL",2367.0,630693.0,375.3,Brevard County,FL,77961.0,0.9313617165,0.1024474401,0.1251842063,0.0388040461
12011,"Broward County, FL",5723.0,1947026.0,293.9,Broward County,FL,74367.0,0.9027849064,0.2857147225,0.3304640793,7.81742e-05
12013,"Calhoun County, FL",63.0,13464.0,467.9,Calhoun County,FL,47523.0,0.8180172934,0.1246473645,0.055159614,1.0
12015,"Charlotte County, FL",934.0,202661.0,460.9,Charlotte County,FL,71381.0,0.9224615726,0.0549254369,0.0831061348,0.0649997056
12017,"Citrus County, FL",1141.0,162529.0,702.0,Citrus County,FL,54447.0,0.9088678888,0.0305706196,0.0724972405,0.2497416197
12019,"Clay County, FL",584.0,226589.0,257.7,Clay County,FL,82249.0,0.9332757086,0.1311957116,0.1173254058,0.1442553094
12021,"Collier County, FL",1480.0,397994.0,371.9,Collier County,FL,91402.0,0.8998161795,0.0658331478,0.280143949,0.1162282569
12023,"Columbia County, FL",278.0,71908.0,386.6,Columbia County,FL,58949.0,0.8548877361,0.1709894201,0.0796572821,0.6365175471
12027,"DeSoto County, FL",101.0,35312.0,286.0,DeSoto County,FL,54288.0,0.7299081852,0.1190694572,0.3010089219,0.4895808806
12029,"Dixie County, FL",71.0,17124.0,414.6,Dixie County,FL,50966.0,0.8233780412,0.0892642428,0.0498711709,1.0
12031,"Duval County, FL",2633.0,1016536.0,259.0,Duval County,FL,69455.0,0.9100473025,0.2945474582,0.1261614517,0.0265075078
12033,"Escambia County, FL",1078.0,324878.0,331.8,Escambia County,FL,70838.0,0.9049380475,0.220819263,0.0701622376,0.07626163
12035,"Flagler County, FL",549.0,126705.0,433.3,Flagler County,FL,74753.0,0.9308704496,0.0954891623,0.1191807607,0.0765310544
12037,"Franklin County, FL",48.0,12498.0,384.1,Franklin County,FL,55816.0,0.8306931692,0.0977449579,0.0561378434,1.0
12039,"Gadsden County, FL",169.0,43403.0,389.4,Gadsden County,FL,51288.0,0.8128718049,0.5365363995,0.1246321265,0.8051156848
12041,"Gilchrist County, FL",70.0,18992.0,368.6,Gilchrist County,FL,56884.0,0.8553932755,0.0356358809,0.0784193598,1.0
12043,"Glades County, FL",49.0,12454.0,393.4,Glades County,FL,55240.0,0.7236993014,0.1413264508,0.2562177382,0.8269008742
12045,"Gulf County, FL",71.0,15314.0,463.6,Gulf County,FL,66806.0,0.8673957621,0.1356018607,0.0521251513,1.0
12047,"Hamilton County, FL",42.0,13217.0,317.8,Hamilton County,FL,49260.0,0.7833864501,0.2881003637,0.116027021,1.0
12049,"Hardee County, FL",101.0,25645.0,393.8,Hardee County,FL,53913.0,0.7837127323,0.0759704969,0.4247670807,0.6134559956
12051,"Hendry County, FL",94.0,41339.0,227.4,Hendry County,FL,54619.0,0.6950284254,0.1012623174,0.5772736713,0.3600040385
12053,"Hernando County, FL",967.0,206896.0,467.4,Hernando County,FL,64092.0,0.9005640207,0.0575310023,0.1776492315,0.2005809321
12055,"Highlands County, FL",654.0,105618.0,619.2,Highlands County,FL,51495.0,0.8636437046,0.0981749586,0.2270057799,0.1987652492
12057,"Hillsborough County, FL",3593.0,1513301.0,237.4,Hillsborough County,FL,76528.0,0.8958320788,0.1643096608,0.3039228583,0.0367231097
12059,"Holmes County, FL",111.0,19651.0,564.9,Holmes County,FL,51582.0,0.8415431101,0.065433213,0.039410349,1.0
12061,"Indian River County, FL",1014.0,167352.0,605.9,Indian River County,FL,73686.0,0.9198770093,0.0857504638,0.1406401838,0.0724272161
12063,"Jackson County, FL",203.0,48211.0,421.1,Jackson County,FL,50923.0,0.8321676317,0.2522109333,0.0563530912,0.8824996302
12065,"Jefferson County, FL",57.0,15042.0,378.9,Jefferson County,FL,59967.0,0.8775435715,0.302394822,0.0537864078,1.0
12067,"Lafayette County, FL",26.0,7786.0,333.9,Lafayette County,FL,58096.0,0.8003064351,0.1079475118,0.1176033672,1.0
12069,"Lake County, FL",1626.0,410139.0,396.5,Lake County,FL,70784.0,0.9092496461,0.1131550056,0.1934378107,0.1793174218
12071,"Lee County, FL",2722.0,822453.0,331.0,Lee County,FL,71811.0,0.9037970169,0.0817400036,0.2508216777,0.0392798841
12073,"Leon County, FL",624.0,297369.0,209.8,Leon County,FL,66063.0,0.9371034389,0.3130310899,0.0827245691,0.1343746364
12075,"Levy County, FL",179.0,45260.0,395.5,Levy County,FL,53214.0,0.8776441057,0.0895047803,0.1053389193,1.0
12079,"Madison County, FL",85.0,18198.0,467.1,Madison County,FL,52713.0,0.805820261,0.3515848588,0.0640423349,1.0
12081,"Manatee County, FL",1341.0,429125.0,312.5,Manatee County,FL,79213.0,0.9104686252,0.0816037362,0.1821467031,0.0469140127
12083,"Marion County, FL",2040.0,396415.0,514.6,Marion County,FL,58584.0,0.896147097,0.1239343447,0.1759517415,0.2934521213
12085,"Martin County, FL",806.0,162006.0,497.5,Martin County,FL,76430.0,0.9272162815,0.0502525794,0.1579769158,0.0732243058
12086,"Miami-Dade County, FL",7709.0,2673837.0,288.3,Miami-Dade County,FL,72030.0,0.830557652,0.1447075721,0.6913933589,0.0086354597
12087,"Monroe County, FL",229.0,81708.0,280.3,Monroe County,FL,85639.0,0.932572598,0.0681023147,0.2478849828,0.1311267708
12089,"Nassau County, FL",308.0,97899.0,314.6,Nassau County,FL,92766.0,0.923140308,0.0629057842,0.060176747,0.4376992208
12091,"Okaloosa County, FL",528.0,216482.0,243.9,Okaloosa County,FL,81990.0,0.9341657976,0.0967161638,0.1140645598,0.1064119281
12093,"Okeechobee County, FL",193.0,40412.0,477.6,Okeechobee County,FL,54297.0,0.7998674157,0.0766891158,0.2639824269,0.3644687721
12095,"Orange County, FL",2854.0,1452726.0,196.5,Orange County,FL,78487.0,0.9002746203,0.199218304,0.3378072551,0.0234770349
12097,"Osceola County, FL",954.0,422545.0,225.8,Osceola County,FL,76416.0,0.88604306,0.1073817225,0.5606029457,0.0630557614
12099,"Palm Beach County, FL",5857.0,1518477.0,385.7,Palm Beach County,FL,84789.0,0.8913233177,0.1891053663,0.2451211076,0.0084881895
12101,"Pasco County, FL",2117.0,608794.0,347.7,Pasco County,FL,72065.0,0.9121465247,0.068573893,0.19187641,0.072448215
12103,"Pinellas County, FL",3418.0,961739.0,355.4,Pinellas County,FL,70684.0,0.9256040415,0.1017974284,0.1135071277,0.001904897
12105,"Polk County, FL",2468.0,787404.0,313.4,Polk County,FL,66709.0,0.8751872144,0.150053157,0.3027947161,0.108846887
12107,"Putnam County, FL",291.0,74731.0,389.4,Putnam County,FL,51585.0,0.8221355785,0.1510894609,0.1140017115,0.7267904148
12109,"St. Johns County, FL",705.0,306841.0,229.8,St. Johns County,FL,106281.0,0.9513369316,0.0517072256,0.0930273968,0.1479308768
12111,"St. Lucie County, FL",1389.0,358704.0,387.2,St. Lucie County,FL,66876.0,0.8862625928,0.2196682959,0.2231159626,0.0353769143
12113,"Santa Rosa County, FL",482.0,198268.0,243.1,Santa Rosa County,FL,87581.0,0.9263446762,0.0610153474,0.0706185212,0.1990265957
12115,"Sarasota County, FL",1826.0,462286.0,395.0,Sarasota County,FL,78218.0,0.9436922702,0.0423804884,0.1066729494,0.0241056575
12117,"Seminole County, FL",1199.0,478772.0,250.4,Seminole County,FL,80698.0,0.938853876,0.1209364178,0.2426058963,0.0324451637
12119,"Sumter County, FL",808.0,144970.0,557.4,Sumter County,FL,79334.0,0.9316555478,0.0652195428,0.0658001518,0.2157731673
12121,"Suwannee County, FL",208.0,45411.0,458.0,Suwannee County,FL,56009.0,0.845125561,0.116128333,0.1209624973,0.8466209689
12123,"Taylor County, FL",93.0,21283.0,437.0,Taylor County,FL,50556.0,0.8621174366,0.1812621629,0.0430914651,0.7003578638
12125,"Union County, FL",66.0,15460.0,426.9,Union County,FL,60843.0,0.7832692823,0.1963044038,0.0528586145,1.0
12127,"Volusia County, FL",2630.0,579192.0,454.1,Volusia County,FL,66111.0,0.9194013359,0.106982724,0.1677645899,0.0853700616
12129,"Wakulla County, FL",100.0,35178.0,284.3,Wakulla County,FL,72916.0,0.8748507284,0.1350379983,0.0494389421,0.7001540102
12131,"Walton County, FL",204.0,83304.0,244.9,Walton County,FL,82259.0,0.9140790644,0.0477800681,0.0854737476,0.5614766616
12133,"Washington County, FL",105.0,25414.0,413.2,Washington County,FL,54678.0,0.8308993911,0.1295601906,0.0411295993,1.0
13001,"Appling County, GA",73.0,18428.0,396.1,Appling County,GA,51054.0,0.8103069283,0.1849162919,0.1105271713,0.7097158968
13003,"Atkinson County, GA",30.0,8183.0,366.6,Atkinson County,GA,44890.0,0.7161396454,0.1512118654,0.2859037743,1.0
13005,"Bacon County, GA",40.0,11191.0,357.4,Bacon County,GA,48915.0,0.845888521,0.1685544768,0.0842322905,1.0
13007,"Baker County, GA",21.0,2788.0,753.2,Baker County,GA,47850.0,0.9053658537,0.4126868392,0.060153117,1.0
13009,"Baldwin County, GA",162.0,43635.0,371.3,Baldwin County,GA,51206.0,0.8521362545,0.417526961,0.0305097244,0.487636704
13011,"Banks County, GA",65.0,19328.0,336.3,Banks County,GA,70067.0,0.8225891578,0.0338571934,0.0755975542,0.9558081508
13013,"Barrow County, GA",237.0,89299.0,265.4,Barrow County,GA,72075.0,0.8762015276,0.1493878783,0.1628480904,0.3296569068
13015,"Bartow County, GA",342.0,112816.0,303.1,Bartow County,GA,78771.0,0.8864639268,0.1127945689,0.1089089977,0.3943122653
13017,"Ben Hill County, GA",86.0,17069.0,503.8,Ben Hill County,GA,40325.0,0.8427535599,0.3705628211,0.0681924334,0.3438990345
13019,"Berrien County, GA",60.0,18214.0,329.4,Berrien County,GA,50581.0,0.8279382667,0.1138395261,0.0637587507,0.7332599119
13021,"Bibb County, GA",531.0,156197.0,340.0,Bibb County,GA,51569.0,0.8740457646,0.5658735432,0.0480474341,0.1408551854
13023,"Bleckley County, GA",48.0,12257.0,391.6,Bleckley County,GA,58877.0,0.8790882061,0.2453269154,0.0373044525,0.5105300803
13025,"Brantley County, GA",64.0,18183.0,352.0,Brantley County,GA,57325.0,0.8123167155,0.0407586544,0.0251073311,0.9932301204
13027,"Brooks County, GA",60.0,16253.0,369.2,Brooks County,GA,46796.0,0.8295721879,0.3431209603,0.0725146199,1.0
13029,"Bryan County, GA",110.0,48225.0,228.1,Bryan County,GA,97746.0,0.928403556,0.1521140353,0.0845212007,0.4678125978
13031,"Bulloch County, GA",228.0,83059.0,274.5,Bulloch County,GA,54787.0,0.8962060323,0.2887212874,0.0519643768,0.4514358993
13033,"Burke County, GA",98.0,24388.0,401.8,Burke County,GA,51388.0,0.8410562071,0.4521646616,0.0360504133,0.7518702228
13035,"Butts County, GA",118.0,26649.0,442.8,Butts County,GA,59622.0,0.8375006839,0.2823297504,0.0414326626,0.7760084926
13037,"Calhoun County, GA",20.0,5469.0,365.7,Calhoun County,GA,41260.0,0.7713878327,0.6250687191,0.0236393623,1.0
13039,"Camden County, GA",136.0,57013.0,238.5,Camden County,GA,72185.0,0.9248277762,0.1788258371,0.0801472866,0.2958114227
13043,"Candler County, GA",53.0,11000.0,481.8,Candler County,GA,49332.0,0.790652921,0.2465864906,0.1313862013,1.0
13045,"Carroll County, GA",344.0,124592.0,276.1,Carroll County,GA,71083.0,0.847460665,0.2018757179,0.0878062597,0.5438278444
13047,"Catoosa County, GA",267.0,68826.0,387.9,Catoosa County,GA,70315.0,0.8981687131,0.033347845,0.0430126252,0.2372259547
13049,"Charlton County, GA",35.0,12781.0,273.8,Charlton County,GA,52191.0,0.8525217391,0.2501159734,0.1526209989,1.0
13051,"Chatham County, GA",813.0,301107.0,270.0,Chatham County,GA,70556.0,0.9123764581,0.3977968418,0.0823105169,0.0301668524
13055,"Chattooga County, GA",119.0,24936.0,477.2,Chattooga County,GA,51225.0,0.7424398037,0.0962255174,0.0568154786,0.5903464851
13057,"Cherokee County, GA",648.0,281278.0,230.4,Cherokee County,GA,104220.0,0.9214278497,0.0766184465,0.12511427,0.1829795214
13059,"Clarke County, GA",289.0,129875.0,222.5,Clarke County,GA,54550.0,0.8996471761,0.2675224924,0.1182686461,0.0592441187
13061,"Clay County, GA",20.0,2845.0,703.0,Clay County,GA,37858.0,0.8538696538,0.5825446898,0.0178759201,1.0
13063,"Clayton County, GA",708.0,296564.0,238.7,Clayton County,GA,57974.0,0.8480157046,0.7058397586,0.1445859873,0.0052487441
13067,"Cobb County, GA",1519.0,771952.0,196.8,Cobb County,GA,99134.0,0.9279258981,0.2815860587,0.1513280454,5.22092e-05
13069,"Coffee County, GA",136.0,43172.0,315.0,Coffee County,GA,49804.0,0.7964515568,0.2779047487,0.1360435857,0.66912652
13071,"Colquitt County, GA",144.0,45762.0,314.7,Colquitt County,GA,47821.0,0.7971888882,0.2325470574,0.2086338727,0.5813107325
13073,"Columbia County, GA",346.0,162419.0,213.0,Columbia County,GA,97031.0,0.9308695043,0.2031520568,0.081398869,0.1494711877
13075,"Cook County, GA",81.0,17404.0,465.4,Cook County,GA,50258.0,0.8333918539,0.2773512476,0.0792028904,0.5917348656
13077,"Coweta County, GA",425.0,152882.0,278.0,Coweta County,GA,93326.0,0.9185783836,0.1968863059,0.0841608293,0.4489251358
13079,"Crawford County, GA",58.0,12140.0,477.8,Crawford County,GA,61519.0,0.8358261276,0.2051804187,0.0416225462,1.0
13081,"Crisp County, GA",76.0,19708.0,385.6,Crisp County,GA,43174.0,0.8418843621,0.4491875096,0.037593602,0.4569256757
13083,"Dade County, GA",65.0,16081.0,404.2,Dade County,GA,58644.0,0.8841607565,0.0162697185,0.0321064027,0.9458494862
13085,"Dawson County, GA",76.0,30138.0,252.2,Dawson County,GA,89330.0,0.8932635963,0.0184671625,0.0778709189,0.6940070154
13087,"Decatur County, GA",111.0,28982.0,383.0,Decatur County,GA,50452.0,0.8313893476,0.4206002682,0.0702375632,0.5281438349
13089,"DeKalb County, GA",1505.0,762820.0,197.3,DeKalb County,GA,77722.0,0.9080783515,0.5228455868,0.1039342483,0.0015790534
13091,"Dodge County, GA",74.0,19802.0,373.7,Dodge County,GA,46462.0,0.8605397113,0.2985942557,0.0377730583,0.6878293601
13093,"Dooly County, GA",43.0,10572.0,406.7,Dooly County,GA,50396.0,0.8295081967,0.4753665422,0.0868773336,1.0
13095,"Dougherty County, GA",280.0,82966.0,337.5,Dougherty County,GA,45863.0,0.8535580866,0.7128198923,0.0344848448,0.1435015736
13097,"Douglas County, GA",384.0,147316.0,260.7,Douglas County,GA,79672.0,0.9140048108,0.5261531242,0.1267095736,0.1547591811
13099,"Early County, GA",49.0,10574.0,463.4,Early County,GA,43444.0,0.8098229583,0.5201173909,0.0225314778,1.0
13103,"Effingham County, GA",168.0,69041.0,243.3,Effingham County,GA,83900.0,0.9075352543,0.1580072965,0.071259837,0.7421142831
13105,"Elbert County, GA",103.0,19814.0,519.8,Elbert County,GA,50367.0,0.8491172897,0.2761205217,0.0626592715,0.7097316291
13107,"Emanuel County, GA",99.0,22929.0,431.8,Emanuel County,GA,46017.0,0.7938467568,0.3440460228,0.0488342921,0.6815267041
13109,"Evans County, GA",35.0,10695.0,327.3,Evans County,GA,50831.0,0.8239657632,0.2988655384,0.1263715827,1.0
13111,"Fannin County, GA",117.0,25737.0,454.6,Fannin County,GA,60037.0,0.8828617138,0.009554999,0.0358697746,1.0
13113,"Fayette County, GA",299.0,122030.0,245.0,Fayette County,GA,108579.0,0.9497505002,0.2705936717,0.0887710679,0.1813178516
13115,"Floyd County, GA",432.0,99443.0,434.4,Floyd County,GA,61058.0,0.8491971955,0.144207046,0.1273161328,0.3872940842
13117,"Forsyth County, GA",417.0,267237.0,156.0,Forsyth County,GA,136347.0,0.9405959075,0.0456012928,0.1004481709,0.0773868507
13119,"Franklin County, GA",116.0,24128.0,480.8,Franklin County,GA,53221.0,0.8202747865,0.0904688887,0.0574610604,1.0
13121,"Fulton County, GA",2177.0,1074634.0,202.6,Fulton County,GA,94510.0,0.9363398672,0.4400572697,0.081623197,0.0063231806
13123,"Gilmer County, GA",127.0,32407.0,391.9,Gilmer County,GA,62317.0,0.8585664846,0.0099513086,0.1267194157,0.7850923357
13127,"Glynn County, GA",312.0,85079.0,366.7,Glynn County,GA,70067.0,0.896413948,0.254757926,0.0781692429,0.1863809039
13129,"Gordon County, GA",210.0,58954.0,356.2,Gordon County,GA,64795.0,0.7948537187,0.0438777047,0.165353013,0.5991589045
13131,"Grady County, GA",102.0,26008.0,392.2,Grady County,GA,52456.0,0.8037060124,0.2817847004,0.1373436661,0.6056563501
13133,"Greene County, GA",82.0,20139.0,407.2,Greene County,GA,79890.0,0.9015042242,0.2890647621,0.07204903,1.0
13135,"Gwinnett County, GA",1384.0,975353.0,141.9,Gwinnett County,GA,84076.0,0.879300664,0.2933516755,0.2375971759,0.0047280114
13137,"Habersham County, GA",157.0,47475.0,330.7,Habersham County,GA,71753.0,0.8232543641,0.0385175462,0.1633611584,0.5933392714
13139,"Hall County, GA",464.0,212692.0,218.2,Hall County,GA,78309.0,0.8133730596,0.079211293,0.2938412184,0.2594813327
13141,"Hancock County, GA",40.0,8387.0,476.9,Hancock County,GA,40099.0,0.7390513714,0.6857999078,0.010603965,1.0
13143,"Haralson County, GA",100.0,31337.0,319.1,Haralson County,GA,59384.0,0.8457099612,0.0519383232,0.0228478682,0.7566095124
13145,"Harris County, GA",106.0,36276.0,292.2,Harris County,GA,91977.0,0.9292528459,0.1615921864,0.0521089104,0.9719049267
13147,"Hart County, GA",111.0,26909.0,412.5,Hart County,GA,53100.0,0.8503798646,0.1778560023,0.0449266947,0.7691265293
13149,"Heard County, GA",31.0,11725.0,264.4,Heard County,GA,57670.0,0.8591478697,0.0963935516,0.0312448064,1.0
13151,"Henry County, GA",620.0,248364.0,249.6,Henry County,GA,80908.0,0.9244090262,0.5471912275,0.0851331236,0.1882083153
13153,"Houston County, GA",471.0,169631.0,277.7,Houston County,GA,75266.0,0.9320216948,0.343906637,0.0767616035,0.0897740676
13155,"Irwin County, GA",41.0,9126.0,449.3,Irwin County,GA,52918.0,0.8363636364,0.2401315789,0.0744517544,1.0
13157,"Jackson County, GA",239.0,83936.0,284.7,Jackson County,GA,84439.0,0.8757088151,0.085177453,0.1154432094,0.6281897585
13159,"Jasper County, GA",60.0,15951.0,376.2,Jasper County,GA,67681.0,0.8903109594,0.1646308113,0.0512914008,1.0
13161,"Jeff Davis County, GA",55.0,14889.0,369.4,Jeff Davis County,GA,47635.0,0.7802037846,0.149402925,0.1398765598,0.6672981934
13163,"Jefferson County, GA",61.0,15314.0,398.3,Jefferson County,GA,45829.0,0.8140131017,0.5075413291,0.0380030297,1.0
13165,"Jenkins County, GA",46.0,8689.0,529.4,Jenkins County,GA,42539.0,0.8111718276,0.411614698,0.0434681813,1.0
13167,"Johnson County, GA",39.0,9242.0,422.0,Johnson County,GA,51602.0,0.753476797,0.3460461108,0.0146520147,1.0
13169,"Jones County, GA",94.0,28472.0,330.1,Jones County,GA,65524.0,0.9169185812,0.257999931,0.0237150057,0.8341270681
13171,"Lamar County, GA",73.0,19467.0,375.0,Lamar County,GA,63622.0,0.8970060814,0.2665065438,0.0371550414,0.6310810811
13173,"Lanier County, GA",30.0,10171.0,295.0,Lanier County,GA,54586.0,0.8949485919,0.2250287026,0.0801760429,1.0
13175,"Laurens County, GA",163.0,49660.0,328.2,Laurens County,GA,56867.0,0.8609287406,0.3735407781,0.0348210889,0.5795440791
13177,"Lee County, GA",73.0,33642.0,217.0,Lee County,GA,80806.0,0.9155888986,0.2579121398,0.0349551252,0.6236468353
13179,"Liberty County, GA",134.0,68030.0,197.0,Liberty County,GA,57699.0,0.9202349228,0.4273948851,0.1315850311,0.2351354665
13181,"Lincoln County, GA",41.0,7841.0,522.9,Lincoln County,GA,58502.0,0.8685300207,0.2601853027,0.0161187968,1.0
13183,"Long County, GA",43.0,18348.0,234.4,Long County,GA,63146.0,0.858390972,0.2788098397,0.1322853935,0.802387432
13185,"Lowndes County, GA",317.0,119739.0,264.7,Lowndes County,GA,54984.0,0.8982168973,0.3721005368,0.073422692,0.3507961878
13187,"Lumpkin County, GA",111.0,34796.0,319.0,Lumpkin County,GA,72676.0,0.8908538012,0.0190878666,0.0614612287,0.8056617296
13189,"McDuffie County, GA",94.0,21713.0,432.9,McDuffie County,GA,53389.0,0.85561897,0.4023579063,0.0360108262,0.59375
13191,"McIntosh County, GA",55.0,11180.0,491.9,McIntosh County,GA,56573.0,0.8158133213,0.3055386488,0.0272150248,1.0
13193,"Macon County, GA",65.0,11765.0,552.5,Macon County,GA,41895.0,0.7622224779,0.5892358467,0.047558602,1.0
13195,"Madison County, GA",88.0,31473.0,279.6,Madison County,GA,65296.0,0.8193312728,0.1013947998,0.0760460998,0.9065737052
13197,"Marion County, GA",32.0,7449.0,429.6,Marion County,GA,51270.0,0.7620443305,0.2856182796,0.0802419355,1.0
13199,"Meriwether County, GA",124.0,20845.0,594.9,Meriwether County,GA,54428.0,0.8224014094,0.358463523,0.0319621614,1.0
13201,"Miller County, GA",28.0,5807.0,482.2,Miller County,GA,50799.0,0.8360248447,0.2775361058,0.0351487733,1.0
13205,"Mitchell County, GA",79.0,21116.0,374.1,Mitchell County,GA,48774.0,0.8448954235,0.4580373212,0.0553187459,0.7577568375
13207,"Monroe County, GA",120.0,29427.0,407.8,Monroe County,GA,80692.0,0.9079742447,0.2193306122,0.0305632653,0.818363916
13209,"Montgomery County, GA",34.0,8655.0,392.8,Montgomery County,GA,53248.0,0.8527724665,0.2543088689,0.0772742838,0.9871080139
13211,"Morgan County, GA",78.0,21031.0,370.9,Morgan County,GA,69090.0,0.9128723621,0.1948741845,0.0393755825,0.7656864209
13213,"Murray County, GA",139.0,40472.0,343.4,Murray County,GA,63836.0,0.7866263193,0.0114536371,0.1668331912,0.679583719
13215,"Muscogee County, GA",716.0,202616.0,353.4,Muscogee County,GA,52492.0,0.8896401746,0.4789698678,0.0870431005,0.0375648795
13217,"Newton County, GA",318.0,117621.0,270.4,Newton County,GA,76151.0,0.8951641934,0.5069047322,0.073533941,0.3397491176
13219,"Oconee County, GA",82.0,43588.0,188.1,Oconee County,GA,114230.0,0.9623684872,0.0468290254,0.0595491377,0.5408502596
13221,"Oglethorpe County, GA",46.0,15469.0,297.4,Oglethorpe County,GA,67249.0,0.8757125502,0.1573568617,0.071854767,1.0
13223,"Paulding County, GA",386.0,178421.0,216.3,Paulding County,GA,93773.0,0.9137576823,0.2571356817,0.0915245354,0.204795418
13225,"Peach County, GA",108.0,28562.0,378.1,Peach County,GA,68464.0,0.8766981286,0.4400624892,0.0941156049,0.400414567
13227,"Pickens County, GA",153.0,34826.0,439.3,Pickens County,GA,78032.0,0.8991324921,0.0138452556,0.0420083961,0.8078034682
13229,"Pierce County, GA",68.0,20168.0,337.2,Pierce County,GA,56330.0,0.8673696718,0.0916034272,0.0540514076,0.9871677825
13231,"Pike County, GA",85.0,19990.0,425.2,Pike County,GA,80652.0,0.9001727635,0.0858218073,0.0253164557,0.9971941342
13233,"Polk County, GA",198.0,43709.0,453.0,Polk County,GA,56271.0,0.821246665,0.1207064197,0.1398367365,0.5198469185
13235,"Pulaski County, GA",59.0,9984.0,590.9,Pulaski County,GA,46123.0,0.8010766807,0.3168895493,0.0430906389,1.0
13237,"Putnam County, GA",89.0,22984.0,387.2,Putnam County,GA,59068.0,0.8785610816,0.2536642311,0.0700419387,1.0
13241,"Rabun County, GA",71.0,17206.0,412.6,Rabun County,GA,60085.0,0.9014031096,0.0134158927,0.0873179681,1.0
13243,"Randolph County, GA",24.0,6116.0,392.4,Randolph County,GA,39926.0,0.833608296,0.5977295163,0.0251727542,1.0
13245,"Richmond County, GA",713.0,206640.0,345.0,Richmond County,GA,52073.0,0.8784680138,0.5796440359,0.0587788564,0.0833321233
13247,"Rockdale County, GA",237.0,94984.0,249.5,Rockdale County,GA,76081.0,0.9000426224,0.616229281,0.1114421745,0.1371272844
13251,"Screven County, GA",50.0,13977.0,357.7,Screven County,GA,49034.0,0.8462349109,0.3873289121,0.0272329618,1.0
13253,"Seminole County, GA",44.0,9127.0,482.1,Seminole County,GA,49423.0,0.8933768934,0.3228112626,0.0316761989,1.0
13255,"Spalding County, GA",268.0,68919.0,388.9,Spalding County,GA,56834.0,0.8536736173,0.3692705802,0.0650930718,0.4065313642
13257,"Stephens County, GA",113.0,26767.0,422.2,Stephens County,GA,50685.0,0.8381968641,0.1033127663,0.042456295,0.5591771207
13261,"Sumter County, GA",82.0,28877.0,284.0,Sumter County,GA,43835.0,0.8430074862,0.5219106957,0.06362063,0.412243382
13263,"Talbot County, GA",27.0,5747.0,469.8,Talbot County,GA,41656.0,0.8289503773,0.5246589717,0.0358516964,1.0
13267,"Tattnall County, GA",85.0,24064.0,353.2,Tattnall County,GA,48998.0,0.8076244264,0.2830507079,0.1089068159,1.0
13269,"Taylor County, GA",22.0,7737.0,284.3,Taylor County,GA,44708.0,0.7773402542,0.3526682135,0.0292601186,1.0
13271,"Telfair County, GA",51.0,12354.0,412.8,Telfair County,GA,42203.0,0.7847106454,0.3422161172,0.1258241758,1.0
13273,"Terrell County, GA",47.0,8754.0,536.9,Terrell County,GA,45616.0,0.7782995951,0.5786877724,0.0286763019,1.0
13275,"Thomas County, GA",179.0,45561.0,392.9,Thomas County,GA,54989.0,0.8801923077,0.358759228,0.0410523779,0.4490807459
13277,"Tift County, GA",150.0,41412.0,362.2,Tift County,GA,53295.0,0.8567270852,0.3041584444,0.1329835876,0.4054760062
13279,"Toombs County, GA",114.0,26837.0,424.8,Toombs County,GA,48866.0,0.8392608089,0.2663831361,0.1223002959,0.4969293378
13281,"Towns County, GA",69.0,12972.0,531.9,Towns County,GA,60563.0,0.9301564577,0.0112006137,0.0334484081,1.0
13283,"Treutlen County, GA",27.0,6365.0,424.2,Treutlen County,GA,45699.0,0.7476167779,0.3100457341,0.0280712821,1.0
13285,"Troup County, GA",299.0,70191.0,426.0,Troup County,GA,60839.0,0.8790230933,0.3647620932,0.0480761075,0.4536340852
13287,"Turner County, GA",38.0,8842.0,429.8,Turner County,GA,42769.0,0.8063195809,0.3889325401,0.0496127512,0.4739062847
13289,"Twiggs County, GA",37.0,7680.0,481.8,Twiggs County,GA,50700.0,0.7782782783,0.3944870628,0.0217136913,1.0
13291,"Union County, GA",128.0,26388.0,485.1,Union County,GA,65505.0,0.8884815457,0.010875977,0.0396327975,1.0
13293,"Upson County, GA",139.0,28086.0,494.9,Upson County,GA,54439.0,0.8550830254,0.2771821817,0.0285532321,0.466967509
13295,"Walker County, GA",274.0,68915.0,397.6,Walker County,GA,58363.0,0.8526707304,0.046856337,0.0303645181,0.5101693913
13297,"Walton County, GA",303.0,103065.0,294.0,Walton County,GA,79829.0,0.8726680968,0.2155629698,0.0715544226,0.5806067878
13299,"Ware County, GA",149.0,35614.0,418.4,Ware County,GA,40901.0,0.8153078889,0.2983472671,0.0521755925,0.3211221759
13301,"Warren County, GA",37.0,5155.0,717.7,Warren County,GA,48308.0,0.778342246,0.5526831179,0.018213866,1.0
13303,"Washington County, GA",81.0,19738.0,410.4,Washington County,GA,48809.0,0.8471746575,0.537184662,0.0224016145,0.6449369622
13305,"Wayne County, GA",122.0,30896.0,394.9,Wayne County,GA,55797.0,0.8629609782,0.1935103433,0.0642272017,0.5763004246
13309,"Wheeler County, GA",21.0,7314.0,287.1,Wheeler County,GA,41163.0,0.7670091103,0.3596949583,0.047733371,1.0
13311,"White County, GA",106.0,28806.0,368.0,White County,GA,66962.0,0.844032146,0.0213946117,0.039171777,1.0
13313,"Whitfield County, GA",311.0,103132.0,301.6,Whitfield County,GA,63111.0,0.7538868182,0.036619827,0.375456904,0.3489267382
13315,"Wilcox County, GA",48.0,8761.0,547.9,Wilcox County,GA,45726.0,0.7888871449,0.343547101,0.0395261419,1.0
13317,"Wilkes County, GA",50.0,9599.0,520.9,Wilkes County,GA,48635.0,0.8201642594,0.3925194369,0.0505358269,1.0
13319,"Wilkinson County, GA",49.0,8681.0,564.5,Wilkinson County,GA,51498.0,0.8961988304,0.3674498567,0.033008596,1.0
13321,"Worth County, GA",69.0,20424.0,337.8,Worth County,GA,50830.0,0.8650027579,0.2820500173,0.0273269866,0.7042917629
15001,"Hawaii County, HI",709.0,206315.0,343.6,Hawaii County,HI,73092.0,0.9308874875,0.0082026829,0.1187968114,0.594983776
15003,"Honolulu County, HI",2696.0,995638.0,270.8,Honolulu County,HI,102382.0,0.9289255801,0.0249361234,0.09602813,0.0168882094
15007,"Kauai County, HI",204.0,73810.0,276.4,Kauai County,HI,90084.0,0.927179893,0.006892256,0.1062274038,0.4220169718
15009,"Maui County, HI",478.0,164351.0,290.8,Maui County,HI,83764.0,0.9279083066,0.0077961787,0.1070330059,0.2140646054
16001,"Ada County, ID",1055.0,518907.0,203.3,Ada County,ID,90513.0,0.9506528379,0.0132215685,0.1008723529,0.055658256
16005,"Bannock County, ID",208.0,89517.0,232.4,Bannock County,ID,67371.0,0.9375033074,0.0087831858,0.1013384956,0.1701601967
16009,"Benewah County, ID",35.0,10370.0,337.5,Benewah County,ID,60872.0,0.8442808607,0.0058829202,0.0395409393,1.0
16011,"Bingham County, ID",120.0,49923.0,240.4,Bingham County,ID,73409.0,0.891958379,0.0041075504,0.1784303998,0.5970161694
16013,"Blaine County, ID",36.0,24866.0,144.8,Blaine County,ID,94471.0,0.9117991632,0.0035941057,0.2210374985,0.2427076467
16017,"Bonner County, ID",131.0,51414.0,254.8,Bonner County,ID,68030.0,0.91620187,0.0032161684,0.0413153938,0.7277860327
16019,"Bonneville County, ID",267.0,129496.0,206.2,Bonneville County,ID,74948.0,0.9205954061,0.005975671,0.1466208913,0.1519150721
16021,"Boundary County, ID",39.0,13345.0,292.2,Boundary County,ID,65044.0,0.8723064645,0.0062698237,0.0557645497,1.0
16027,"Canyon County, ID",592.0,251065.0,235.8,Canyon County,ID,72059.0,0.877155915,0.0075832253,0.2601154948,0.1872698557
16031,"Cassia County, ID",70.0,25655.0,272.9,Cassia County,ID,68267.0,0.8537757895,0.0040473225,0.3007082814,0.5031433786
16035,"Clearwater County, ID",28.0,9015.0,310.6,Clearwater County,ID,58757.0,0.9111424542,0.0061862383,0.0492728457,1.0
16039,"Elmore County, ID",71.0,29403.0,241.5,Elmore County,ID,64247.0,0.8811843672,0.0250302786,0.1831853048,0.3790902114
16041,"Franklin County, ID",29.0,15189.0,190.9,Franklin County,ID,80768.0,0.940423604,0.0037433845,0.0758358074,1.0
16043,"Fremont County, ID",38.0,13978.0,271.9,Fremont County,ID,72061.0,0.9066738428,0.0043674274,0.1266553959,1.0
16045,"Gem County, ID",71.0,20418.0,347.7,Gem County,ID,62479.0,0.8904256844,0.0039865218,0.0990460823,0.4680227998
16047,"Gooding County, ID",53.0,15715.0,337.3,Gooding County,ID,65662.0,0.7978860022,0.0040470705,0.3141771994,1.0
16049,"Idaho County, ID",54.0,17593.0,306.9,Idaho County,ID,57210.0,0.9184107002,0.0055897149,0.0401341532,1.0
16051,"Jefferson County, ID",68.0,33428.0,203.4,Jefferson County,ID,81566.0,0.9326748532,0.0028071817,0.1119948535,0.6671198731
16053,"Jerome County, ID",63.0,25311.0,248.9,Jerome County,ID,62543.0,0.7339810924,0.0038855528,0.3958554103,0.4881792301
16055,"Kootenai County, ID",475.0,183578.0,258.7,Kootenai County,ID,75235.0,0.9436544073,0.0043132804,0.0589211394,0.2351163035
16057,"Latah County, ID",78.0,40978.0,190.3,Latah County,ID,63916.0,0.9694075889,0.0077479964,0.0509672889,0.3442315965
16059,"Lemhi County, ID",48.0,8240.0,582.5,Lemhi County,ID,57562.0,0.9267484256,0.0040279588,0.0430043834,1.0
16065,"Madison County, ID",70.0,54976.0,127.3,Madison County,ID,58236.0,0.9703403925,0.0100830476,0.0972189121,0.2189065069
16067,"Minidoka County, ID",53.0,22194.0,238.8,Minidoka County,ID,68029.0,0.8207048458,0.0044928826,0.3717081851,0.4436218942
16069,"Nez Perce County, ID",145.0,43004.0,337.2,Nez Perce County,ID,70340.0,0.9292970064,0.0054900319,0.0461767511,0.1890947969
16073,"Owyhee County, ID",34.0,12613.0,269.6,Owyhee County,ID,60701.0,0.7772909821,0.0050306556,0.2490960541,1.0
16075,"Payette County, ID",87.0,26956.0,322.7,Payette County,ID,67532.0,0.8669251383,0.0044723047,0.1819714799,0.4124320492
16079,"Shoshone County, ID",51.0,14012.0,364.0,Shoshone County,ID,59937.0,0.8876564567,0.0070583203,0.0433480679,1.0
16083,"Twin Falls County, ID",266.0,93696.0,283.9,Twin Falls County,ID,66664.0,0.8865262521,0.0085228467,0.1833830762,0.3469115785
16085,"Valley County, ID",24.0,12464.0,192.6,Valley County,ID,84024.0,0.9098612435,0.0045080671,0.0537013603,0.6854248255
16087,"Washington County, ID",54.0,11087.0,487.1,Washington County,ID,57369.0,0.8872999213,0.0066520788,0.1628884026,0.4758095238
17001,"Adams County, IL",224.0,64725.0,346.1,Adams County,IL,63424.0,0.9345111583,0.0403780202,0.0210890582,0.3393826916
17003,"Alexander County, IL",30.0,4858.0,617.5,Alexander County,IL,45550.0,0.8665730337,0.3113951012,0.0232161874,0.9694656489
17005,"Bond County, IL",62.0,16566.0,374.3,Bond County,IL,66162.0,0.8930949877,0.0654103343,0.0390881459,0.5955156951
17007,"Boone County, IL",158.0,53154.0,297.2,Boone County,IL,83129.0,0.8560501284,0.0263148002,0.2633171685,0.2939679689
17011,"Bureau County, IL",122.0,32828.0,371.6,Bureau County,IL,66854.0,0.9096390658,0.0110605274,0.1061443979,0.5498435808
17013,"Calhoun County, IL",29.0,4360.0,665.1,Calhoun County,IL,72574.0,0.9339712919,0.008107482,0.0206161686,1.0
17015,"Carroll County, IL",71.0,15529.0,457.2,Carroll County,IL,61982.0,0.8769351192,0.0367126111,0.0558418137,1.0
17017,"Cass County, IL",31.0,12657.0,244.9,Cass County,IL,64413.0,0.867433832,0.0420768498,0.2321371864,0.5198589173
17019,"Champaign County, IL",428.0,206542.0,207.2,Champaign County,IL,62169.0,0.9513702779,0.1405098131,0.082078738,0.1595074442
17021,"Christian County, IL",156.0,33436.0,466.6,Christian County,IL,72650.0,0.9091170078,0.0270554954,0.0334657518,0.5068758815
17023,"Clark County, IL",59.0,15229.0,387.4,Clark County,IL,66923.0,0.9203892493,0.0106044539,0.0183589608,1.0
17025,"Clay County, IL",75.0,13047.0,574.8,Clay County,IL,54837.0,0.8770883055,0.0064620355,0.0225401954,0.6392986153
17027,"Clinton County, IL",130.0,36909.0,352.2,Clinton County,IL,88977.0,0.9203593495,0.0315074079,0.0422726655,0.8021626602
17029,"Coles County, IL",166.0,46334.0,358.3,Coles County,IL,57728.0,0.9149533019,0.0408163265,0.0391228832,0.2632567271
17031,"Cook County, IL",13942.0,5109292.0,272.9,Cook County,IL,80547.0,0.8833847505,0.2239278312,0.2696494172,0.0005478111
17033,"Crawford County, IL",75.0,18536.0,404.6,Crawford County,IL,64168.0,0.8816847385,0.0481967213,0.0277595628,0.6716098292
17035,"Cumberland County, IL",39.0,10324.0,377.8,Cumberland County,IL,71741.0,0.9386825024,0.0067244908,0.0138388071,1.0
17037,"DeKalb County, IL",239.0,100232.0,238.4,DeKalb County,IL,69439.0,0.923567935,0.0886746171,0.149230217,0.2175662219
17039,"De Witt County, IL",60.0,15310.0,391.9,De Witt County,IL,74553.0,0.9275296675,0.0113895216,0.0354702245,0.5280355762
17041,"Douglas County, IL",64.0,19755.0,324.0,Douglas County,IL,82895.0,0.8606755127,0.0088134902,0.0863518264,0.7496453901
17043,"DuPage County, IL",2223.0,920901.0,241.4,DuPage County,IL,107032.0,0.9319016267,0.0519174176,0.1629156341,0.0018780611
17045,"Edgar County, IL",91.0,16433.0,553.8,Edgar County,IL,59330.0,0.9007826512,0.0085710787,0.0172033795,0.5069370331
17047,"Edwards County, IL",23.0,6071.0,378.9,Edwards County,IL,59867.0,0.9187123668,0.0063672922,0.0155831099,1.0
17049,"Effingham County, IL",91.0,34325.0,265.1,Effingham County,IL,72158.0,0.9316044697,0.0064082025,0.027293117,0.5964578285
17051,"Fayette County, IL",63.0,21305.0,295.7,Fayette County,IL,61952.0,0.8730893932,0.0674258174,0.0300982801,0.6225800447
17053,"Ford County, IL",66.0,13249.0,498.2,Ford County,IL,71110.0,0.9189974182,0.0141886792,0.0544150943,0.6654352002
17055,"Franklin County, IL",148.0,37242.0,397.4,Franklin County,IL,52533.0,0.8921372867,0.0077548603,0.0217028381,0.591947942
17057,"Fulton County, IL",131.0,33021.0,396.7,Fulton County,IL,62914.0,0.9089636431,0.0376448173,0.0259672413,0.6079323991
17059,"Gallatin County, IL",23.0,4855.0,473.7,Gallatin County,IL,56852.0,0.8639020317,0.0107066381,0.0162740899,1.0
17061,"Greene County, IL",62.0,11651.0,532.1,Greene County,IL,59146.0,0.9040738986,0.0074504028,0.0101360132,1.0
17063,"Grundy County, IL",163.0,53041.0,307.3,Grundy County,IL,91254.0,0.9419331024,0.0232931427,0.1240061219,0.2502807759
17065,"Hamilton County, IL",38.0,7984.0,476.0,Hamilton County,IL,65472.0,0.8902309059,0.0080900013,0.01592719,1.0
17067,"Hancock County, IL",68.0,17244.0,394.3,Hancock County,IL,63408.0,0.9402273269,0.01012452,0.0260095427,0.8402951192
17071,"Henderson County, IL",24.0,6151.0,390.2,Henderson County,IL,62610.0,0.9206349206,0.0062417871,0.0223390276,0.994676687
17073,"Henry County, IL",173.0,48419.0,357.3,Henry County,IL,73198.0,0.9207369569,0.0187623844,0.0719327939,0.498011525
17075,"Iroquois County, IL",145.0,26473.0,547.7,Iroquois County,IL,64995.0,0.8914228266,0.0136593205,0.0850933578,0.8274919674
17077,"Jackson County, IL",160.0,52617.0,304.1,Jackson County,IL,48289.0,0.9207332411,0.1518191059,0.0527224257,0.4094838978
17079,"Jasper County, IL",40.0,9212.0,434.2,Jasper County,IL,69924.0,0.9306732399,0.0059055118,0.0144356955,1.0
17081,"Jefferson County, IL",136.0,36400.0,373.6,Jefferson County,IL,60543.0,0.9137837629,0.0802863436,0.0300110132,0.5880688707
17083,"Jersey County, IL",85.0,21246.0,400.1,Jersey County,IL,70158.0,0.9370951586,0.0086766867,0.0164999289,0.5941335069
17085,"Jo Daviess County, IL",87.0,21758.0,399.9,Jo Daviess County,IL,74426.0,0.9343431296,0.0091009377,0.0433443648,0.8839119582
17087,"Johnson County, IL",42.0,13381.0,313.9,Johnson County,IL,63160.0,0.8593395253,0.1251688429,0.044574516,1.0
17089,"Kane County, IL",1153.0,514182.0,224.2,Kane County,IL,97543.0,0.8700517978,0.0524756205,0.3349126766,0.0402248113
17091,"Kankakee County, IL",443.0,106074.0,417.6,Kankakee County,IL,68451.0,0.9096036543,0.1473192373,0.1299886728,0.2840412271
17093,"Kendall County, IL",186.0,137254.0,135.5,Kendall County,IL,114606.0,0.936079218,0.0879722238,0.2313753786,0.1137037515
17095,"Knox County, IL",212.0,48640.0,435.9,Knox County,IL,57569.0,0.8931777379,0.0833281692,0.0654603293,0.3226129245
17097,"Lake County, IL",1418.0,709150.0,200.0,Lake County,IL,108349.0,0.9058732448,0.0684674643,0.2513149726,0.0141528848
17099,"LaSalle County, IL",422.0,108078.0,390.5,LaSalle County,IL,72225.0,0.9137672155,0.0268768062,0.1148011707,0.3159915373
17101,"Lawrence County, IL",54.0,14914.0,362.1,Lawrence County,IL,55411.0,0.8513122172,0.09910214,0.0390197799,0.6968586387
17103,"Lee County, IL",131.0,33848.0,387.0,Lee County,IL,66598.0,0.9048513427,0.0551494622,0.0777025019,0.5317908918
17105,"Livingston County, IL",160.0,35521.0,450.4,Livingston County,IL,68544.0,0.9028566888,0.0375141563,0.0609286523,0.6459583973
17107,"Logan County, IL",102.0,27591.0,369.7,Logan County,IL,64779.0,0.9149739716,0.0741935484,0.0363537514,0.5001250581
17109,"McDonough County, IL",114.0,26861.0,424.4,McDonough County,IL,50487.0,0.9427067759,0.059838295,0.0360669175,0.4252147735
17111,"McHenry County, IL",786.0,311747.0,252.1,McHenry County,IL,101205.0,0.937193606,0.0176726343,0.1644341432,0.1408959188
17113,"McLean County, IL",422.0,171141.0,246.6,McLean County,IL,79622.0,0.9580289899,0.0882768817,0.0656708186,0.2155784597
17115,"Macon County, IL",380.0,101483.0,374.4,Macon County,IL,61033.0,0.9304933052,0.1833563639,0.029595093,0.1703013519
17117,"Macoupin County, IL",212.0,44245.0,479.2,Macoupin County,IL,70256.0,0.9083056894,0.0126766323,0.0142896088,0.6551915849
17119,"Madison County, IL",994.0,263864.0,376.7,Madison County,IL,73194.0,0.9369975879,0.09521526,0.0440453355,0.1643916512
17121,"Marion County, IL",172.0,36914.0,465.9,Marion County,IL,54774.0,0.9034130485,0.0435470237,0.0235050309,0.4779347452
17123,"Marshall County, IL",60.0,11678.0,513.8,Marshall County,IL,70246.0,0.9101070714,0.0097577677,0.0391166652,1.0
17125,"Mason County, IL",70.0,12748.0,549.1,Mason County,IL,62146.0,0.9208047945,0.0075860417,0.0164497325,1.0
17127,"Massac County, IL",59.0,13896.0,424.6,Massac County,IL,58202.0,0.8925423393,0.0634653393,0.0290608301,0.5288305456
17129,"Menard County, IL",37.0,12121.0,305.3,Menard County,IL,80964.0,0.9416618245,0.012129831,0.0174000335,1.0
17131,"Mercer County, IL",64.0,15504.0,412.8,Mercer County,IL,77098.0,0.9331061693,0.0086524182,0.0379027572,1.0
17133,"Monroe County, IL",99.0,35033.0,282.6,Monroe County,IL,103032.0,0.9577442159,0.0062934462,0.0201104214,0.4149934214
17135,"Montgomery County, IL",104.0,28020.0,371.2,Montgomery County,IL,60599.0,0.8995154422,0.0379568377,0.0224487583,0.5323105204
17137,"Morgan County, IL",128.0,32209.0,397.4,Morgan County,IL,64268.0,0.8962673611,0.0639390168,0.0303982576,0.3619018684
17139,"Moultrie County, IL",53.0,14323.0,370.0,Moultrie County,IL,72928.0,0.8568784701,0.0092037373,0.0179193976,0.6961310753
17141,"Ogle County, IL",152.0,51351.0,296.0,Ogle County,IL,78109.0,0.9104012466,0.0127377353,0.1211937969,0.678728663
17143,"Peoria County, IL",580.0,178383.0,325.1,Peoria County,IL,62873.0,0.9335243884,0.1908367275,0.0615391549,0.1694274872
17145,"Perry County, IL",66.0,20588.0,320.6,Perry County,IL,62830.0,0.8534694148,0.0825245086,0.0380919865,0.7167343041
17147,"Piatt County, IL",45.0,16723.0,269.1,Piatt County,IL,81611.0,0.9603661097,0.009393323,0.0156754816,0.6410364062
17149,"Pike County, IL",67.0,14484.0,462.6,Pike County,IL,58733.0,0.9179075235,0.0103193418,0.0223120904,1.0
17151,"Pope County, IL",21.0,3770.0,557.0,Pope County,IL,58093.0,0.9173351936,0.0321014297,0.0183436741,1.0
17153,"Pulaski County, IL",41.0,4991.0,821.5,Pulaski County,IL,50863.0,0.8740490279,0.291386683,0.0405212788,1.0
17157,"Randolph County, IL",116.0,30068.0,385.8,Randolph County,IL,70526.0,0.8788059428,0.0815025994,0.0398121751,0.7898750124
17159,"Richland County, IL",80.0,15435.0,518.3,Richland County,IL,57119.0,0.9191465983,0.0099431818,0.0205965909,0.4534876368
17161,"Rock Island County, IL",510.0,141527.0,360.4,Rock Island County,IL,63457.0,0.9022594671,0.117406327,0.1444957376,0.1154404446
17163,"St. Clair County, IL",890.0,252671.0,352.2,St. Clair County,IL,66007.0,0.9274493084,0.301982328,0.0517413094,0.1415578866
17165,"Saline County, IL",99.0,23087.0,428.8,Saline County,IL,53318.0,0.8876100998,0.0312595637,0.0225156298,0.6515062269
17167,"Sangamon County, IL",634.0,194534.0,325.9,Sangamon County,IL,73004.0,0.9370809356,0.1381149511,0.030120264,0.1888429941
17169,"Schuyler County, IL",32.0,6746.0,474.4,Schuyler County,IL,64444.0,0.9203104297,0.0531709491,0.0304470518,1.0
17173,"Shelby County, IL",79.0,20761.0,380.5,Shelby County,IL,68618.0,0.9449236894,0.0062718786,0.0133702839,0.765412101
17175,"Stark County, IL",20.0,5345.0,374.2,Stark County,IL,69523.0,0.9171066526,0.0137983902,0.0302798007,1.0
17177,"Stephenson County, IL",166.0,43627.0,380.5,Stephenson County,IL,64926.0,0.9147587964,0.0975756873,0.0587402853,0.4592202554
17179,"Tazewell County, IL",460.0,129911.0,354.1,Tazewell County,IL,73659.0,0.9400028285,0.0163963533,0.0281918466,0.2182225166
17181,"Union County, IL",71.0,16767.0,423.5,Union County,IL,64452.0,0.8703552136,0.0214795704,0.0539389212,0.6481094874
17183,"Vermilion County, IL",297.0,72337.0,410.6,Vermilion County,IL,51813.0,0.9073455095,0.1386144141,0.0579188299,0.3953739149
17185,"Wabash County, IL",44.0,11087.0,396.9,Wabash County,IL,64466.0,0.9281682914,0.0121549991,0.0201060135,0.3871138104
17187,"Warren County, IL",62.0,16354.0,379.1,Warren County,IL,64493.0,0.8657129672,0.0284213778,0.1109051591,0.4541728542
17189,"Washington County, IL",58.0,13643.0,425.1,Washington County,IL,74848.0,0.9318297267,0.0132978723,0.0162529551,0.9931691011
17191,"Wayne County, IL",72.0,15872.0,453.6,Wayne County,IL,56071.0,0.9015420064,0.0067254616,0.0223336083,0.705420607
17193,"White County, IL",57.0,13614.0,418.7,White County,IL,56768.0,0.8654449732,0.0067159167,0.0173867622,0.6348634431
17195,"Whiteside County, IL",237.0,54658.0,433.6,Whiteside County,IL,68641.0,0.9101236476,0.0163308745,0.1347755881,0.4355102261
17197,"Will County, IL",1554.0,696757.0,223.0,Will County,IL,103587.0,0.9150335464,0.1231133906,0.2015618043,0.0487481242
17199,"Williamson County, IL",218.0,66695.0,326.9,Williamson County,IL,60704.0,0.92436135,0.0505651666,0.0300422751,0.4103465221
17201,"Winnebago County, IL",1014.0,282188.0,359.3,Winnebago County,IL,65795.0,0.8864668624,0.1368386954,0.1605214259,0.0969405993
17203,"Woodford County, IL",144.0,38128.0,377.7,Woodford County,IL,90169.0,0.9479617048,0.0085150842,0.0216272692,0.7016143708
18001,"Adams County, IN",82.0,36068.0,227.3,Adams County,IN,66567.0,0.8696802339,0.0070546737,0.0487213404,0.7084252562
18003,"Allen County, IN",1084.0,391449.0,276.9,Allen County,IN,66194.0,0.9032914535,0.1141720209,0.0920376636,0.1291870995
18005,"Bartholomew County, IN",278.0,83540.0,332.8,Bartholomew County,IN,79870.0,0.9214559729,0.0235110651,0.0952942157,0.3069409303
18007,"Benton County, IN",33.0,8719.0,378.5,Benton County,IN,64671.0,0.8958722609,0.0099667774,0.0712567304,1.0
18009,"Blackford County, IN",52.0,11919.0,436.3,Blackford County,IN,51799.0,0.8951814396,0.0099218027,0.026149836,0.4934775429
18011,"Boone County, IN",168.0,74164.0,226.5,Boone County,IN,103970.0,0.9499413375,0.0336311088,0.044377299,0.2719171892
18013,"Brown County, IN",50.0,15570.0,321.1,Brown County,IN,72141.0,0.9357752548,0.0079218041,0.0197406248,1.0
18015,"Carroll County, IN",60.0,20555.0,291.9,Carroll County,IN,71740.0,0.8972688202,0.0082338611,0.0467235079,0.9456810795
18017,"Cass County, IN",136.0,37540.0,362.3,Cass County,IN,54436.0,0.8578067985,0.0214517071,0.1886847555,0.4620015844
18019,"Clark County, IN",401.0,124237.0,322.8,Clark County,IN,71718.0,0.9074964771,0.0842691704,0.0699785601,0.2133071276
18021,"Clay County, IN",124.0,26379.0,470.1,Clay County,IN,62834.0,0.9078768796,0.0087301587,0.0207105064,0.5999773294
18023,"Clinton County, IN",103.0,32843.0,313.6,Clinton County,IN,66119.0,0.8635360413,0.0090131378,0.1980140544,0.4945766797
18025,"Crawford County, IN",58.0,10536.0,550.5,Crawford County,IN,56019.0,0.8558570483,0.0067062656,0.0175320943,1.0
18027,"Daviess County, IN",135.0,33418.0,404.0,Daviess County,IN,76778.0,0.7717641419,0.0220168766,0.0660803423,0.6129534765
18029,"Dearborn County, IN",123.0,51138.0,240.5,Dearborn County,IN,82578.0,0.9124982466,0.0082007224,0.0162452407,0.6021034353
18031,"Decatur County, IN",92.0,26416.0,348.3,Decatur County,IN,71150.0,0.9054315929,0.0072351225,0.0258343119,0.5267074645
18033,"De Kalb County, IN",122.0,43731.0,279.0,De Kalb County,IN,68933.0,0.9229363387,0.006516132,0.0322412779,0.5297353519
18035,"Delaware County, IN",400.0,112031.0,357.0,Delaware County,IN,55704.0,0.9094651378,0.0726222167,0.0331727816,0.2305925668
18037,"Dubois County, IN",182.0,43632.0,417.1,Dubois County,IN,74001.0,0.892343934,0.0076470858,0.1017085381,0.4759951417
18039,"Elkhart County, IN",599.0,206890.0,289.5,Elkhart County,IN,69262.0,0.8220093426,0.0538009486,0.2038234767,0.2325752124
18041,"Fayette County, IN",105.0,23349.0,449.7,Fayette County,IN,60483.0,0.8587629498,0.0138686756,0.0154952487,0.3845200444
18043,"Floyd County, IN",229.0,80714.0,283.7,Floyd County,IN,79008.0,0.9254550345,0.055649742,0.0440792486,0.3405148849
18045,"Fountain County, IN",80.0,16574.0,482.7,Fountain County,IN,63747.0,0.8965813434,0.0073516227,0.032096109,1.0
18047,"Franklin County, IN",73.0,23028.0,317.0,Franklin County,IN,77456.0,0.8872457257,0.0044163492,0.0125995843,0.8886109282
18049,"Fulton County, IN",71.0,20327.0,349.3,Fulton County,IN,60258.0,0.8729877314,0.0081049219,0.0553590726,0.6419433594
18051,"Gibson County, IN",116.0,32993.0,351.6,Gibson County,IN,67497.0,0.9072215314,0.0250729395,0.025042548,0.7472660628
18053,"Grant County, IN",215.0,66022.0,325.6,Grant County,IN,53872.0,0.8876396776,0.0748489426,0.0573716012,0.3856525782
18055,"Greene County, IN",115.0,31006.0,370.9,Greene County,IN,59626.0,0.881415365,0.0041030901,0.0223746634,0.8280037659
18057,"Hamilton County, IN",588.0,364921.0,161.1,Hamilton County,IN,121231.0,0.9729097032,0.0504002475,0.0573880989,0.0574068904
18059,"Hancock County, IN",205.0,83070.0,246.8,Hancock County,IN,94581.0,0.9349214448,0.0473736741,0.0386811503,0.276753507
18061,"Harrison County, IN",140.0,39851.0,351.3,Harrison County,IN,75443.0,0.9178155202,0.0083987402,0.0244963256,0.8563574923
18063,"Hendricks County, IN",334.0,182534.0,183.0,Hendricks County,IN,95323.0,0.9348747655,0.1193860087,0.0545477957,0.1524074879
18065,"Henry County, IN",206.0,48915.0,421.1,Henry County,IN,62048.0,0.9063259297,0.0285924503,0.0238917615,0.6206607515
18067,"Howard County, IN",318.0,83574.0,380.5,Howard County,IN,61548.0,0.9206724954,0.0803759946,0.0426095359,0.2566042698
18069,"Huntington County, IN",138.0,36834.0,374.7,Huntington County,IN,67462.0,0.9303617877,0.0094070308,0.0323536609,0.5211663303
18071,"Jackson County, IN",161.0,46300.0,347.7,Jackson County,IN,69753.0,0.8916868442,0.0117305209,0.1447912183,0.4777504954
18073,"Jasper County, IN",118.0,33281.0,354.6,Jasper County,IN,75027.0,0.9306731861,0.0065901297,0.0770240048,0.8326447536
18075,"Jay County, IN",78.0,20198.0,386.2,Jay County,IN,61030.0,0.8686680572,0.005840655,0.0449780351,0.6892274636
18077,"Jefferson County, IN",101.0,32946.0,306.6,Jefferson County,IN,62153.0,0.886319597,0.0192703291,0.0354247338,0.4736476906
18079,"Jennings County, IN",88.0,27536.0,319.6,Jennings County,IN,61695.0,0.8760161536,0.0078198537,0.0355513721,0.7488139644
18081,"Johnson County, IN",472.0,165782.0,284.7,Johnson County,IN,91676.0,0.9274532541,0.0357051347,0.0439819091,0.127345223
18083,"Knox County, IN",135.0,35789.0,377.2,Knox County,IN,57242.0,0.9009570167,0.0316883837,0.0310784586,0.454274847
18085,"Kosciusko County, IN",259.0,80826.0,320.4,Kosciusko County,IN,72726.0,0.8803275053,0.0109626201,0.098576477,0.4836365902
18087,"Lagrange County, IN",96.0,40866.0,234.9,Lagrange County,IN,81738.0,0.6057018096,0.0048891388,0.0462023615,1.0
18089,"Lake County, IN",1717.0,499689.0,343.6,Lake County,IN,69182.0,0.9022313599,0.2330872277,0.212659659,0.0453679567
18091,"La Porte County, IN",385.0,111675.0,344.8,La Porte County,IN,64204.0,0.9049405168,0.110934059,0.0779993913,0.3652116673
18093,"Lawrence County, IN",147.0,45222.0,325.1,Lawrence County,IN,64958.0,0.9035098676,0.0056782894,0.020960873,0.6793672658
18095,"Madison County, IN",441.0,131744.0,334.7,Madison County,IN,62000.0,0.9048111124,0.0859974039,0.0568888486,0.2462248999
18097,"Marion County, IN",2324.0,969466.0,239.7,Marion County,IN,66653.0,0.8769776139,0.2890403321,0.1386407286,0.0087944879
18099,"Marshall County, IN",181.0,46332.0,390.7,Marshall County,IN,70390.0,0.8611872441,0.0075077667,0.1207499137,0.7336153596
18101,"Martin County, IN",40.0,9803.0,408.0,Martin County,IN,60862.0,0.8871226484,0.0052541174,0.0160654744,1.0
18103,"Miami County, IN",110.0,35674.0,308.3,Miami County,IN,59297.0,0.8745328775,0.0497994464,0.0390655895,0.4555920138
18105,"Monroe County, IN",315.0,139745.0,225.4,Monroe County,IN,60553.0,0.948269638,0.0377416716,0.0493820959,0.2119626677
18107,"Montgomery County, IN",151.0,38273.0,394.5,Montgomery County,IN,69928.0,0.8894149346,0.0110958442,0.0634381562,0.5291280051
18109,"Morgan County, IN",222.0,72236.0,307.3,Morgan County,IN,74193.0,0.9043935827,0.0135196034,0.0233383861,0.5410002786
18111,"Newton County, IN",61.0,13823.0,441.3,Newton County,IN,70836.0,0.8835740072,0.0103868195,0.0848853868,1.0
18113,"Noble County, IN",161.0,47367.0,339.9,Noble County,IN,66072.0,0.826319577,0.009276829,0.1158971115,0.7769138378
18115,"Ohio County, IN",20.0,6114.0,327.1,Ohio County,IN,70757.0,0.9347727273,0.0086608927,0.0156562292,1.0
18117,"Orange County, IN",65.0,19623.0,331.2,Orange County,IN,59750.0,0.8575061764,0.0158366432,0.0190956309,1.0
18119,"Owen County, IN",86.0,21482.0,400.3,Owen County,IN,62247.0,0.8703964194,0.0071985881,0.016765744,1.0
18121,"Parke County, IN",61.0,16369.0,372.7,Parke County,IN,70989.0,0.8406274374,0.0205653967,0.0168648386,0.9937484526
18123,"Perry County, IN",60.0,19183.0,312.8,Perry County,IN,63098.0,0.9119291367,0.0321203602,0.0173356239,0.5429838289
18125,"Pike County, IN",52.0,12168.0,427.4,Pike County,IN,66716.0,0.9023678992,0.0075995374,0.0172641665,1.0
18127,"Porter County, IN",478.0,174791.0,273.5,Porter County,IN,79398.0,0.9380948454,0.0468360567,0.1197935381,0.2357936668
18129,"Posey County, IN",75.0,25063.0,299.2,Posey County,IN,76228.0,0.9326526057,0.0116613419,0.0158546326,0.7041075252
18131,"Pulaski County, IN",57.0,12485.0,456.5,Pulaski County,IN,70303.0,0.895334174,0.0088817117,0.0452967299,1.0
18133,"Putnam County, IN",144.0,37301.0,386.0,Putnam County,IN,73137.0,0.9082196103,0.0358559374,0.0236910054,0.72253989
18135,"Randolph County, IN",80.0,24437.0,327.4,Randolph County,IN,58725.0,0.9063252481,0.007185332,0.0543855302,0.6656599461
18137,"Ripley County, IN",113.0,29087.0,388.5,Ripley County,IN,66942.0,0.9062358219,0.0055770349,0.0208026825,0.8136575272
18139,"Rush County, IN",43.0,16673.0,257.9,Rush County,IN,65326.0,0.908388521,0.0100908174,0.0197067727,0.6138371538
18141,"St. Joseph County, IN",836.0,272234.0,307.1,St. Joseph County,IN,65977.0,0.9119480607,0.1327772239,0.1085109658,0.100193469
18143,"Scott County, IN",110.0,24588.0,447.4,Scott County,IN,62584.0,0.8403761387,0.0060023523,0.0279839397,0.6892224409
18145,"Shelby County, IN",105.0,44991.0,233.4,Shelby County,IN,71548.0,0.9036369386,0.0154982202,0.0573500475,0.5259127733
18147,"Spencer County, IN",72.0,19967.0,360.6,Spencer County,IN,77467.0,0.9307860725,0.0085384229,0.0369161226,1.0
18149,"Starke County, IN",90.0,23258.0,387.0,Starke County,IN,61259.0,0.8584749402,0.0062914763,0.0439110575,1.0
18151,"Steuben County, IN",115.0,34725.0,331.2,Steuben County,IN,71355.0,0.9212707764,0.0088781969,0.0451356073,0.6315957601
18153,"Sullivan County, IN",81.0,20670.0,391.9,Sullivan County,IN,59148.0,0.8809539539,0.0496218143,0.0197041962,0.7658644377
18155,"Switzerland County, IN",44.0,10006.0,439.7,Switzerland County,IN,60219.0,0.8239426313,0.0113783811,0.0162690887,1.0
18157,"Tippecanoe County, IN",333.0,188717.0,176.5,Tippecanoe County,IN,61681.0,0.9195068614,0.0632918768,0.1043264545,0.1565145959
18159,"Tipton County, IN",47.0,15361.0,306.0,Tipton County,IN,76188.0,0.9173313996,0.0077346618,0.0344126901,0.6154046487
18161,"Union County, IN",22.0,6952.0,316.5,Union County,IN,64648.0,0.8985881885,0.0120464649,0.0137673885,1.0
18163,"Vanderburgh County, IN",661.0,179744.0,367.7,Vanderburgh County,IN,60923.0,0.91371968,0.1029920472,0.0389855959,0.07956766
18165,"Vermillion County, IN",77.0,15451.0,498.3,Vermillion County,IN,58743.0,0.9260625058,0.0073295713,0.0165401829,0.5865664875
18167,"Vigo County, IN",431.0,106006.0,406.6,Vigo County,IN,50665.0,0.9041202005,0.068043296,0.0327169275,0.2476708148
18169,"Wabash County, IN",132.0,30828.0,428.2,Wabash County,IN,60668.0,0.9181343318,0.0091620476,0.0327355722,0.5014850207
18171,"Warren County, IN",31.0,8461.0,366.4,Warren County,IN,74750.0,0.9201986755,0.0042263442,0.0238318854,1.0
18173,"Warrick County, IN",191.0,65185.0,293.0,Warrick County,IN,87293.0,0.9549465032,0.0209209468,0.0254452154,0.2674105606
18175,"Washington County, IN",118.0,28224.0,418.1,Washington County,IN,55682.0,0.8807330109,0.0070200319,0.0163800745,0.7652047406
18177,"Wayne County, IN",265.0,66273.0,399.9,Wayne County,IN,52956.0,0.8834499349,0.0489210156,0.0402709937,0.3769927727
18179,"Wells County, IN",90.0,28335.0,317.6,Wells County,IN,69833.0,0.9330956376,0.0100157591,0.0413938014,0.6328601845
18181,"White County, IN",82.0,24598.0,333.4,White County,IN,67077.0,0.9029674988,0.006461452,0.1090821527,0.6139014906
18183,"Whitley County, IN",105.0,34627.0,303.2,Whitley County,IN,76326.0,0.9209327594,0.005900639,0.029503195,0.6908543184
19001,"Adair County, IA",38.0,7494.0,507.1,Adair County,IA,67873.0,0.9454061252,0.0098795507,0.0334280688,1.0
19005,"Allamakee County, IA",43.0,13960.0,308.0,Allamakee County,IA,65586.0,0.9254395036,0.0167685093,0.0927241722,1.0
19007,"Appanoose County, IA",61.0,12094.0,504.4,Appanoose County,IA,54629.0,0.8968732234,0.0075088704,0.022444096,0.5722172607
19009,"Audubon County, IA",32.0,5598.0,571.6,Audubon County,IA,64977.0,0.9202772964,0.0072280448,0.0278279725,1.0
19011,"Benton County, IA",61.0,25711.0,237.3,Benton County,IA,86364.0,0.9470194986,0.0088385796,0.0201969298,0.8130987292
19013,"Black Hawk County, IA",417.0,130274.0,320.1,Black Hawk County,IA,61558.0,0.9325246399,0.0955384722,0.053191897,0.129666626
19015,"Boone County, IA",118.0,26609.0,443.5,Boone County,IA,77381.0,0.95728196,0.0122226401,0.0309890936,0.5316863185
19017,"Bremer County, IA",81.0,25259.0,320.7,Bremer County,IA,79410.0,0.9586148649,0.0140277394,0.0206267041,0.6334640628
19019,"Buchanan County, IA",62.0,20714.0,299.3,Buchanan County,IA,80402.0,0.9463629154,0.0090377459,0.0195253975,0.6707512764
19021,"Buena Vista County, IA",53.0,20600.0,257.3,Buena Vista County,IA,65671.0,0.8054620563,0.03666067,0.2955705742,0.430437497
19023,"Butler County, IA",70.0,14269.0,490.6,Butler County,IA,73033.0,0.9356846473,0.0043042619,0.0196161445,1.0
19025,"Calhoun County, IA",33.0,9725.0,339.3,Calhoun County,IA,63597.0,0.9371282923,0.0280651439,0.028269999,1.0
19027,"Carroll County, IA",73.0,20567.0,354.9,Carroll County,IA,61806.0,0.9501743896,0.0129616996,0.0373257967,0.5110789981
19029,"Cass County, IA",55.0,13104.0,419.7,Cass County,IA,59509.0,0.93013907,0.0056359482,0.0269611577,0.4966100404
19031,"Cedar County, IA",76.0,18399.0,413.1,Cedar County,IA,77777.0,0.9576751568,0.0092886023,0.0273740575,1.0
19033,"Cerro Gordo County, IA",169.0,42409.0,398.5,Cerro Gordo County,IA,63161.0,0.9447400202,0.0201858228,0.0572796302,0.203283326
19035,"Cherokee County, IA",53.0,11491.0,461.2,Cherokee County,IA,70197.0,0.9306990151,0.0130116329,0.053339078,0.5964144793
19037,"Chickasaw County, IA",46.0,11716.0,392.6,Chickasaw County,IA,73547.0,0.9319403715,0.0063475725,0.0444330074,1.0
19039,"Clarke County, IA",44.0,9692.0,454.0,Clarke County,IA,65162.0,0.8610158928,0.0120984564,0.1722987067,0.4580426754
19041,"Clay County, IA",56.0,16475.0,339.9,Clay County,IA,72021.0,0.9489769035,0.0104778632,0.049361032,0.3306274414
19043,"Clayton County, IA",70.0,17027.0,411.1,Clayton County,IA,65814.0,0.9080713818,0.007189581,0.0233956037,0.9907293317
19045,"Clinton County, IA",203.0,46344.0,438.0,Clinton County,IA,67095.0,0.9266453595,0.0311321981,0.0374799601,0.3014851485
19047,"Crawford County, IA",47.0,16123.0,291.5,Crawford County,IA,64170.0,0.839936012,0.0285393118,0.3104352713,0.5072919818
19049,"Dallas County, IA",176.0,108016.0,162.9,Dallas County,IA,102189.0,0.9608057646,0.0364922767,0.0697710006,0.2134874295
19051,"Davis County, IA",28.0,9130.0,306.7,Davis County,IA,66410.0,0.8030833917,0.0019631367,0.0257389028,1.0
19053,"Decatur County, IA",45.0,7683.0,585.7,Decatur County,IA,54409.0,0.8903334032,0.018134377,0.0383561644,1.0
19055,"Delaware County, IA",53.0,17568.0,301.7,Delaware County,IA,69339.0,0.9217505542,0.0100568182,0.0177272727,0.7190645014
19057,"Des Moines County, IA",138.0,38293.0,360.4,Des Moines County,IA,60599.0,0.939640141,0.0635767129,0.038480642,0.2697764071
19059,"Dickinson County, IA",43.0,18028.0,238.5,Dickinson County,IA,80922.0,0.9731311918,0.0086951706,0.0287992911,0.2681466418
19061,"Dubuque County, IA",317.0,98677.0,321.3,Dubuque County,IA,72749.0,0.9407460825,0.036738904,0.0336343503,0.3172486048
19063,"Emmet County, IA",32.0,9176.0,348.7,Emmet County,IA,61500.0,0.8766873957,0.0123523675,0.102828042,0.3849595228
19065,"Fayette County, IA",84.0,19294.0,435.4,Fayette County,IA,62103.0,0.9343065693,0.0147839667,0.0321186882,0.6990619714
19067,"Floyd County, IA",91.0,15337.0,593.3,Floyd County,IA,67582.0,0.9468585663,0.0255774501,0.0397363957,0.5357394254
19069,"Franklin County, IA",26.0,9916.0,262.2,Franklin County,IA,71041.0,0.9163241339,0.0083037975,0.1629367089,1.0
19071,"Fremont County, IA",33.0,6464.0,510.5,Fremont County,IA,72129.0,0.9496280553,0.0089811087,0.0351502013,0.9986373959
19073,"Greene County, IA",29.0,8741.0,331.8,Greene County,IA,63082.0,0.9300385109,0.0068732526,0.0349487418,1.0
19075,"Grundy County, IA",52.0,12356.0,420.8,Grundy County,IA,81093.0,0.9720572826,0.0062177003,0.0198643411,1.0
19077,"Guthrie County, IA",55.0,10647.0,516.6,Guthrie County,IA,78027.0,0.9489649785,0.0086737549,0.0316172356,1.0
19079,"Hamilton County, IA",47.0,14820.0,317.1,Hamilton County,IA,71731.0,0.9256214149,0.010251884,0.0991241768,0.4942482878
19081,"Hancock County, IA",42.0,10685.0,393.1,Hancock County,IA,67979.0,0.9156046814,0.0082901554,0.0587847386,1.0
19083,"Hardin County, IA",83.0,16567.0,501.0,Hardin County,IA,67903.0,0.936947265,0.0155500213,0.0598918788,0.7003199431
19085,"Harrison County, IA",56.0,14658.0,382.0,Harrison County,IA,63139.0,0.9351171224,0.0057941377,0.0219495569,1.0
19087,"Henry County, IA",68.0,20196.0,336.7,Henry County,IA,65627.0,0.9143890094,0.0244538804,0.055097969,0.5467239527
19089,"Howard County, IA",50.0,9533.0,524.5,Howard County,IA,67552.0,0.9180044067,0.0076791809,0.0341296928,1.0
19091,"Humboldt County, IA",23.0,9572.0,240.3,Humboldt County,IA,72307.0,0.9357798165,0.0091578947,0.0594736842,0.4436803168
19093,"Ida County, IA",27.0,6888.0,392.0,Ida County,IA,71238.0,0.9336301951,0.0060002927,0.0436118835,1.0
19095,"Iowa County, IA",69.0,16475.0,418.8,Iowa County,IA,75419.0,0.9474364498,0.0070813748,0.0367498932,1.0
19097,"Jackson County, IA",89.0,19324.0,460.6,Jackson County,IA,74910.0,0.9383253519,0.0090476683,0.0169579154,0.6870413138
19099,"Jasper County, IA",91.0,37938.0,239.9,Jasper County,IA,72394.0,0.9336962643,0.0216250429,0.0314881722,0.5783725174
19101,"Jefferson County, IA",65.0,15698.0,414.1,Jefferson County,IA,58146.0,0.9538383066,0.0202720207,0.0413212435,0.4119261955
19103,"Johnson County, IA",331.0,156420.0,211.6,Johnson County,IA,74665.0,0.9624465031,0.0845881367,0.0678990402,0.166551088
19105,"Jones County, IA",66.0,20848.0,316.6,Jones County,IA,74193.0,0.9439712537,0.029138756,0.0267464115,0.7379153347
19107,"Keokuk County, IA",32.0,9904.0,323.1,Keokuk County,IA,65656.0,0.9430824373,0.0082711317,0.0226951785,1.0
19109,"Kossuth County, IA",67.0,14475.0,462.9,Kossuth County,IA,66667.0,0.946825932,0.0090997499,0.0464017783,0.6329241975
19111,"Lee County, IA",151.0,32840.0,459.8,Lee County,IA,60053.0,0.9416322749,0.0268693382,0.0351297405,0.4094769781
19113,"Linn County, IA",629.0,229033.0,274.6,Linn County,IA,73079.0,0.9528008531,0.0679864787,0.0419221564,0.1369176592
19115,"Louisa County, IA",28.0,10677.0,262.2,Louisa County,IA,76120.0,0.8760495802,0.0164558166,0.1646532864,1.0
19117,"Lucas County, IA",39.0,8689.0,448.8,Lucas County,IA,59540.0,0.9253976062,0.0053732708,0.0325825997,1.0
19119,"Lyon County, IA",37.0,12179.0,303.8,Lyon County,IA,74790.0,0.9539635329,0.0037325544,0.0406523856,1.0
19121,"Madison County, IA",28.0,17036.0,164.4,Madison County,IA,84509.0,0.9529525145,0.0048906959,0.0243945554,0.6931955523
19123,"Mahaska County, IA",96.0,21946.0,437.4,Mahaska County,IA,71332.0,0.9402954452,0.0186065649,0.0266069306,0.4348355115
19125,"Marion County, IA",108.0,33642.0,321.0,Marion County,IA,79709.0,0.9458068558,0.0095943145,0.0229493633,0.4696534387
19127,"Marshall County, IA",180.0,39879.0,451.4,Marshall County,IA,64005.0,0.8702914671,0.0210426351,0.2546358774,0.3172671737
19129,"Mills County, IA",50.0,14553.0,343.6,Mills County,IA,82260.0,0.9562451057,0.0065605139,0.0402514864,0.6541701188
19131,"Mitchell County, IA",56.0,10532.0,531.7,Mitchell County,IA,74249.0,0.9292231131,0.006084807,0.0259555048,1.0
19133,"Monona County, IA",62.0,8486.0,730.6,Monona County,IA,59814.0,0.9359453747,0.0069468974,0.0280230778,1.0
19135,"Monroe County, IA",34.0,7550.0,450.3,Monroe County,IA,65959.0,0.9458629295,0.0089285714,0.0218550107,1.0
19137,"Montgomery County, IA",48.0,10205.0,470.4,Montgomery County,IA,60487.0,0.9262895865,0.0084820988,0.0397475096,0.4660212972
19139,"Muscatine County, IA",146.0,42377.0,344.5,Muscatine County,IA,66309.0,0.9048262481,0.0267895211,0.1918376048,0.418434139
19141,"O'Brien County, IA",46.0,14060.0,327.2,O'Brien County,IA,69914.0,0.9028814262,0.0124892949,0.0782900371,0.6382033564
19145,"Page County, IA",68.0,15143.0,449.1,Page County,IA,60695.0,0.9318181818,0.025709338,0.0347675503,0.3375846427
19147,"Palo Alto County, IA",32.0,8764.0,365.1,Palo Alto County,IA,64952.0,0.9391347261,0.0141884222,0.0356413167,1.0
19149,"Plymouth County, IA",88.0,25681.0,342.7,Plymouth County,IA,74765.0,0.9419044345,0.0216546147,0.0677630044,0.605494591
19151,"Pocahontas County, IA",32.0,7053.0,453.7,Pocahontas County,IA,68654.0,0.9141217463,0.0103211009,0.0629300459,1.0
19153,"Polk County, IA",1167.0,501089.0,232.9,Polk County,IA,79509.0,0.9249223439,0.0764148796,0.1055427457,0.0447338653
19155,"Pottawattamie County, IA",303.0,93173.0,325.2,Pottawattamie County,IA,70768.0,0.9104260055,0.0192103371,0.0948604299,0.2692517108
19157,"Poweshiek County, IA",92.0,18467.0,498.2,Poweshiek County,IA,73434.0,0.9464007223,0.0151194928,0.0384219368,0.4916943522
19159,"Ringgold County, IA",28.0,4670.0,599.6,Ringgold County,IA,61463.0,0.9344465059,0.0068935804,0.0239121069,1.0
19161,"Sac County, IA",58.0,9673.0,599.6,Sac County,IA,72395.0,0.9217642805,0.0060912657,0.0470782573,1.0
19163,"Scott County, IA",567.0,173924.0,326.0,Scott County,IA,77100.0,0.9415629206,0.0799850806,0.075606817,0.1327768522
19165,"Shelby County, IA",51.0,11645.0,438.0,Shelby County,IA,68695.0,0.9529924885,0.0082161613,0.0475182111,0.5987570237
19167,"Sioux County, IA",88.0,36050.0,244.1,Sioux County,IA,85985.0,0.906189963,0.005600618,0.1448159797,0.5660961195
19169,"Story County, IA",194.0,99673.0,194.6,Story County,IA,71539.0,0.9709466149,0.0298480206,0.0518941623,0.2584612887
19171,"Tama County, IA",65.0,16903.0,384.5,Tama County,IA,66288.0,0.9147936074,0.0100992099,0.1212499257,0.69285089
19173,"Taylor County, IA",27.0,5858.0,460.9,Taylor County,IA,59116.0,0.9204959883,0.0035449021,0.0892977718,1.0
19175,"Union County, IA",52.0,11887.0,437.5,Union County,IA,59066.0,0.930398426,0.0146984714,0.0415756761,0.3815290822
19177,"Van Buren County, IA",31.0,7256.0,427.2,Van Buren County,IA,57666.0,0.8925962488,0.0027525461,0.0196807047,1.0
19179,"Wapello County, IA",142.0,35043.0,405.2,Wapello County,IA,61642.0,0.8769051387,0.0382471706,0.1351873969,0.2939865113
19181,"Warren County, IA",151.0,54327.0,277.9,Warren County,IA,92695.0,0.9671582147,0.0109048093,0.0396340911,0.4707364082
19183,"Washington County, IA",78.0,22571.0,345.6,Washington County,IA,75136.0,0.9324748333,0.0100177305,0.0793439716,0.6966097939
19185,"Wayne County, IA",33.0,6467.0,510.3,Wayne County,IA,59904.0,0.8844393593,0.0062528595,0.0143358243,1.0
19187,"Webster County, IA",121.0,36626.0,330.4,Webster County,IA,63557.0,0.9232132072,0.0454707414,0.0672331095,0.3324414173
19189,"Winnebago County, IA",37.0,10617.0,348.5,Winnebago County,IA,65086.0,0.9469749412,0.0159871346,0.0614889793,1.0
19191,"Winneshiek County, IA",67.0,19974.0,335.4,Winneshiek County,IA,80932.0,0.9540607055,0.0080242241,0.0317940954,0.6017438964
19193,"Woodbury County, IA",256.0,105671.0,242.3,Woodbury County,IA,65984.0,0.8710341559,0.0533170994,0.1951562515,0.1612784474
19195,"Worth County, IA",26.0,7319.0,355.2,Worth County,IA,75449.0,0.9421857516,0.0098670687,0.0367274222,1.0
19197,"Wright County, IA",47.0,12681.0,370.6,Wright County,IA,74189.0,0.927033632,0.0078223767,0.2031447535,1.0
20001,"Allen County, KS",58.0,12579.0,461.1,Allen County,KS,54761.0,0.9353292013,0.0190138576,0.043425717,0.5333705892
20003,"Anderson County, KS",39.0,7776.0,501.5,Anderson County,KS,61742.0,0.8947368421,0.0107170196,0.026537382,1.0
20005,"Atchison County, KS",48.0,16108.0,298.0,Atchison County,KS,65818.0,0.9430265273,0.0422702298,0.0385864136,0.332823587
20007,"Barber County, KS",20.0,4122.0,485.2,Barber County,KS,59514.0,0.9401558074,0.0095799558,0.0424957013,1.0
20009,"Barton County, KS",84.0,25080.0,334.9,Barton County,KS,58568.0,0.9025270758,0.013052733,0.1681995261,0.4207821755
20011,"Bourbon County, KS",50.0,14493.0,345.0,Bourbon County,KS,54428.0,0.9100254345,0.0298445308,0.0335230428,0.4819637883
20013,"Brown County, KS",36.0,9364.0,384.5,Brown County,KS,58989.0,0.9504247104,0.0167567568,0.048,1.0
20015,"Butler County, KS",198.0,68240.0,290.2,Butler County,KS,76742.0,0.9405243279,0.0226424991,0.0613562187,0.4610121698
20019,"Chautauqua County, KS",21.0,3415.0,614.9,Chautauqua County,KS,49510.0,0.8937318389,0.0143412011,0.0543770541,1.0
20021,"Cherokee County, KS",88.0,19088.0,461.0,Cherokee County,KS,55853.0,0.9089820359,0.0103390364,0.0295476016,1.0
20027,"Clay County, KS",33.0,8043.0,410.3,Clay County,KS,66389.0,0.9320933497,0.0171100287,0.0387161234,0.4910681286
20029,"Cloud County, KS",55.0,8946.0,614.8,Cloud County,KS,60403.0,0.958123108,0.0150214592,0.039191326,0.4429805137
20031,"Coffey County, KS",45.0,8280.0,543.5,Coffey County,KS,67933.0,0.922012154,0.0086050176,0.0406011393,1.0
20035,"Cowley County, KS",110.0,34453.0,319.3,Cowley County,KS,57549.0,0.9158603096,0.0273443218,0.1247474895,0.3199513734
20037,"Crawford County, KS",142.0,39078.0,363.4,Crawford County,KS,52285.0,0.9422337973,0.0214632133,0.0746826953,0.4067535667
20041,"Dickinson County, KS",99.0,18430.0,537.2,Dickinson County,KS,63417.0,0.9241622575,0.0114936297,0.0596367579,0.6410716226
20043,"Doniphan County, KS",35.0,7440.0,470.4,Doniphan County,KS,63765.0,0.929217776,0.0301614841,0.0363005472,0.7167776298
20045,"Douglas County, KS",232.0,119964.0,193.4,Douglas County,KS,68561.0,0.9588636653,0.0436737369,0.0726319544,0.1463737004
20047,"Edwards County, KS",21.0,2739.0,766.7,Edwards County,KS,59055.0,0.8769462582,0.0142700329,0.2301500183,1.0
20051,"Ellis County, KS",72.0,28941.0,248.8,Ellis County,KS,59048.0,0.9528078191,0.0133981257,0.0738979521,0.2437962259
20053,"Ellsworth County, KS",29.0,6355.0,456.3,Ellsworth County,KS,65396.0,0.9308035714,0.0596193173,0.061821614,1.0
20055,"Finney County, KS",50.0,37650.0,132.8,Finney County,KS,67640.0,0.7114803625,0.0401697539,0.5369935408,0.1948011437
20057,"Ford County, KS",70.0,33848.0,206.8,Ford County,KS,68766.0,0.7695481434,0.024426133,0.5978811065,0.1920552979
20059,"Franklin County, KS",80.0,25992.0,307.8,Franklin County,KS,67883.0,0.9222921272,0.014277512,0.0487655502,0.5206570242
20061,"Geary County, KS",81.0,35691.0,226.9,Geary County,KS,56899.0,0.9341399908,0.1549348018,0.1706280138,0.1162252647
20073,"Greenwood County, KS",33.0,5939.0,555.6,Greenwood County,KS,59179.0,0.9246543779,0.0088586031,0.0427597956,1.0
20077,"Harper County, KS",27.0,5323.0,507.2,Harper County,KS,54423.0,0.8972267537,0.0082796688,0.0794848206,1.0
20079,"Harvey County, KS",136.0,33801.0,402.4,Harvey County,KS,67078.0,0.9182838284,0.0158190067,0.1231494747,0.4010698331
20085,"Jackson County, KS",43.0,13286.0,323.6,Jackson County,KS,73051.0,0.9398487881,0.0099491323,0.059470377,1.0
20087,"Jefferson County, KS",81.0,18344.0,441.6,Jefferson County,KS,81301.0,0.9518671564,0.0081300813,0.0362852622,0.9912891986
20091,"Johnson County, KS",1307.0,619195.0,211.1,Johnson County,KS,103085.0,0.9647081544,0.0507137955,0.09431776,0.0403730018
20095,"Kingman County, KS",76.0,7193.0,1056.6,Kingman County,KS,54731.0,0.9063721658,0.0052363431,0.0437305406,1.0
20099,"Labette County, KS",75.0,19757.0,379.6,Labette County,KS,49874.0,0.8980205279,0.0397404704,0.052108678,0.5326496235
20103,"Leavenworth County, KS",224.0,82892.0,270.2,Leavenworth County,KS,83086.0,0.9339957543,0.080773007,0.0777556934,0.3319817784
20107,"Linn County, KS",48.0,9796.0,490.0,Linn County,KS,62431.0,0.9412530748,0.0114604462,0.034178499,1.0
20111,"Lyon County, KS",87.0,31898.0,272.7,Lyon County,KS,55659.0,0.8917334978,0.019333582,0.2493783414,0.2516237298
20113,"McPherson County, KS",96.0,30012.0,319.9,McPherson County,KS,78908.0,0.9232765936,0.0153534279,0.0569937855,0.5354862191
20115,"Marion County, KS",56.0,11868.0,471.9,Marion County,KS,62268.0,0.9230960987,0.0107784431,0.0428571429,1.0
20117,"Marshall County, KS",49.0,9982.0,490.9,Marshall County,KS,64514.0,0.9095767731,0.0070472163,0.0279875164,1.0
20121,"Miami County, KS",117.0,34867.0,335.6,Miami County,KS,85620.0,0.9476490753,0.0123159683,0.0435164213,0.7538241058
20123,"Mitchell County, KS",26.0,5738.0,453.1,Mitchell County,KS,60486.0,0.943851626,0.0036719706,0.0328728799,1.0
20125,"Montgomery County, KS",151.0,30996.0,487.2,Montgomery County,KS,53379.0,0.8987353853,0.0445891128,0.0824391521,0.4539477863
20127,"Morris County, KS",23.0,5349.0,430.0,Morris County,KS,65283.0,0.92889334,0.0065616798,0.044431946,1.0
20131,"Nemaha County, KS",34.0,10115.0,336.1,Nemaha County,KS,74744.0,0.9367833434,0.0077120823,0.028277635,1.0
20133,"Neosho County, KS",81.0,15606.0,519.0,Neosho County,KS,53085.0,0.9232905574,0.0148508431,0.0616083009,0.4523390342
20139,"Osage County, KS",61.0,15654.0,389.7,Osage County,KS,69666.0,0.9235871343,0.0087209302,0.0358316481,1.0
20141,"Osborne County, KS",21.0,3490.0,601.7,Osborne County,KS,54638.0,0.9524760383,0.0067114094,0.0312226437,1.0
20143,"Ottawa County, KS",22.0,5795.0,379.6,Ottawa County,KS,66956.0,0.9479526394,0.0147817119,0.0343760743,1.0
20149,"Pottawatomie County, KS",46.0,26273.0,175.1,Pottawatomie County,KS,84434.0,0.9631361594,0.0133803351,0.0625047381,0.6553968755
20151,"Pratt County, KS",34.0,9067.0,375.0,Pratt County,KS,61078.0,0.922892392,0.0177273728,0.0889671878,0.2804411925
20155,"Reno County, KS",260.0,61516.0,422.7,Reno County,KS,62470.0,0.9118520964,0.0294973739,0.1056799519,0.3137904294
20159,"Rice County, KS",46.0,9407.0,489.0,Rice County,KS,62922.0,0.9293924466,0.0157667387,0.1408207343,1.0
20161,"Riley County, KS",107.0,71108.0,150.5,Riley County,KS,63076.0,0.9611607513,0.0656844346,0.0963558444,0.0984866382
20167,"Russell County, KS",24.0,6639.0,361.5,Russell County,KS,55415.0,0.9252394835,0.0142793396,0.0426892756,0.3923180392
20169,"Saline County, KS",144.0,53596.0,268.7,Saline County,KS,63587.0,0.9289908507,0.0322799352,0.1288372443,0.1428282047
20173,"Sedgwick County, KS",1553.0,525525.0,295.5,Sedgwick County,KS,67435.0,0.8950568016,0.0871744606,0.1674081167,0.0741985858
20175,"Seward County, KS",33.0,21358.0,154.5,Seward County,KS,66540.0,0.7194716862,0.0258698438,0.6862866094,0.0965671098
20177,"Shawnee County, KS",611.0,177480.0,344.3,Shawnee County,KS,63612.0,0.9345386021,0.0762154985,0.140486987,0.168314618
20181,"Sherman County, KS",20.0,5830.0,343.1,Sherman County,KS,57628.0,0.917433605,0.0107802875,0.1338124572,0.2510544964
20183,"Smith County, KS",22.0,3533.0,622.7,Smith County,KS,55568.0,0.9489297784,0.004735376,0.0272980501,1.0
20191,"Sumner County, KS",92.0,22473.0,409.4,Sumner County,KS,63049.0,0.940249291,0.0132533357,0.0612966777,0.6264855688
20193,"Thomas County, KS",23.0,7893.0,291.4,Thomas County,KS,69774.0,0.9345623987,0.0120788303,0.0831532104,0.310592686
20201,"Washington County, KS",24.0,5501.0,436.3,Washington County,KS,58302.0,0.9447499345,0.0054505814,0.0474200581,1.0
20205,"Wilson County, KS",35.0,8622.0,405.9,Wilson County,KS,54164.0,0.9161898351,0.0069195896,0.0417561441,1.0
20209,"Wyandotte County, KS",449.0,165746.0,270.9,Wyandotte County,KS,61088.0,0.8190381895,0.2003618081,0.3430884373,0.0528878253
21001,"Adair County, KY",78.0,19067.0,409.1,Adair County,KY,45974.0,0.8578791192,0.0264742525,0.0340012458,0.7345394911
21003,"Allen County, KY",86.0,21275.0,404.2,Allen County,KY,56483.0,0.8495460441,0.013814944,0.028685515,0.7747717117
21005,"Anderson County, KY",78.0,24224.0,322.0,Anderson County,KY,78336.0,0.9169763817,0.0218583675,0.0283589973,0.4322069428
21007,"Ballard County, KY",34.0,7650.0,444.4,Ballard County,KY,69716.0,0.9366835994,0.0367976787,0.0159588499,1.0
21009,"Barren County, KY",153.0,44854.0,341.1,Barren County,KY,51068.0,0.8653447382,0.0391485958,0.0440810523,0.6210183208
21011,"Bath County, KY",52.0,12829.0,405.3,Bath County,KY,54247.0,0.8138716113,0.0137957611,0.019344894,1.0
21013,"Bell County, KY",147.0,23568.0,623.7,Bell County,KY,35566.0,0.7936800762,0.0289488356,0.0120941802,0.5926878865
21015,"Boone County, KY",325.0,139093.0,233.7,Boone County,KY,89313.0,0.9358580689,0.0522150097,0.0596529439,0.1146593316
21017,"Bourbon County, KY",89.0,20093.0,442.9,Bourbon County,KY,61530.0,0.8656823911,0.0548326214,0.0784742227,0.4435611298
21019,"Boyd County, KY",235.0,48110.0,488.5,Boyd County,KY,57112.0,0.8904756353,0.0282900514,0.019299126,0.2379146723
21021,"Boyle County, KY",89.0,30904.0,288.0,Boyle County,KY,62541.0,0.9143781071,0.0792564864,0.0465664128,0.3536290586
21023,"Bracken County, KY",28.0,8452.0,331.3,Bracken County,KY,64458.0,0.8816466552,0.009494422,0.0148350344,1.0
21025,"Breathitt County, KY",63.0,13351.0,471.9,Breathitt County,KY,40093.0,0.8062757202,0.0057901644,0.0113487223,1.0
21027,"Breckinridge County, KY",82.0,20943.0,391.5,Breckinridge County,KY,59267.0,0.8640817469,0.0227703087,0.0173736035,1.0
21029,"Bullitt County, KY",232.0,83836.0,276.7,Bullitt County,KY,75402.0,0.8957363557,0.0203268798,0.035127205,0.2945254631
21031,"Butler County, KY",55.0,12295.0,447.3,Butler County,KY,56395.0,0.8196589076,0.0076767677,0.0562424242,1.0
21033,"Caldwell County, KY",51.0,12570.0,405.7,Caldwell County,KY,52719.0,0.8984667802,0.0541789499,0.0181658832,0.5210688592
21035,"Calloway County, KY",144.0,37685.0,382.1,Calloway County,KY,51424.0,0.9138152267,0.0434169279,0.0369644723,0.4890440126
21037,"Campbell County, KY",268.0,93300.0,287.2,Campbell County,KY,80573.0,0.9310856042,0.0293163433,0.0261787368,0.1711074821
21041,"Carroll County, KY",40.0,10938.0,365.7,Carroll County,KY,62710.0,0.8394751535,0.0183853645,0.0742695913,0.4938945421
21043,"Carter County, KY",124.0,26395.0,469.8,Carter County,KY,50853.0,0.8278522572,0.0076234544,0.0120609876,0.796522327
21045,"Casey County, KY",50.0,15920.0,314.1,Casey County,KY,42914.0,0.7786736728,0.0113707752,0.0353687649,1.0
21047,"Christian County, KY",222.0,73037.0,304.0,Christian County,KY,54934.0,0.8688098561,0.2115865171,0.090543092,0.2907296421
21049,"Clark County, KY",156.0,37061.0,420.9,Clark County,KY,72386.0,0.8994112441,0.0444992494,0.0425959683,0.2899221032
21051,"Clay County, KY",98.0,19913.0,492.1,Clay County,KY,36330.0,0.7407279983,0.0389861564,0.0228013029,1.0
21053,"Clinton County, KY",45.0,9123.0,493.3,Clinton County,KY,39877.0,0.7924901186,0.0077612593,0.0356362046,1.0
21055,"Crittenden County, KY",40.0,8981.0,445.4,Crittenden County,KY,53894.0,0.8377781285,0.0133719634,0.0207265433,1.0
21057,"Cumberland County, KY",36.0,5946.0,605.4,Cumberland County,KY,43127.0,0.8197137581,0.0321666667,0.021,1.0
21059,"Daviess County, KY",309.0,103222.0,299.4,Daviess County,KY,63213.0,0.9090175044,0.0491600456,0.0420750449,0.260173068
21061,"Edmonson County, KY",44.0,12269.0,358.6,Edmonson County,KY,56545.0,0.8402678669,0.0127731362,0.0178341902,1.0
21065,"Estill County, KY",50.0,14044.0,356.0,Estill County,KY,45129.0,0.7811915313,0.0057405281,0.0160734788,0.7155263715
21067,"Fayette County, KY",737.0,320347.0,230.1,Fayette County,KY,67320.0,0.9238338853,0.1562185698,0.0935612237,0.0292742661
21069,"Fleming County, KY",48.0,15288.0,314.0,Fleming County,KY,50804.0,0.8341858894,0.0159953374,0.0181323663,1.0
21071,"Floyd County, KY",169.0,34978.0,483.2,Floyd County,KY,40604.0,0.8106281739,0.0073787874,0.0094704122,0.7821490179
21073,"Franklin County, KY",234.0,51607.0,453.4,Franklin County,KY,66920.0,0.924778639,0.0963132213,0.0439160406,0.2659048136
21075,"Fulton County, KY",32.0,6382.0,501.4,Fulton County,KY,41088.0,0.8118505417,0.2396655096,0.0287156832,0.6419033001
21079,"Garrard County, KY",57.0,17589.0,324.1,Garrard County,KY,62980.0,0.8582549465,0.0222670929,0.0295024959,1.0
21081,"Grant County, KY",70.0,25502.0,274.5,Grant County,KY,68309.0,0.8879734383,0.0105000195,0.0339201374,1.0
21083,"Graves County, KY",123.0,36412.0,337.8,Graves County,KY,53947.0,0.887009282,0.039247415,0.0821699899,0.665584327
21085,"Grayson County, KY",102.0,26631.0,383.0,Grayson County,KY,54543.0,0.8504754618,0.0127120224,0.0170363467,0.7544284633
21087,"Green County, KY",38.0,11365.0,334.4,Green County,KY,48153.0,0.8496644295,0.0172654343,0.0208405999,1.0
21089,"Greenup County, KY",168.0,35403.0,474.5,Greenup County,KY,59151.0,0.9029362186,0.0091138809,0.0123789785,0.4268394416
21091,"Hancock County, KY",34.0,9021.0,376.9,Hancock County,KY,70998.0,0.8657226563,0.0116591928,0.018161435,0.9142385926
21093,"Hardin County, KY",298.0,111862.0,266.4,Hardin County,KY,65472.0,0.9242163557,0.1169203638,0.0662581386,0.3349713646
21095,"Harlan County, KY",144.0,25662.0,561.1,Harlan County,KY,36916.0,0.7924971332,0.0197836045,0.0121228874,0.7708993329
21097,"Harrison County, KY",97.0,19103.0,507.8,Harrison County,KY,63689.0,0.8911425099,0.0199330415,0.0236415143,0.6579820244
21099,"Hart County, KY",76.0,19600.0,387.8,Hart County,KY,51921.0,0.7893699295,0.0416751166,0.0218515514,0.8832434674
21101,"Henderson County, KY",169.0,44046.0,383.7,Henderson County,KY,58742.0,0.8911225474,0.0836374351,0.0347242685,0.3653026142
21103,"Henry County, KY",53.0,15771.0,336.1,Henry County,KY,66530.0,0.860911271,0.0271708508,0.0433857134,1.0
21105,"Hickman County, KY",30.0,4422.0,678.4,Hickman County,KY,56348.0,0.8720219914,0.0834270295,0.0269844839,1.0
21107,"Hopkins County, KY",215.0,44812.0,479.8,Hopkins County,KY,55080.0,0.8772611465,0.0650804603,0.0265530059,0.5304581379
21109,"Jackson County, KY",57.0,12973.0,439.4,Jackson County,KY,44713.0,0.7328842756,0.0063339438,0.0125915751,1.0
21111,"Jefferson County, KY",2409.0,773399.0,311.5,Jefferson County,KY,64977.0,0.9151565716,0.2262829213,0.0850424273,0.0163275941
21113,"Jessamine County, KY",129.0,54254.0,237.8,Jessamine County,KY,75155.0,0.9050674928,0.0473853536,0.0479488158,0.2473250175
21115,"Johnson County, KY",86.0,22244.0,386.6,Johnson County,KY,45126.0,0.8234884898,0.0043859649,0.0100379816,0.7380511464
21117,"Kenton County, KY",405.0,170313.0,237.8,Kenton County,KY,79604.0,0.9246257099,0.0498829682,0.0469994922,0.0671994038
21119,"Knott County, KY",66.0,13874.0,475.7,Knott County,KY,42345.0,0.727930683,0.010322864,0.0101032286,1.0
21121,"Knox County, KY",130.0,29791.0,436.4,Knox County,KY,37640.0,0.7573281135,0.0137275962,0.0134926495,0.6204749445
21123,"Larue County, KY",52.0,15163.0,342.9,Larue County,KY,66310.0,0.8597694579,0.0276416389,0.0337842253,1.0
21125,"Laurel County, KY",247.0,62885.0,392.8,Laurel County,KY,52093.0,0.8308735632,0.0087683266,0.0176472447,0.6099212624
21127,"Lawrence County, KY",59.0,16109.0,366.3,Lawrence County,KY,46200.0,0.7979573712,0.00575,0.0114375,0.7602037685
21129,"Lee County, KY",27.0,7261.0,371.8,Lee County,KY,37939.0,0.7422568375,0.0346907994,0.0117921294,1.0
21131,"Leslie County, KY",42.0,10093.0,416.1,Leslie County,KY,39855.0,0.8139216224,0.0057785888,0.0089213301,1.0
21133,"Letcher County, KY",103.0,20893.0,493.0,Letcher County,KY,41737.0,0.7980363732,0.0075894824,0.0080301621,1.0
21135,"Lewis County, KY",59.0,12954.0,455.5,Lewis County,KY,46340.0,0.8064480634,0.0060124875,0.0086333153,1.0
21137,"Lincoln County, KY",110.0,24360.0,451.6,Lincoln County,KY,51359.0,0.8319796051,0.0221989022,0.0228446884,0.9989289392
21139,"Livingston County, KY",55.0,8963.0,613.6,Livingston County,KY,57586.0,0.895210045,0.0086594692,0.0260908682,0.953420342
21141,"Logan County, KY",113.0,27877.0,405.4,Logan County,KY,61186.0,0.8698914013,0.0583742884,0.0382561963,0.7579104695
21143,"Lyon County, KY",54.0,9101.0,593.3,Lyon County,KY,63989.0,0.9013764723,0.0804397518,0.0235114836,1.0
21145,"McCracken County, KY",250.0,67490.0,370.4,McCracken County,KY,60801.0,0.9284033613,0.1101471199,0.035267248,0.2682430939
21147,"McCreary County, KY",78.0,16701.0,467.0,McCreary County,KY,36348.0,0.7746218487,0.0596480938,0.0250439883,1.0
21149,"McLean County, KY",32.0,9105.0,351.5,McLean County,KY,58403.0,0.9209573296,0.0104926,0.0224210294,1.0
21151,"Madison County, KY",230.0,95187.0,241.6,Madison County,KY,65438.0,0.912533478,0.0434589342,0.0358195069,0.3618515442
21153,"Magoffin County, KY",44.0,11357.0,387.4,Magoffin County,KY,40162.0,0.7489204195,0.0038297114,0.006323477,1.0
21155,"Marion County, KY",47.0,19775.0,237.7,Marion County,KY,54466.0,0.8630894552,0.065291923,0.0365029747,0.6829068995
21157,"Marshall County, KY",122.0,31777.0,383.9,Marshall County,KY,61426.0,0.9231970163,0.0060483871,0.0208228327,0.8518272845
21159,"Martin County, KY",39.0,11095.0,351.5,Martin County,KY,35522.0,0.7372850348,0.0831808199,0.0345900439,1.0
21161,"Mason County, KY",78.0,16930.0,460.7,Mason County,KY,56706.0,0.8516220974,0.0587851078,0.0247609999,0.5348714953
21163,"Meade County, KY",74.0,30001.0,246.7,Meade County,KY,69228.0,0.9057981389,0.0378015997,0.0440742093,0.9059760691
21165,"Menifee County, KY",29.0,6250.0,464.0,Menifee County,KY,44734.0,0.7835904315,0.0100222717,0.0146356984,1.0
21167,"Mercer County, KY",80.0,22902.0,349.3,Mercer County,KY,67348.0,0.9108587918,0.0337706196,0.0343334632,0.5675544366
21169,"Metcalfe County, KY",44.0,10370.0,424.3,Metcalfe County,KY,40690.0,0.8426825882,0.0170768937,0.0263308529,1.0
21171,"Monroe County, KY",72.0,11355.0,634.1,Monroe County,KY,44605.0,0.8244871795,0.0205200778,0.0463470724,1.0
21173,"Montgomery County, KY",87.0,28367.0,306.7,Montgomery County,KY,54848.0,0.8495310729,0.0243628843,0.0357205454,0.504873017
21175,"Morgan County, KY",48.0,14120.0,339.9,Morgan County,KY,44587.0,0.8109370439,0.048379192,0.0336063852,1.0
21177,"Muhlenberg County, KY",158.0,30455.0,518.8,Muhlenberg County,KY,52291.0,0.8461573546,0.0365414813,0.0211332112,0.6351849457
21179,"Nelson County, KY",111.0,47392.0,234.2,Nelson County,KY,65928.0,0.9189639737,0.0493400377,0.0291221454,0.6216782918
21181,"Nicholas County, KY",24.0,7805.0,307.5,Nicholas County,KY,52978.0,0.8374203514,0.0089773614,0.0264116576,1.0
21183,"Ohio County, KY",108.0,23527.0,459.0,Ohio County,KY,55512.0,0.8382023869,0.0104122577,0.0468128333,0.7619888945
21185,"Oldham County, KY",116.0,69431.0,167.1,Oldham County,KY,120818.0,0.941405141,0.0409643361,0.0508670191,0.2516307483
21187,"Owen County, KY",51.0,11290.0,451.7,Owen County,KY,64868.0,0.8409494796,0.0132590825,0.0261645894,1.0
21189,"Owsley County, KY",26.0,3929.0,661.7,Owsley County,KY,35000.0,0.7298115747,0.0097475631,0.0172456886,1.0
21191,"Pendleton County, KY",63.0,14676.0,429.3,Pendleton County,KY,71116.0,0.8474492811,0.009790682,0.0178933153,1.0
21193,"Perry County, KY",149.0,27361.0,544.6,Perry County,KY,42519.0,0.7950609694,0.0160689935,0.0104301036,0.7257752959
21195,"Pike County, KY",245.0,56286.0,435.3,Pike County,KY,46402.0,0.8082315144,0.0081646508,0.0126489557,0.847841279
21197,"Powell County, KY",58.0,13083.0,443.3,Powell County,KY,46014.0,0.826490216,0.0120259019,0.0168054271,1.0
21199,"Pulaski County, KY",229.0,65795.0,348.1,Pulaski County,KY,54487.0,0.8490675865,0.0122373132,0.0322702482,0.5259095242
21203,"Rockcastle County, KY",76.0,16242.0,467.9,Rockcastle County,KY,49406.0,0.8136419001,0.0048795553,0.0142680667,1.0
21205,"Rowan County, KY",65.0,24388.0,266.5,Rowan County,KY,51712.0,0.8729434536,0.017042894,0.0240075382,0.6198605142
21207,"Russell County, KY",68.0,18178.0,374.1,Russell County,KY,47397.0,0.8178837079,0.0093549975,0.0453525904,1.0
21209,"Scott County, KY",130.0,59099.0,220.0,Scott County,KY,81956.0,0.9430028889,0.0580042548,0.058802021,0.3230338553
21211,"Shelby County, KY",134.0,48886.0,274.1,Shelby County,KY,76693.0,0.881727437,0.0647076643,0.1089770777,0.5176323728
21213,"Simpson County, KY",81.0,19949.0,406.0,Simpson County,KY,60371.0,0.8916049936,0.0887843526,0.0372369398,0.4060426661
21215,"Spencer County, KY",40.0,20204.0,198.0,Spencer County,KY,97726.0,0.9326978211,0.0183624763,0.0280064293,1.0
21217,"Taylor County, KY",103.0,26407.0,390.0,Taylor County,KY,52832.0,0.8869030349,0.0524146277,0.0311991831,0.5085501287
21219,"Todd County, KY",40.0,12404.0,322.5,Todd County,KY,57288.0,0.7981308411,0.0727549224,0.0555466624,1.0
21221,"Trigg County, KY",66.0,14332.0,460.5,Trigg County,KY,57844.0,0.8753817358,0.0698030482,0.028046489,1.0
21223,"Trimble County, KY",27.0,8539.0,316.2,Trimble County,KY,65885.0,0.8563838619,0.0068548856,0.0310212618,1.0
21225,"Union County, KY",56.0,12961.0,432.1,Union County,KY,60771.0,0.9203144921,0.0729436899,0.0189226309,1.0
21227,"Warren County, KY",344.0,139843.0,246.0,Warren County,KY,62108.0,0.8892481907,0.0961547926,0.0705411695,0.2730502252
21229,"Washington County, KY",52.0,12061.0,431.1,Washington County,KY,59071.0,0.8916617386,0.051194261,0.0438575039,1.0
21231,"Wayne County, KY",74.0,19681.0,376.0,Wayne County,KY,42721.0,0.7940027002,0.017773238,0.0438202247,0.6583482485
21233,"Webster County, KY",61.0,12726.0,479.3,Webster County,KY,59260.0,0.8661164603,0.0371680025,0.0695426686,1.0
21235,"Whitley County, KY",188.0,36873.0,509.9,Whitley County,KY,43910.0,0.8310407475,0.0093957909,0.0205295316,0.6366038353
21237,"Wolfe County, KY",47.0,6400.0,734.4,Wolfe County,KY,40949.0,0.6598579041,0.0041388093,0.0127347978,1.0
21239,"Woodford County, KY",84.0,27062.0,310.4,Woodford County,KY,78344.0,0.9138684575,0.0465747396,0.0740428341,0.3724461315
22001,"Acadia Parish, LA",272.0,56744.0,479.3,Acadia Parish,LA,43133.0,0.8068257036,0.1751845492,0.0348209386,0.6168716132
22003,"Allen Parish, LA",67.0,22320.0,300.2,Allen Parish,LA,47937.0,0.7925916687,0.2041877713,0.0789616498,0.7054945055
22005,"Ascension Parish, LA",325.0,130458.0,249.1,Ascension Parish,LA,89558.0,0.8866705534,0.246870062,0.0836726632,0.1083636364
22007,"Assumption Parish, LA",84.0,20604.0,407.7,Assumption Parish,LA,54511.0,0.7821775453,0.2846230159,0.041765873,0.6449926327
22009,"Avoyelles Parish, LA",189.0,38751.0,487.7,Avoyelles Parish,LA,44650.0,0.7704079714,0.2885076026,0.0414236617,0.831657975
22011,"Beauregard Parish, LA",118.0,36570.0,322.7,Beauregard Parish,LA,57108.0,0.8723360823,0.1108154343,0.0405137535,0.7297053271
22013,"Bienville Parish, LA",46.0,12641.0,363.9,Bienville Parish,LA,39743.0,0.8602581219,0.4058709364,0.0235322659,1.0
22015,"Bossier Parish, LA",389.0,129276.0,300.9,Bossier Parish,LA,71061.0,0.9069134458,0.2427520321,0.0823298278,0.2716744598
22017,"Caddo Parish, LA",833.0,229025.0,363.7,Caddo Parish,LA,50773.0,0.875025113,0.498511392,0.0395121606,0.1596565874
22019,"Calcasieu Parish, LA",869.0,202418.0,429.3,Calcasieu Parish,LA,63912.0,0.8939433194,0.2441929515,0.0535234908,0.2504047789
22021,"Caldwell Parish, LA",61.0,9554.0,638.5,Caldwell Parish,LA,48050.0,0.828009828,0.1661518799,0.0296091171,1.0
22023,"Cameron Parish, LA",20.0,4902.0,408.0,Cameron Parish,LA,66189.0,0.8813278008,0.0419463087,0.0413171141,1.0
22025,"Catahoula Parish, LA",46.0,8566.0,537.0,Catahoula Parish,LA,40139.0,0.7421546425,0.2782267649,0.0639410506,1.0
22027,"Claiborne Parish, LA",58.0,13744.0,422.0,Claiborne Parish,LA,39576.0,0.7937948923,0.4877103146,0.0350402341,1.0
22029,"Concordia Parish, LA",103.0,18116.0,568.6,Concordia Parish,LA,43136.0,0.8356275963,0.3887381275,0.0296246043,0.341360304
22031,"De Soto Parish, LA",112.0,26853.0,417.1,De Soto Parish,LA,53165.0,0.8500351903,0.3393449878,0.0332300656,0.7910637028
22033,"East Baton Rouge Parish, LA",1360.0,450544.0,301.9,East Baton Rouge Parish,LA,60205.0,0.9082483455,0.4598799912,0.0675211331,0.0685820995
22035,"East Carroll Parish, LA",24.0,6990.0,343.3,East Carroll Parish,LA,34604.0,0.6907453936,0.6861912432,0.0234294919,1.0
22037,"East Feliciana Parish, LA",98.0,19135.0,512.2,East Feliciana Parish,LA,58360.0,0.8469139239,0.4067294191,0.0204898851,1.0
22039,"Evangeline Parish, LA",117.0,31986.0,365.8,Evangeline Parish,LA,46178.0,0.7912014823,0.2690999559,0.050450337,0.7497063369
22041,"Franklin Parish, LA",163.0,19308.0,844.2,Franklin Parish,LA,42066.0,0.7850295268,0.3123671247,0.0173710137,0.7399615657
22043,"Grant Parish, LA",82.0,22000.0,372.7,Grant Parish,LA,58560.0,0.8148689901,0.1552188399,0.0620692803,1.0
22045,"Iberia Parish, LA",284.0,68327.0,415.6,Iberia Parish,LA,51770.0,0.8318338796,0.3198983136,0.0557058189,0.3243718629
22047,"Iberville Parish, LA",99.0,29506.0,335.5,Iberville Parish,LA,54265.0,0.8102585881,0.4631124017,0.0522672789,0.5847028868
22049,"Jackson Parish, LA",67.0,14839.0,451.5,Jackson Parish,LA,51215.0,0.8566304861,0.2593245626,0.0351281704,0.6510544874
22051,"Jefferson Parish, LA",1380.0,425884.0,324.0,Jefferson Parish,LA,61168.0,0.865504896,0.2649954834,0.1892113605,0.0157130185
22053,"Jefferson Davis Parish, LA",153.0,32026.0,477.7,Jefferson Davis Parish,LA,62563.0,0.8274042951,0.1608721833,0.0266218743,0.7092093023
22055,"Lafayette Parish, LA",649.0,247866.0,261.8,Lafayette Parish,LA,64181.0,0.899163566,0.2686286286,0.0654054054,0.0907992869
22057,"Lafourche Parish, LA",325.0,95870.0,339.0,Lafourche Parish,LA,60107.0,0.8285011688,0.1370455311,0.0588074398,0.2336787724
22059,"LaSalle Parish, LA",65.0,14729.0,441.3,LaSalle Parish,LA,57556.0,0.8038948393,0.1241216216,0.0902702703,1.0
22061,"Lincoln Parish, LA",106.0,48129.0,220.2,Lincoln Parish,LA,47851.0,0.8939078414,0.3970434928,0.0377173596,0.4041036449
22063,"Livingston Parish, LA",394.0,148425.0,265.5,Livingston Parish,LA,73745.0,0.8755863672,0.1031269773,0.0657830764,0.3875683502
22065,"Madison Parish, LA",45.0,9478.0,474.8,Madison Parish,LA,34704.0,0.7611093602,0.6251351936,0.0279039585,0.2853149646
22067,"Morehouse Parish, LA",140.0,24446.0,572.7,Morehouse Parish,LA,37255.0,0.8307100592,0.4814861198,0.0184930077,0.5082133521
22069,"Natchitoches Parish, LA",156.0,36663.0,425.5,Natchitoches Parish,LA,47476.0,0.8733107345,0.4052244358,0.038797498,0.4952685592
22071,"Orleans Parish, LA",991.0,369749.0,268.0,Orleans Parish,LA,53729.0,0.8914638151,0.5611639607,0.0811866995,0.0043047211
22073,"Ouachita Parish, LA",419.0,157702.0,265.7,Ouachita Parish,LA,52904.0,0.879532859,0.3760788993,0.0369998985,0.2519455253
22075,"Plaquemines Parish, LA",53.0,22516.0,235.4,Plaquemines Parish,LA,71460.0,0.8564115856,0.2099079782,0.1005092469,0.3318732724
22077,"Pointe Coupee Parish, LA",147.0,20151.0,729.5,Pointe Coupee Parish,LA,57045.0,0.8153739612,0.33975,0.0364,0.6727044995
22079,"Rapides Parish, LA",662.0,127189.0,520.5,Rapides Parish,LA,52379.0,0.8741758947,0.3161967369,0.0427372089,0.3977603962
22081,"Red River Parish, LA",28.0,7420.0,377.4,Red River Parish,LA,46817.0,0.8124009509,0.3961392061,0.0299075585,1.0
22083,"Richland Parish, LA",102.0,19826.0,514.5,Richland Parish,LA,45093.0,0.7951360569,0.3523741883,0.023538961,1.0
22085,"Sabine Parish, LA",129.0,21985.0,586.8,Sabine Parish,LA,53183.0,0.8568030133,0.1623299553,0.036291427,1.0
22087,"St. Bernard Parish, LA",117.0,44479.0,263.0,St. Bernard Parish,LA,52139.0,0.8126802142,0.2529968738,0.1395767267,0.0537656521
22089,"St. Charles Parish, LA",127.0,50998.0,249.0,St. Charles Parish,LA,81482.0,0.8906579322,0.2479257211,0.0835835638,0.1777959619
22091,"St. Helena Parish, LA",40.0,10822.0,369.6,St. Helena Parish,LA,46835.0,0.811016271,0.5019491368,0.0279376276,1.0
22093,"St. James Parish, LA",84.0,19423.0,432.5,St. James Parish,LA,64089.0,0.8862292718,0.4666249805,0.0205825647,0.495790412
22095,"St. John the Baptist Parish, LA",144.0,39864.0,361.2,St. John the Baptist Parish,LA,63183.0,0.8673784363,0.5792836937,0.0956758941,0.1172870024
22097,"St. Landry Parish, LA",355.0,81773.0,434.1,St. Landry Parish,LA,43051.0,0.805813605,0.4152018069,0.0318054601,0.5919554156
22099,"St. Martin Parish, LA",203.0,51236.0,396.2,St. Martin Parish,LA,54516.0,0.8287860252,0.2934171612,0.0375854437,0.5220893619
22101,"St. Mary Parish, LA",206.0,47789.0,431.1,St. Mary Parish,LA,51179.0,0.8058614726,0.3037721815,0.0990755499,0.1951787232
22103,"St. Tammany Parish, LA",760.0,273263.0,278.1,St. Tammany Parish,LA,78484.0,0.9140412922,0.1451178048,0.0822147955,0.2298219753
22105,"Tangipahoa Parish, LA",427.0,137048.0,311.6,Tangipahoa Parish,LA,55432.0,0.8386994771,0.3033665546,0.0590668096,0.459870679
22109,"Terrebonne Parish, LA",330.0,104786.0,314.9,Terrebonne Parish,LA,62566.0,0.8326575128,0.181950664,0.0726721742,0.2070268297
22111,"Union Parish, LA",98.0,20721.0,473.0,Union Parish,LA,52753.0,0.8638814016,0.2288619855,0.0592736077,1.0
22113,"Vermilion Parish, LA",222.0,56952.0,389.8,Vermilion Parish,LA,53711.0,0.8406701968,0.1428621561,0.0459889107,0.5593368085
22115,"Vernon Parish, LA",167.0,47247.0,353.5,Vernon Parish,LA,55872.0,0.8756409403,0.1314162162,0.0951783784,0.5782974359
22117,"Washington Parish, LA",207.0,45025.0,459.7,Washington Parish,LA,45073.0,0.8408695091,0.3018834281,0.0338571269,0.7576270814
22119,"Webster Parish, LA",205.0,35643.0,575.1,Webster Parish,LA,47088.0,0.86242308,0.3325103581,0.0245473636,0.4971190521
22121,"West Baton Rouge Parish, LA",69.0,28034.0,246.1,West Baton Rouge Parish,LA,73173.0,0.8940220187,0.4103516592,0.0444350103,0.2610390088
22123,"West Carroll Parish, LA",34.0,9475.0,358.8,West Carroll Parish,LA,47030.0,0.8368804882,0.1444813901,0.0382923952,1.0
22125,"West Feliciana Parish, LA",39.0,15381.0,253.6,West Feliciana Parish,LA,74368.0,0.8459494213,0.4296402316,0.0405959274,1.0
22127,"Winn Parish, LA",80.0,13205.0,605.8,Winn Parish,LA,48430.0,0.843526855,0.2820823245,0.0782384988,0.6604143948
23001,"Androscoggin County, ME",359.0,113023.0,317.6,Androscoggin County,ME,63456.0,0.9246509604,0.0571880631,0.0232496814,0.453450184
23003,"Aroostook County, ME",335.0,67255.0,498.1,Aroostook County,ME,56361.0,0.9118232881,0.010200294,0.0184555537,0.8563147306
23005,"Cumberland County, ME",795.0,307451.0,258.6,Cumberland County,ME,96255.0,0.965015732,0.0387099894,0.0288173291,0.3764555266
23007,"Franklin County, ME",99.0,30474.0,324.9,Franklin County,ME,56509.0,0.938439612,0.006714675,0.0178409238,1.0
23009,"Hancock County, ME",195.0,56701.0,343.9,Hancock County,ME,72647.0,0.9495393537,0.0118529526,0.0195662173,1.0
23011,"Kennebec County, ME",417.0,125540.0,332.2,Kennebec County,ME,64643.0,0.948388305,0.0085573515,0.0233932374,0.6223289821
23013,"Knox County, ME",148.0,41164.0,359.5,Knox County,ME,70533.0,0.9429517382,0.0086878005,0.0200356297,0.6422291723
23015,"Lincoln County, ME",133.0,36215.0,367.3,Lincoln County,ME,74569.0,0.9485613071,0.0080258581,0.0146821158,0.9129608082
23017,"Oxford County, ME",196.0,59495.0,329.4,Oxford County,ME,60220.0,0.9261008753,0.0060095151,0.0176779902,0.8276822957
23019,"Penobscot County, ME",552.0,153704.0,359.1,Penobscot County,ME,65215.0,0.9453120066,0.0108942001,0.0217562069,0.5706213576
23021,"Piscataquis County, ME",82.0,17417.0,470.8,Piscataquis County,ME,51787.0,0.9199791961,0.0066338785,0.0209310305,1.0
23023,"Sagadahoc County, ME",105.0,37393.0,280.8,Sagadahoc County,ME,83180.0,0.9477371643,0.00983659,0.0209527364,0.6138586882
23025,"Somerset County, ME",210.0,51098.0,411.0,Somerset County,ME,56422.0,0.9285245213,0.0065299598,0.016763479,0.8487826139
23027,"Waldo County, ME",143.0,40241.0,355.4,Waldo County,ME,68345.0,0.9370451966,0.0056376169,0.0169128508,0.9052187745
23029,"Washington County, ME",185.0,31437.0,588.5,Washington County,ME,48104.0,0.9115757706,0.0074156235,0.0268420219,1.0
23031,"York County, ME",625.0,216732.0,288.4,York County,ME,85445.0,0.950962645,0.0138892701,0.0232448556,0.5197903497
24001,"Allegany County, MD",340.0,67267.0,505.4,Allegany County,MD,54759.0,0.8972502712,0.0771483359,0.0206769432,0.3498517018
24003,"Anne Arundel County, MD",1498.0,593286.0,252.5,Anne Arundel County,MD,116956.0,0.9377947167,0.1920374313,0.1073157277,0.0748239302
24005,"Baltimore County, MD",2760.0,846161.0,326.2,Baltimore County,MD,86807.0,0.9169863554,0.3110915908,0.0795060512,0.0712914041
24009,"Calvert County, MD",246.0,94573.0,260.1,Calvert County,MD,124486.0,0.9490818675,0.1397474875,0.0549679081,0.6189064807
24011,"Caroline County, MD",111.0,33433.0,332.0,Caroline County,MD,63491.0,0.8400770713,0.1324085375,0.0940076802,0.849547953
24013,"Carroll County, MD",487.0,175305.0,277.8,Carroll County,MD,113885.0,0.9487405407,0.0433426367,0.0531422845,0.4223875158
24015,"Cecil County, MD",384.0,104942.0,365.9,Cecil County,MD,87592.0,0.9154195416,0.0818286774,0.0568551745,0.4834803567
24017,"Charles County, MD",398.0,170102.0,234.0,Charles County,MD,105141.0,0.9432447107,0.5264721788,0.0824838783,0.2841486763
24019,"Dorchester County, MD",152.0,32726.0,464.5,Dorchester County,MD,63087.0,0.8681754251,0.2842239727,0.0636880684,0.5395776336
24021,"Frederick County, MD",626.0,287079.0,218.1,Frederick County,MD,114089.0,0.934170605,0.1155556919,0.1319672383,0.2754115495
24023,"Garrett County, MD",117.0,28579.0,409.4,Garrett County,MD,65991.0,0.8985021862,0.0113640362,0.0147415825,0.8421162258
24025,"Harford County, MD",738.0,263867.0,279.7,Harford County,MD,104553.0,0.9462798891,0.1558395429,0.0590755883,0.2092869954
24027,"Howard County, MD",578.0,335411.0,172.3,Howard County,MD,140113.0,0.9525118654,0.2076243821,0.0885443793,0.1187751454
24029,"Kent County, MD",77.0,19320.0,398.6,Kent County,MD,69781.0,0.9180421989,0.1345386727,0.0594726208,0.6962704448
24031,"Montgomery County, MD",2045.0,1052521.0,194.3,Montgomery County,MD,125076.0,0.912479471,0.1931762141,0.2109810916,0.0267941295
24033,"Prince George's County, MD",2226.0,946971.0,235.1,Prince George's County,MD,97171.0,0.8673856583,0.5985909249,0.2275566533,0.0243455083
24035,"Queen Anne's County, MD",148.0,51711.0,286.2,Queen Anne's County,MD,112527.0,0.9359355807,0.0592100251,0.0567151672,0.590267474
24037,"St. Mary's County, MD",238.0,114877.0,207.2,St. Mary's County,MD,102345.0,0.9236940469,0.1553161406,0.0627336682,0.5674433321
24039,"Somerset County, MD",135.0,24546.0,550.0,Somerset County,MD,51841.0,0.8495325454,0.3997189884,0.0470092332,0.5972786353
24041,"Talbot County, MD",129.0,37932.0,340.1,Talbot County,MD,80371.0,0.9196773062,0.122332972,0.0963699336,0.5194531791
24043,"Washington County, MD",586.0,155590.0,376.6,Washington County,MD,71685.0,0.8867542228,0.1316449847,0.0843832029,0.3222714198
24045,"Wicomico County, MD",369.0,104664.0,352.6,Wicomico County,MD,70975.0,0.8939784229,0.2714026718,0.0721851145,0.2686990771
24047,"Worcester County, MD",294.0,53866.0,545.8,Worcester County,MD,75459.0,0.936963175,0.1223163685,0.0402429344,0.4095882577
24510,"Baltimore city, MD",2050.0,569931.0,359.7,Baltimore city,MD,58616.0,0.8720281969,0.5993429328,0.0820449403,0.0
25001,"Barnstable County, MA",880.0,232457.0,378.6,Barnstable County,MA,89448.0,0.9638265609,0.0366366755,0.0375989816,0.0279349858
25003,"Berkshire County, MA",455.0,127859.0,355.9,Berkshire County,MA,74535.0,0.9369589507,0.0341828447,0.0590689019,0.3468680731
25005,"Bristol County, MA",1541.0,580068.0,265.7,Bristol County,MA,81047.0,0.8624790141,0.0674015753,0.1043154401,0.1044388812
25007,"Dukes County, MA",49.0,20868.0,234.8,Dukes County,MA,94059.0,0.9524586051,0.0511071617,0.033959364,0.3172815534
25009,"Essex County, MA",1970.0,806765.0,244.2,Essex County,MA,96303.0,0.9014012204,0.0372564002,0.2446805228,0.0515454497
25011,"Franklin County, MA",228.0,70894.0,321.6,Franklin County,MA,71256.0,0.9392193789,0.0148653227,0.0553673273,0.5485365133
25013,"Hampden County, MA",1319.0,461041.0,286.1,Hampden County,MA,67155.0,0.8717729885,0.0811573548,0.2741483105,0.0952739763
25015,"Hampshire County, MA",403.0,162588.0,247.9,Hampshire County,MA,80839.0,0.9548463877,0.0300303996,0.0745590823,0.285469601
25017,"Middlesex County, MA",3142.0,1617105.0,194.3,Middlesex County,MA,123288.0,0.934359601,0.0548710799,0.0939147216,0.0353774076
25019,"Nantucket County, MA",24.0,14421.0,166.4,Nantucket County,MA,108671.0,0.9599043062,0.0966491277,0.1704513985,0.1574184497
25021,"Norfolk County, MA",1577.0,725531.0,217.4,Norfolk County,MA,123449.0,0.9435940236,0.0807961258,0.0600984504,0.0202222923
25023,"Plymouth County, MA",1399.0,533069.0,262.4,Plymouth County,MA,107828.0,0.9323548724,0.1183617656,0.0503597929,0.1246507755
25025,"Suffolk County, MA",1218.0,766381.0,158.9,Suffolk County,MA,91386.0,0.8760720139,0.1941620848,0.2340228389,4.51164e-05
25027,"Worcester County, MA",1919.0,862927.0,222.4,Worcester County,MA,93561.0,0.9131005679,0.0550408022,0.1394171648,0.2117581147
26001,"Alcona County, MI",65.0,10417.0,624.0,Alcona County,MI,53033.0,0.9289066166,0.0080083897,0.0173515111,0.9290842923
26003,"Alger County, MI",32.0,8807.0,363.3,Alger County,MI,62543.0,0.9362386663,0.076053443,0.0182710974,1.0
26005,"Allegan County, MI",345.0,121210.0,284.6,Allegan County,MI,78772.0,0.9205231993,0.0134821509,0.0837303898,0.6757813148
26007,"Alpena County, MI",164.0,28847.0,568.5,Alpena County,MI,53480.0,0.9309769769,0.0070232494,0.0171256573,0.4663922233
26009,"Antrim County, MI",88.0,24249.0,362.9,Antrim County,MI,72369.0,0.9439662262,0.0051210619,0.0222049244,1.0
26011,"Arenac County, MI",74.0,15089.0,490.4,Arenac County,MI,56213.0,0.8862433862,0.0065368108,0.0238362496,0.8754166111
26013,"Baraga County, MI",33.0,8277.0,398.7,Baraga County,MI,55856.0,0.9209467075,0.0778580024,0.0197352587,1.0
26015,"Barry County, MI",191.0,63554.0,300.5,Barry County,MI,75377.0,0.9308438932,0.0085882648,0.0377695587,0.8711853003
26017,"Bay County, MI",436.0,102821.0,424.0,Bay County,MI,59523.0,0.9182945654,0.0184780488,0.0600780488,0.28939108
26019,"Benzie County, MI",70.0,18297.0,382.6,Benzie County,MI,65594.0,0.9391765887,0.0075375522,0.0254324603,0.855147468
26021,"Berrien County, MI",631.0,152900.0,412.7,Berrien County,MI,62758.0,0.9232258662,0.135707765,0.0642318125,0.3009668472
26023,"Branch County, MI",164.0,44531.0,368.3,Branch County,MI,57641.0,0.8864786463,0.0247926573,0.0701094769,0.6941509518
26025,"Calhoun County, MI",516.0,133289.0,387.1,Calhoun County,MI,58617.0,0.9091424583,0.1088658279,0.0607801089,0.3234234234
26027,"Cass County, MI",203.0,51403.0,394.9,Cass County,MI,68720.0,0.9019491388,0.0475194609,0.0460090624,0.7410300645
26029,"Charlevoix County, MI",118.0,26293.0,448.8,Charlevoix County,MI,78405.0,0.9531757305,0.005925303,0.0222867847,0.6980118216
26031,"Cheboygan County, MI",113.0,25940.0,435.6,Cheboygan County,MI,61488.0,0.8969056679,0.0099431818,0.0186962531,0.7884983776
26033,"Chippewa County, MI",105.0,36293.0,289.3,Chippewa County,MI,59852.0,0.9283814441,0.0605834988,0.0232461946,0.511295365
26035,"Clare County, MI",158.0,31352.0,504.0,Clare County,MI,47793.0,0.8817916431,0.0084940605,0.023789756,0.8769769251
26037,"Clinton County, MI",249.0,79748.0,312.2,Clinton County,MI,91911.0,0.955165727,0.0194932263,0.0533492223,0.5131938126
26039,"Crawford County, MI",84.0,13491.0,622.6,Crawford County,MI,59220.0,0.9143670824,0.0076820801,0.024375831,0.9983831229
26041,"Delta County, MI",144.0,36741.0,391.9,Delta County,MI,58072.0,0.9243419845,0.0047023648,0.0153030715,0.4266319811
26043,"Dickinson County, MI",98.0,25874.0,378.8,Dickinson County,MI,61704.0,0.9578859148,0.0054653221,0.0205526903,0.3524877635
26045,"Eaton County, MI",396.0,108992.0,363.3,Eaton County,MI,73130.0,0.9451221081,0.0699411873,0.0646939901,0.3798488665
26047,"Emmet County, MI",145.0,34163.0,424.4,Emmet County,MI,77292.0,0.9601277804,0.0077367172,0.0217155584,0.6313027674
26049,"Genesee County, MI",1779.0,401983.0,442.6,Genesee County,MI,60192.0,0.9089138716,0.1988857398,0.0436015959,0.181991625
26051,"Gladwin County, MI",155.0,25728.0,602.5,Gladwin County,MI,51395.0,0.8891620462,0.0055699532,0.0232081383,1.0
26053,"Gogebic County, MI",85.0,14319.0,593.6,Gogebic County,MI,48043.0,0.9582366589,0.0078740157,0.0208802025,0.6408205841
26055,"Grand Traverse County, MI",355.0,96464.0,368.0,Grand Traverse County,MI,82824.0,0.9512586961,0.0083176901,0.034587901,0.4317289317
26057,"Gratiot County, MI",178.0,41100.0,433.1,Gratiot County,MI,60251.0,0.9186584426,0.0624395668,0.0771610907,0.5829362324
26059,"Hillsdale County, MI",198.0,45762.0,432.7,Hillsdale County,MI,58676.0,0.904941759,0.0066905039,0.0291091759,0.7673676387
26061,"Houghton County, MI",127.0,37035.0,342.9,Houghton County,MI,56074.0,0.9451771518,0.0100800553,0.0188036916,0.4521024598
26063,"Huron County, MI",180.0,31248.0,576.0,Huron County,MI,59319.0,0.91885122,0.0072751964,0.0289714489,1.0
26065,"Ingham County, MI",794.0,284108.0,279.5,Ingham County,MI,63483.0,0.9349916531,0.1173318999,0.0873357996,0.1456756757
26067,"Ionia County, MI",173.0,66809.0,258.9,Ionia County,MI,70177.0,0.9136557824,0.0547221635,0.0544957894,0.6101730435
26069,"Iosco County, MI",153.0,25521.0,599.5,Iosco County,MI,52734.0,0.8907571589,0.0086706341,0.0297166279,0.4975234774
26071,"Iron County, MI",61.0,11622.0,524.9,Iron County,MI,49137.0,0.9344262295,0.0073253833,0.0237649063,1.0
26073,"Isabella County, MI",198.0,64447.0,307.2,Isabella County,MI,53213.0,0.9195171026,0.0253283009,0.0524189775,0.5226573904
26075,"Jackson County, MI",638.0,160066.0,398.6,Jackson County,MI,64070.0,0.9278817488,0.0775541951,0.041706393,0.4728433708
26077,"Kalamazoo County, MI",767.0,261173.0,293.7,Kalamazoo County,MI,67671.0,0.943293164,0.1131819309,0.0607364186,0.2163870524
26079,"Kalkaska County, MI",65.0,18182.0,357.5,Kalkaska County,MI,60410.0,0.8992745957,0.008436993,0.0241211466,1.0
26081,"Kent County, MI",1597.0,659083.0,242.3,Kent County,MI,79715.0,0.9228306972,0.0991163583,0.1169585426,0.1618863359
26085,"Lake County, MI",59.0,12594.0,468.5,Lake County,MI,50660.0,0.8261276242,0.0969844511,0.0909376472,1.0
26087,"Lapeer County, MI",364.0,88780.0,410.0,Lapeer County,MI,71515.0,0.9233229828,0.0139024692,0.0520022028,0.8594996558
26089,"Leelanau County, MI",106.0,22870.0,463.5,Leelanau County,MI,91727.0,0.965828751,0.0057343933,0.0435727008,0.8758351643
26091,"Lenawee County, MI",380.0,98567.0,385.5,Lenawee County,MI,65707.0,0.9137727652,0.0225389664,0.0911402789,0.5686108848
26093,"Livingston County, MI",619.0,196161.0,315.6,Livingston County,MI,103737.0,0.9615109611,0.0068765025,0.0294779855,0.395128594
26095,"Luce County, MI",30.0,5330.0,562.9,Luce County,MI,51664.0,0.9274707212,0.1305361305,0.0208236208,1.0
26097,"Mackinac County, MI",57.0,10941.0,521.0,Mackinac County,MI,51353.0,0.9217837964,0.0411022026,0.026172703,0.7467232786
26099,"Macomb County, MI",3148.0,874195.0,360.1,Macomb County,MI,73929.0,0.9075524203,0.1385268672,0.0325642412,0.0320999254
26101,"Manistee County, MI",116.0,25287.0,458.7,Manistee County,MI,57434.0,0.9030406454,0.0341131367,0.0364994914,0.6766938319
26103,"Marquette County, MI",183.0,66661.0,274.5,Marquette County,MI,62319.0,0.9550384806,0.0150300751,0.0209107599,0.4549888665
26105,"Mason County, MI",102.0,29409.0,346.8,Mason County,MI,59543.0,0.9336165445,0.0087794506,0.050721904,0.5909748038
26107,"Mecosta County, MI",154.0,40720.0,378.2,Mecosta County,MI,59260.0,0.917326363,0.02347989,0.0307063432,0.7447751423
26109,"Menominee County, MI",94.0,23266.0,404.0,Menominee County,MI,55853.0,0.9239111821,0.0084985836,0.0267596426,0.6316909199
26111,"Midland County, MI",263.0,83674.0,314.3,Midland County,MI,73722.0,0.9503442485,0.0136365259,0.0359237973,0.4321627901
26113,"Missaukee County, MI",69.0,15213.0,453.6,Missaukee County,MI,66397.0,0.9105268048,0.0056168768,0.035268761,1.0
26115,"Monroe County, MI",553.0,155609.0,355.4,Monroe County,MI,73617.0,0.9175526616,0.0290625302,0.0453545745,0.3772132111
26117,"Montcalm County, MI",235.0,67433.0,348.5,Montcalm County,MI,64912.0,0.8825638445,0.0425800393,0.0451917716,0.8459032636
26119,"Montmorency County, MI",65.0,9569.0,679.3,Montmorency County,MI,47374.0,0.8941556693,0.0056829924,0.0194255011,1.0
26121,"Muskegon County, MI",573.0,176565.0,324.5,Muskegon County,MI,61223.0,0.9249396667,0.1326148026,0.0640787476,0.2601351351
26123,"Newaygo County, MI",166.0,50886.0,326.2,Newaygo County,MI,61951.0,0.8974711226,0.0110354543,0.0634147296,0.896654528
26125,"Oakland County, MI",4213.0,1269431.0,331.9,Oakland County,MI,92230.0,0.9493149963,0.1365061798,0.0514811567,0.0554223769
26127,"Oceana County, MI",89.0,26973.0,330.0,Oceana County,MI,61907.0,0.9059275637,0.0100811682,0.1555909714,1.0
26129,"Ogemaw County, MI",129.0,20970.0,615.2,Ogemaw County,MI,51390.0,0.8967446592,0.0069556932,0.0227251072,1.0
26131,"Ontonagon County, MI",37.0,5863.0,631.1,Ontonagon County,MI,51306.0,0.9411040427,0.0045716221,0.0194717237,1.0
26133,"Osceola County, MI",96.0,23274.0,412.5,Osceola County,MI,55388.0,0.8965664973,0.0106729533,0.0227603943,1.0
26135,"Oscoda County, MI",63.0,8404.0,749.6,Oscoda County,MI,49622.0,0.8611870677,0.0072557051,0.0228203628,1.0
26137,"Otsego County, MI",144.0,25644.0,561.5,Otsego County,MI,69029.0,0.9394253878,0.0069522663,0.0214782305,0.6621896297
26139,"Ottawa County, MI",735.0,300873.0,244.3,Ottawa County,MI,81772.0,0.9410412348,0.0178394842,0.104007621,0.2119885213
26141,"Presque Isle County, MI",90.0,13361.0,673.6,Presque Isle County,MI,54675.0,0.9177410044,0.0061723749,0.0183665788,1.0
26143,"Roscommon County, MI",167.0,23708.0,704.4,Roscommon County,MI,54305.0,0.9079748164,0.0062020702,0.0206176927,0.4387228782
26145,"Saginaw County, MI",745.0,188330.0,395.6,Saginaw County,MI,59188.0,0.910676561,0.1818065629,0.0933582558,0.3261503019
26147,"St. Clair County, MI",637.0,160151.0,397.7,St. Clair County,MI,68831.0,0.9209202075,0.0241377585,0.0379673993,0.3950605738
26149,"St. Joseph County, MI",252.0,60874.0,414.0,St. Joseph County,MI,65540.0,0.8630634998,0.0237852755,0.0956338907,0.6371945716
26151,"Sanilac County, MI",190.0,40657.0,467.3,Sanilac County,MI,57382.0,0.9069847499,0.0061682521,0.0437722949,0.9364457905
26153,"Schoolcraft County, MI",26.0,8188.0,317.5,Schoolcraft County,MI,56019.0,0.897283395,0.0057675788,0.0184071665,1.0
26155,"Shiawassee County, MI",271.0,68022.0,398.4,Shiawassee County,MI,63988.0,0.926683261,0.0067916207,0.0313561191,0.5978353453
26157,"Tuscola County, MI",186.0,52945.0,351.3,Tuscola County,MI,64273.0,0.9220045605,0.0124181274,0.0388823685,0.8990491908
26159,"Van Buren County, MI",258.0,75692.0,340.9,Van Buren County,MI,66174.0,0.8883264188,0.0334837331,0.1279981002,0.7805178139
26161,"Washtenaw County, MI",829.0,366376.0,226.3,Washtenaw County,MI,84704.0,0.9576989663,0.1196817824,0.0582487087,0.1719479501
26163,"Wayne County, MI",6811.0,1757043.0,387.6,Wayne County,MI,57418.0,0.8789949372,0.3755245782,0.0699664053,0.0089681923
26165,"Wexford County, MI",130.0,34196.0,380.2,Wexford County,MI,59697.0,0.900332926,0.0080007034,0.0283981009,0.6374543403
27001,"Aitkin County, MN",56.0,16126.0,347.3,Aitkin County,MN,59844.0,0.9356230032,0.0048441187,0.0146565644,1.0
27003,"Anoka County, MN",696.0,368864.0,188.7,Anoka County,MN,96661.0,0.9421561847,0.0941598804,0.0600256148,0.1590246423
27005,"Becker County, MN",109.0,35371.0,308.2,Becker County,MN,71719.0,0.9331614276,0.0065187201,0.0211149846,0.7091208822
27007,"Beltrami County, MN",97.0,46799.0,207.3,Beltrami County,MN,65855.0,0.9279460114,0.0077486194,0.0257288411,0.6787877477
27009,"Benton County, MN",97.0,41463.0,233.9,Benton County,MN,74677.0,0.9232276322,0.0579807692,0.0379807692,0.450349211
27011,"Big Stone County, MN",31.0,5144.0,602.6,Big Stone County,MN,62245.0,0.9329039184,0.0072477963,0.0287952987,1.0
27013,"Blue Earth County, MN",148.0,69631.0,212.5,Blue Earth County,MN,67236.0,0.94979059,0.0519669743,0.0484387053,0.3357304086
27015,"Brown County, MN",87.0,25723.0,338.2,Brown County,MN,71884.0,0.9287444376,0.005696894,0.0533400968,0.4815143563
27017,"Carlton County, MN",142.0,36708.0,386.8,Carlton County,MN,75512.0,0.9352189074,0.0191717583,0.0205838425,0.6350705665
27019,"Carver County, MN",183.0,110034.0,166.3,Carver County,MN,129437.0,0.9631189559,0.0227900988,0.0514510567,0.2465067993
27021,"Cass County, MN",99.0,31274.0,316.6,Cass County,MN,61490.0,0.9444223548,0.0048336831,0.0199071424,1.0
27023,"Chippewa County, MN",42.0,12284.0,341.9,Chippewa County,MN,75774.0,0.9010355378,0.0089549786,0.1060630956,0.5720749325
27025,"Chisago County, MN",111.0,57988.0,191.4,Chisago County,MN,91338.0,0.9556607515,0.0153925002,0.0306141625,0.6565585207
27027,"Clay County, MN",131.0,65929.0,198.7,Clay County,MN,72172.0,0.9500037329,0.0549065773,0.0508014127,0.2579227778
27033,"Cottonwood County, MN",44.0,11356.0,387.5,Cottonwood County,MN,63898.0,0.9240898528,0.0133404011,0.1229790618,1.0
27035,"Crow Wing County, MN",199.0,67948.0,292.9,Crow Wing County,MN,74540.0,0.9456808829,0.0079643945,0.0171293043,0.6871436565
27037,"Dakota County, MN",807.0,443341.0,182.0,Dakota County,MN,100012.0,0.9549893899,0.0899047917,0.0883246916,0.0498110857
27039,"Dodge County, MN",52.0,20981.0,247.8,Dodge County,MN,87661.0,0.9495432486,0.0082037178,0.0542962822,0.6334403604
27041,"Douglas County, MN",139.0,39668.0,350.4,Douglas County,MN,76508.0,0.9602583209,0.0069581759,0.0241033214,0.5139978465
27043,"Faribault County, MN",48.0,13926.0,344.7,Faribault County,MN,65264.0,0.9204602806,0.0088661429,0.0845527283,1.0
27045,"Fillmore County, MN",89.0,21414.0,415.6,Fillmore County,MN,69157.0,0.9282988004,0.0062726512,0.0204906607,1.0
27047,"Freeborn County, MN",106.0,30718.0,345.1,Freeborn County,MN,66215.0,0.89865389,0.0140258889,0.1081763067,0.4176403949
27049,"Goodhue County, MN",169.0,48013.0,352.0,Goodhue County,MN,83979.0,0.9366533161,0.0143228896,0.0418444884,0.6691185743
27053,"Hennepin County, MN",2320.0,1260121.0,184.1,Hennepin County,MN,93642.0,0.9396493453,0.1431247632,0.0785238573,0.023880958
27055,"Houston County, MN",67.0,18800.0,356.4,Houston County,MN,77043.0,0.9443122677,0.0079108815,0.0160370251,0.7101841533
27057,"Hubbard County, MN",57.0,21960.0,259.6,Hubbard County,MN,72166.0,0.945698211,0.0047894451,0.0282848364,1.0
27059,"Isanti County, MN",97.0,42727.0,227.0,Isanti County,MN,85799.0,0.9229344583,0.0114862674,0.0267935714,0.5928284916
27061,"Itasca County, MN",165.0,45205.0,365.0,Itasca County,MN,65386.0,0.946524226,0.0053124656,0.0159373967,0.7701159639
27063,"Jackson County, MN",33.0,9893.0,333.6,Jackson County,MN,72413.0,0.938930226,0.0105857445,0.0522230064,1.0
27065,"Kanabec County, MN",44.0,16463.0,267.3,Kanabec County,MN,70384.0,0.9116174694,0.0069268763,0.0196361884,1.0
27067,"Kandiyohi County, MN",112.0,43839.0,255.5,Kandiyohi County,MN,69160.0,0.9082891224,0.0601876155,0.1463949056,0.4296167566
27069,"Kittson County, MN",21.0,4059.0,517.4,Kittson County,MN,72224.0,0.9588532884,0.0103448276,0.0290640394,1.0
27071,"Koochiching County, MN",52.0,11844.0,439.0,Koochiching County,MN,64009.0,0.9350635008,0.0075738235,0.0158284401,0.454899685
27073,"Lac qui Parle County, MN",30.0,6689.0,448.5,Lac qui Parle County,MN,67947.0,0.9518793887,0.0063348416,0.0371040724,1.0
27075,"Lake County, MN",40.0,10939.0,365.7,Lake County,MN,71573.0,0.9316384868,0.0055274067,0.0173192077,1.0
27079,"Le Sueur County, MN",63.0,29153.0,216.1,Le Sueur County,MN,78885.0,0.950294861,0.0088190053,0.0685011109,0.857745693
27083,"Lyon County, MN",64.0,25262.0,253.3,Lyon County,MN,69161.0,0.9185379546,0.0317379164,0.0806229598,0.4654319522
27085,"McLeod County, MN",105.0,36714.0,286.0,McLeod County,MN,75691.0,0.9348990683,0.0085089031,0.0777490825,0.4449974164
27089,"Marshall County, MN",25.0,8861.0,282.1,Marshall County,MN,69843.0,0.9277777778,0.0066969353,0.048354143,1.0
27091,"Martin County, MN",87.0,19650.0,442.7,Martin County,MN,59843.0,0.9467320959,0.0071221448,0.077173526,0.5811735331
27093,"Meeker County, MN",73.0,23496.0,310.7,Meeker County,MN,75351.0,0.9370441937,0.0056619838,0.0454235845,0.7192735043
27095,"Mille Lacs County, MN",86.0,27280.0,315.2,Mille Lacs County,MN,70512.0,0.9129737531,0.0069639406,0.0253399934,0.8184738652
27097,"Morrison County, MN",96.0,34246.0,280.3,Morrison County,MN,68639.0,0.928295712,0.0066277372,0.0195036496,0.7232872685
27099,"Mower County, MN",131.0,40140.0,326.4,Mower County,MN,66578.0,0.896899838,0.0392181337,0.1366518548,0.3634864723
27101,"Murray County, MN",20.0,8060.0,248.1,Murray County,MN,74801.0,0.9086836664,0.0042241272,0.0539197416,1.0
27103,"Nicollet County, MN",102.0,34441.0,296.2,Nicollet County,MN,74482.0,0.9495996441,0.0434846095,0.0562467146,0.2521042549
27105,"Nobles County, MN",48.0,21947.0,218.7,Nobles County,MN,63576.0,0.7779637581,0.0436323468,0.346573388,0.3808882907
27107,"Norman County, MN",30.0,6377.0,470.4,Norman County,MN,62716.0,0.9335719079,0.0072681308,0.0592510665,1.0
27109,"Olmsted County, MN",431.0,164020.0,262.8,Olmsted County,MN,89431.0,0.9503319023,0.0797953685,0.0610071366,0.1736845014
27111,"Otter Tail County, MN",202.0,60519.0,333.8,Otter Tail County,MN,69107.0,0.9396655549,0.0147791377,0.0387127635,0.7791980826
27113,"Pennington County, MN",53.0,13845.0,382.8,Pennington County,MN,73104.0,0.9456577994,0.0103543824,0.04943853,0.3644939966
27115,"Pine County, MN",92.0,29446.0,312.4,Pine County,MN,69619.0,0.9138981808,0.0223532139,0.0295393582,1.0
27117,"Pipestone County, MN",32.0,9355.0,342.1,Pipestone County,MN,69117.0,0.9264940876,0.0126554895,0.0849107626,1.0
27119,"Polk County, MN",93.0,30731.0,302.6,Polk County,MN,68136.0,0.9321390837,0.0254833618,0.0702683151,0.4653436779
27121,"Pope County, MN",43.0,11431.0,376.2,Pope County,MN,64480.0,0.9491443136,0.0045614035,0.0223684211,0.6284046693
27123,"Ramsey County, MN",1228.0,536413.0,228.9,Ramsey County,MN,77764.0,0.9147455202,0.132229632,0.0845571982,0.0002009588
27127,"Redwood County, MN",49.0,15361.0,319.0,Redwood County,MN,71012.0,0.9263228399,0.0086342229,0.0458529566,0.7012641815
27129,"Renville County, MN",47.0,14525.0,323.6,Renville County,MN,70098.0,0.9154556167,0.0067605241,0.106007806,1.0
27131,"Rice County, MN",139.0,67693.0,205.3,Rice County,MN,81824.0,0.9297708507,0.0702596103,0.1050950727,0.3218772821
27133,"Rock County, MN",30.0,9537.0,314.6,Rock County,MN,71923.0,0.9334147831,0.0101560046,0.0407287195,0.5045342127
27135,"Roseau County, MN",48.0,15292.0,313.9,Roseau County,MN,74057.0,0.9296482412,0.008785733,0.0211119853,1.0
27137,"St. Louis County, MN",587.0,199532.0,294.2,St. Louis County,MN,67311.0,0.9498428971,0.0151710105,0.0196594751,0.392876228
27139,"Scott County, MN",223.0,154520.0,144.3,Scott County,MN,111370.0,0.9495308445,0.0728047544,0.0658028162,0.181020089
27141,"Sherburne County, MN",159.0,100824.0,157.7,Sherburne County,MN,101487.0,0.9438413841,0.0485685772,0.0363481596,0.5092866036
27143,"Sibley County, MN",35.0,14955.0,234.0,Sibley County,MN,76019.0,0.9251720183,0.0090161761,0.0943383718,1.0
27145,"Stearns County, MN",338.0,160405.0,210.7,Stearns County,MN,75116.0,0.9278738019,0.0990327811,0.0489635165,0.3798865388
27147,"Steele County, MN",94.0,37398.0,251.4,Steele County,MN,78500.0,0.9365247809,0.036182892,0.0904305069,0.2974923809
27149,"Stevens County, MN",21.0,9637.0,217.9,Stevens County,MN,74512.0,0.9316151203,0.0123355263,0.1248972039,0.4798883259
27151,"Swift County, MN",40.0,9755.0,410.0,Swift County,MN,69245.0,0.9449799792,0.0123469493,0.0736701307,1.0
27153,"Todd County, MN",57.0,25538.0,223.2,Todd County,MN,60951.0,0.8894692024,0.0058830405,0.1021545175,0.9942205684
27157,"Wabasha County, MN",79.0,21658.0,364.8,Wabasha County,MN,81349.0,0.9490297542,0.0058571231,0.035972882,0.8118015617
27159,"Wadena County, MN",61.0,14307.0,426.4,Wadena County,MN,55449.0,0.9137002218,0.010252089,0.026823959,0.7184500533
27161,"Waseca County, MN",50.0,18893.0,264.6,Waseca County,MN,70833.0,0.9287071521,0.0215478637,0.0769190243,0.5143926613
27163,"Washington County, MN",498.0,275912.0,180.5,Washington County,MN,111118.0,0.9625482105,0.0580850087,0.0539944647,0.1336632183
27165,"Watonwan County, MN",53.0,11075.0,478.6,Watonwan County,MN,64868.0,0.8837769159,0.0074930035,0.3060395414,1.0
27167,"Wilkin County, MN",26.0,6350.0,409.4,Wilkin County,MN,75073.0,0.9344189159,0.0077703774,0.0396447827,0.4795573317
27169,"Winona County, MN",129.0,49478.0,260.7,Winona County,MN,71907.0,0.9385054156,0.0202932363,0.03893727,0.4034144672
27171,"Wright County, MN",224.0,148003.0,151.3,Wright County,MN,104303.0,0.9494934603,0.0283757856,0.0373536222,0.3916808762
27173,"Yellow Medicine County, MN",25.0,9486.0,263.5,Yellow Medicine County,MN,69009.0,0.925409339,0.0082391465,0.0558783141,1.0
28001,"Adams County, MS",120.0,28408.0,422.4,Adams County,MS,44385.0,0.8361381754,0.5581298268,0.0463368817,0.3647843456
28003,"Alcorn County, MS",174.0,34204.0,508.7,Alcorn County,MS,48556.0,0.8342417308,0.1236560715,0.0386113959,0.6412204951
28005,"Amite County, MS",70.0,12619.0,554.7,Amite County,MS,46108.0,0.8704703161,0.3804854525,0.0143867545,1.0
28007,"Attala County, MS",76.0,17509.0,434.1,Attala County,MS,52128.0,0.8520735357,0.4439195806,0.0213721989,0.6245737604
28009,"Benton County, MS",37.0,7550.0,490.1,Benton County,MS,47969.0,0.8094100349,0.3425652057,0.0255445012,1.0
28011,"Bolivar County, MS",140.0,29370.0,476.7,Bolivar County,MS,39920.0,0.8323977141,0.6302471693,0.0278238056,0.5370017751
28013,"Calhoun County, MS",79.0,12781.0,618.1,Calhoun County,MS,46966.0,0.790166431,0.2756799369,0.0658257785,1.0
28015,"Carroll County, MS",51.0,9731.0,524.1,Carroll County,MS,55290.0,0.8001877431,0.3326691138,0.0183534347,1.0
28017,"Chickasaw County, MS",81.0,16812.0,481.8,Chickasaw County,MS,44599.0,0.8066137566,0.4410055733,0.0412071623,1.0
28019,"Choctaw County, MS",27.0,8037.0,335.9,Choctaw County,MS,50545.0,0.8584117032,0.2851137488,0.0195351137,1.0
28021,"Claiborne County, MS",33.0,8805.0,374.8,Claiborne County,MS,28579.0,0.8369481022,0.8579552048,0.0142741093,1.0
28023,"Clarke County, MS",85.0,15271.0,556.6,Clarke County,MS,47811.0,0.8637630015,0.3433806147,0.0114919884,1.0
28025,"Clay County, MS",92.0,18380.0,500.5,Clay County,MS,52673.0,0.8276758289,0.5994177744,0.012468417,0.563532947
28027,"Coahoma County, MS",103.0,20197.0,510.0,Coahoma County,MS,35552.0,0.8197284101,0.7646062659,0.0313791901,0.3264142122
28029,"Copiah County, MS",121.0,27719.0,436.5,Copiah County,MS,47870.0,0.8634760432,0.4969997108,0.0466310006,0.8217357586
28031,"Covington County, MS",100.0,18098.0,552.5,Covington County,MS,48382.0,0.8470973017,0.3545046791,0.0272994075,1.0
28033,"DeSoto County, MS",533.0,191723.0,278.0,DeSoto County,MS,81956.0,0.9143441965,0.3484970012,0.0588935404,0.2190120552
28035,"Forrest County, MS",263.0,78110.0,336.7,Forrest County,MS,51328.0,0.9083813261,0.3657937807,0.0444200082,0.345965864
28037,"Franklin County, MS",66.0,7642.0,863.6,Franklin County,MS,48075.0,0.8679992457,0.3421813403,0.0131406045,1.0
28039,"George County, MS",115.0,25206.0,456.2,George County,MS,63349.0,0.8788308565,0.0771692884,0.0325929974,1.0
28041,"Greene County, MS",61.0,13552.0,450.1,Greene County,MS,54057.0,0.8063974726,0.2548342034,0.0153665172,1.0
28043,"Grenada County, MS",113.0,21088.0,535.8,Grenada County,MS,49210.0,0.8447200713,0.4384998813,0.0160455732,0.5248971289
28045,"Hancock County, MS",237.0,46094.0,514.2,Hancock County,MS,61126.0,0.8974267968,0.0810892784,0.0421802899,0.3826026535
28047,"Harrison County, MS",837.0,211044.0,396.6,Harrison County,MS,56692.0,0.891638189,0.2560395419,0.0681537614,0.191735252
28049,"Hinds County, MS",821.0,217730.0,377.1,Hinds County,MS,50965.0,0.8845544839,0.7303346209,0.0216503002,0.1757998086
28051,"Holmes County, MS",87.0,16121.0,539.7,Holmes County,MS,30542.0,0.8243255945,0.824618115,0.0114090131,1.0
28053,"Humphreys County, MS",29.0,7333.0,395.5,Humphreys County,MS,31538.0,0.7692307692,0.766213969,0.0126108647,1.0
28057,"Itawamba County, MS",80.0,23903.0,334.7,Itawamba County,MS,56977.0,0.8520783151,0.0745029677,0.0195492467,1.0
28059,"Jackson County, MS",593.0,144975.0,409.0,Jackson County,MS,66751.0,0.8876226717,0.2089091393,0.0777244192,0.3034093765
28061,"Jasper County, MS",82.0,16167.0,507.2,Jasper County,MS,46577.0,0.8957422119,0.5198900893,0.0161743583,1.0
28063,"Jefferson County, MS",23.0,7087.0,324.5,Jefferson County,MS,37617.0,0.8075400958,0.8377755367,0.010661288,1.0
28065,"Jefferson Davis County, MS",52.0,11088.0,469.0,Jefferson Davis County,MS,39794.0,0.8757210936,0.5870179597,0.0122162458,1.0
28067,"Jones County, MS",292.0,66569.0,438.6,Jones County,MS,50310.0,0.8708652417,0.2868377358,0.0622792453,0.6252416501
28069,"Kemper County, MS",40.0,8654.0,462.2,Kemper County,MS,42461.0,0.7956935403,0.6003028891,0.0101351351,1.0
28071,"Lafayette County, MS",157.0,57615.0,272.5,Lafayette County,MS,72838.0,0.9192230895,0.2344741478,0.0357295568,0.3994589074
28073,"Lamar County, MS",140.0,65783.0,212.8,Lamar County,MS,63079.0,0.9137718537,0.2232055212,0.0375583309,0.5374949394
28075,"Lauderdale County, MS",345.0,70904.0,486.6,Lauderdale County,MS,51437.0,0.8521781594,0.447077006,0.0254370667,0.536761482
28077,"Lawrence County, MS",69.0,11713.0,589.1,Lawrence County,MS,49431.0,0.8209829386,0.3226300997,0.0232518525,1.0
28079,"Leake County, MS",96.0,21135.0,454.2,Leake County,MS,47849.0,0.8222518977,0.3898297112,0.066469094,1.0
28081,"Lee County, MS",280.0,82959.0,337.5,Lee County,MS,64744.0,0.8781091829,0.3102211379,0.0355801399,0.5172599978
28083,"Leflore County, MS",150.0,26570.0,564.5,Leflore County,MS,33945.0,0.8281304601,0.7423989688,0.0335885966,0.3127845019
28085,"Lincoln County, MS",165.0,34717.0,475.3,Lincoln County,MS,52040.0,0.8705200867,0.2946516051,0.0136015215,0.7091700805
28087,"Lowndes County, MS",199.0,57603.0,345.5,Lowndes County,MS,53883.0,0.8806976744,0.4540614144,0.0229212855,0.5432157476
28089,"Madison County, MS",329.0,111113.0,296.1,Madison County,MS,82057.0,0.9217925356,0.3783452285,0.0381562692,0.2575747858
28091,"Marion County, MS",116.0,24050.0,482.3,Marion County,MS,47020.0,0.8254337328,0.3102708058,0.019319683,0.7448549568
28093,"Marshall County, MS",138.0,34110.0,404.6,Marshall County,MS,52334.0,0.8159233509,0.4464144419,0.054069103,0.835298649
28095,"Monroe County, MS",141.0,33577.0,419.9,Monroe County,MS,50639.0,0.8530007597,0.3043827546,0.0163944182,0.8251316559
28097,"Montgomery County, MS",48.0,9530.0,503.7,Montgomery County,MS,46424.0,0.8139812193,0.4364583333,0.0159375,1.0
28099,"Neshoba County, MS",136.0,28673.0,474.3,Neshoba County,MS,49446.0,0.8223007887,0.2169231304,0.0197992289,0.755423385
28101,"Newton County, MS",118.0,21029.0,561.1,Newton County,MS,49338.0,0.8592272161,0.3128597935,0.0196013131,1.0
28103,"Noxubee County, MS",44.0,9990.0,440.4,Noxubee County,MS,37567.0,0.7993182155,0.7146459552,0.0193665524,1.0
28105,"Oktibbeha County, MS",122.0,51427.0,237.2,Oktibbeha County,MS,47584.0,0.909984814,0.3734351503,0.0236118977,0.3664169306
28107,"Panola County, MS",163.0,32661.0,499.1,Panola County,MS,46097.0,0.8369466205,0.4941687839,0.0213352108,0.811099735
28109,"Pearl River County, MS",232.0,57261.0,405.2,Pearl River County,MS,54266.0,0.8781477013,0.1187001966,0.0436889855,0.7096624811
28111,"Perry County, MS",51.0,11368.0,448.6,Perry County,MS,46201.0,0.8873902532,0.187361909,0.0205037561,1.0
28113,"Pike County, MS",216.0,39644.0,544.8,Pike County,MS,41815.0,0.8296270423,0.5500329999,0.0176930497,0.6199037794
28115,"Pontotoc County, MS",83.0,31389.0,264.4,Pontotoc County,MS,51490.0,0.7886091943,0.1560488346,0.0717932456,1.0
28117,"Prentiss County, MS",118.0,24792.0,476.0,Prentiss County,MS,50292.0,0.8386068335,0.1518201711,0.0154764273,0.74256238
28119,"Quitman County, MS",40.0,5701.0,701.6,Quitman County,MS,35150.0,0.7681907571,0.7304363505,0.0055896141,1.0
28121,"Rankin County, MS",446.0,158979.0,280.5,Rankin County,MS,70794.0,0.9033826081,0.2299943273,0.0329266848,0.329985799
28123,"Scott County, MS",101.0,27707.0,364.5,Scott County,MS,48112.0,0.7865232485,0.3577634784,0.1560330098,1.0
28125,"Sharkey County, MS",20.0,3488.0,573.4,Sharkey County,MS,37098.0,0.8099139697,0.720323741,0.0272781775,1.0
28127,"Simpson County, MS",113.0,25587.0,441.6,Simpson County,MS,53352.0,0.8174007056,0.3466070387,0.0186272604,1.0
28129,"Smith County, MS",84.0,14092.0,596.1,Smith County,MS,53814.0,0.8229807298,0.2382438471,0.017731754,1.0
28131,"Stone County, MS",65.0,18669.0,348.2,Stone County,MS,56686.0,0.8796683904,0.1820750693,0.0270846662,1.0
28133,"Sunflower County, MS",101.0,24811.0,407.1,Sunflower County,MS,43980.0,0.7576632223,0.7276851398,0.0273418342,0.6403295984
28135,"Tallahatchie County, MS",47.0,12035.0,390.5,Tallahatchie County,MS,42319.0,0.810867052,0.566697643,0.0412266622,1.0
28137,"Tate County, MS",131.0,28296.0,463.0,Tate County,MS,62784.0,0.8448219358,0.3008386115,0.0341813807,0.757090935
28139,"Tippah County, MS",99.0,21431.0,461.9,Tippah County,MS,53452.0,0.8177426131,0.1610842298,0.0537417203,1.0
28141,"Tishomingo County, MS",121.0,18619.0,649.9,Tishomingo County,MS,47264.0,0.8328975872,0.0290700816,0.0330685686,1.0
28143,"Tunica County, MS",26.0,9458.0,274.9,Tunica County,MS,39659.0,0.8187718422,0.7731210743,0.0255577215,1.0
28145,"Union County, MS",112.0,28125.0,398.2,Union County,MS,55304.0,0.7857142857,0.1549285815,0.0492151039,0.7565251827
28147,"Walthall County, MS",79.0,13761.0,574.1,Walthall County,MS,48909.0,0.8003412969,0.4178027844,0.020918993,1.0
28149,"Warren County, MS",195.0,42649.0,457.2,Warren County,MS,55783.0,0.8805332077,0.4943968982,0.021466736,0.4249586333
28151,"Washington County, MS",165.0,42514.0,388.1,Washington County,MS,39081.0,0.7920922342,0.7326324322,0.0158298765,0.3484929433
28153,"Wayne County, MS",84.0,19681.0,426.8,Wayne County,MS,45573.0,0.8396826644,0.4031365782,0.0186773588,1.0
28155,"Webster County, MS",49.0,9993.0,490.3,Webster County,MS,54929.0,0.8424001179,0.1775130156,0.02082499,1.0
28157,"Wilkinson County, MS",37.0,8143.0,454.4,Wilkinson County,MS,36240.0,0.8750823995,0.6909903202,0.012285927,1.0
28159,"Winston County, MS",78.0,17543.0,444.6,Winston County,MS,48990.0,0.8363006924,0.4593477262,0.0186610014,1.0
28161,"Yalobusha County, MS",59.0,12364.0,477.2,Yalobusha County,MS,50790.0,0.8416183683,0.379622154,0.019215243,1.0
28163,"Yazoo County, MS",83.0,25948.0,319.9,Yazoo County,MS,42434.0,0.7468192024,0.5809040161,0.0466351372,0.4368619826
29001,"Adair County, MO",55.0,25165.0,218.6,Adair County,MO,56954.0,0.927309008,0.0374970146,0.0318844041,0.3345184483
29003,"Andrew County, MO",55.0,18003.0,305.5,Andrew County,MO,75926.0,0.9400502197,0.0125779224,0.0276934959,0.6041356493
29005,"Atchison County, MO",24.0,5182.0,463.1,Atchison County,MO,56797.0,0.9184100418,0.0058742902,0.0227139221,1.0
29007,"Audrain County, MO",94.0,24434.0,384.7,Audrain County,MO,55957.0,0.8844563508,0.0560383701,0.0327949496,0.5452688086
29009,"Barry County, MO",158.0,34926.0,452.4,Barry County,MO,53303.0,0.8517063589,0.0060966964,0.1052034595,0.8251578155
29011,"Barton County, MO",50.0,11694.0,427.6,Barton County,MO,50185.0,0.8605488638,0.0069900264,0.0313698747,1.0
29013,"Bates County, MO",82.0,16177.0,506.9,Bates County,MO,56178.0,0.8900547036,0.0155768994,0.028383204,1.0
29015,"Benton County, MO",105.0,20224.0,519.2,Benton County,MO,50946.0,0.8909551986,0.0075418451,0.0225282211,1.0
29017,"Bollinger County, MO",46.0,10518.0,437.3,Bollinger County,MO,53134.0,0.8623658763,0.0065440061,0.0170713202,1.0
29019,"Boone County, MO",367.0,187690.0,195.5,Boone County,MO,70153.0,0.9458329643,0.0990641972,0.0449533682,0.2275420729
29021,"Buchanan County, MO",318.0,82911.0,383.5,Buchanan County,MO,60575.0,0.898006993,0.0579584358,0.0761849655,0.1374995577
29023,"Butler County, MO",165.0,42179.0,391.2,Butler County,MO,48059.0,0.8448222352,0.0580242205,0.0254124154,0.5146214099
29025,"Caldwell County, MO",34.0,8933.0,380.6,Caldwell County,MO,62916.0,0.9080610737,0.0101619207,0.0243439419,1.0
29027,"Callaway County, MO",139.0,44762.0,310.5,Callaway County,MO,64214.0,0.9069377218,0.0485122175,0.0256868838,0.6011336179
29029,"Camden County, MO",172.0,43768.0,393.0,Camden County,MO,63903.0,0.9235588597,0.0071973481,0.0361002634,0.5625219324
29031,"Cape Girardeau County, MO",255.0,82899.0,307.6,Cape Girardeau County,MO,67445.0,0.9282630418,0.08107587,0.0305721585,0.3220046506
29033,"Carroll County, MO",36.0,8423.0,427.4,Carroll County,MO,56690.0,0.8965459423,0.0203789775,0.0269336194,1.0
29037,"Cass County, MO",341.0,110394.0,308.9,Cass County,MO,85283.0,0.9366514634,0.0520083772,0.0565281209,0.296612999
29039,"Cedar County, MO",64.0,14601.0,438.3,Cedar County,MO,48789.0,0.881152461,0.0085196292,0.0237186478,1.0
29041,"Chariton County, MO",40.0,7386.0,541.6,Chariton County,MO,56070.0,0.9127996906,0.024733072,0.0162184079,1.0
29043,"Christian County, MO",241.0,93114.0,258.8,Christian County,MO,79714.0,0.9334573393,0.0101777128,0.0392175552,0.4224916143
29047,"Clay County, MO",587.0,257033.0,228.4,Clay County,MO,84816.0,0.9442397052,0.0787421277,0.0819256887,0.0809205203
29049,"Clinton County, MO",69.0,21328.0,323.5,Clinton County,MO,76875.0,0.9372085164,0.0135975497,0.0284481158,0.7577416918
29051,"Cole County, MO",256.0,76969.0,332.6,Cole County,MO,74002.0,0.9360387598,0.1140039856,0.0374621496,0.3429651005
29053,"Cooper County, MO",65.0,16772.0,387.6,Cooper County,MO,70769.0,0.9068500259,0.0544639169,0.0212426978,0.5302578495
29055,"Crawford County, MO",116.0,22659.0,511.9,Crawford County,MO,55253.0,0.8494517068,0.0072626436,0.0253092126,0.9320350451
29057,"Dade County, MO",51.0,7660.0,665.8,Dade County,MO,53959.0,0.909565844,0.0064800415,0.0242353551,1.0
29059,"Dallas County, MO",67.0,17626.0,380.1,Dallas County,MO,63112.0,0.9031052806,0.0055718145,0.0233003152,1.0
29061,"Daviess County, MO",38.0,8435.0,450.5,Daviess County,MO,59385.0,0.8567158931,0.0049117062,0.0180095895,1.0
29063,"DeKalb County, MO",40.0,11336.0,352.9,DeKalb County,MO,63946.0,0.8892670475,0.0354581271,0.0245479341,0.6991567685
29065,"Dent County, MO",67.0,14467.0,463.1,Dent County,MO,49324.0,0.8563212789,0.0066907899,0.0234177647,0.6751958949
29067,"Douglas County, MO",75.0,11975.0,626.3,Douglas County,MO,43336.0,0.8362649038,0.0080143932,0.0269872424,1.0
29069,"Dunklin County, MO",149.0,27406.0,543.7,Dunklin County,MO,45570.0,0.7998910082,0.1074282332,0.0780186446,0.6266308383
29071,"Franklin County, MO",393.0,105879.0,371.2,Franklin County,MO,70389.0,0.9104874246,0.0098304575,0.0240404496,0.5498939646
29073,"Gasconade County, MO",77.0,14768.0,521.4,Gasconade County,MO,62203.0,0.8987672768,0.0073444407,0.0172730364,1.0
29075,"Gentry County, MO",36.0,6253.0,575.7,Gentry County,MO,54610.0,0.8840957573,0.0092253857,0.0202004136,1.0
29077,"Greene County, MO",1069.0,303293.0,352.5,Greene County,MO,59740.0,0.933446704,0.0341813001,0.0527032839,0.1414147835
29079,"Grundy County, MO",41.0,9838.0,416.8,Grundy County,MO,48491.0,0.854100589,0.0106979114,0.0289353031,0.4467781403
29081,"Harrison County, MO",39.0,8199.0,475.7,Harrison County,MO,50489.0,0.9073310629,0.0049878345,0.0268856448,1.0
29083,"Henry County, MO",115.0,22438.0,512.5,Henry County,MO,55216.0,0.9005482596,0.012319324,0.0317100289,0.5960083842
29085,"Hickory County, MO",55.0,8630.0,637.3,Hickory County,MO,48213.0,0.8796022992,0.0075705437,0.0197292957,1.0
29087,"Holt County, MO",24.0,4262.0,563.1,Holt County,MO,61260.0,0.92431562,0.0061205273,0.0193032015,1.0
29089,"Howard County, MO",31.0,10168.0,304.9,Howard County,MO,57674.0,0.8959741856,0.0487080487,0.0235620236,1.0
29091,"Howell County, MO",205.0,40631.0,504.5,Howell County,MO,48727.0,0.8593475717,0.0066527556,0.0274702344,0.701836478
29093,"Iron County, MO",53.0,9414.0,563.0,Iron County,MO,48241.0,0.8591200466,0.0150423729,0.0233050847,1.0
29095,"Jackson County, MO",2012.0,716531.0,280.8,Jackson County,MO,66102.0,0.9168383769,0.2237085282,0.1154239034,0.0426893882
29097,"Jasper County, MO",420.0,124075.0,338.5,Jasper County,MO,55152.0,0.8876426628,0.0207267144,0.1004030194,0.2346673618
29099,"Jefferson County, MO",646.0,229336.0,281.7,Jefferson County,MO,81517.0,0.9145108983,0.0133633179,0.027297496,0.3477169786
29101,"Johnson County, MO",133.0,54368.0,244.6,Johnson County,MO,68326.0,0.9314267952,0.0425748699,0.0520177577,0.5276877789
29105,"Laclede County, MO",159.0,36313.0,437.9,Laclede County,MO,52211.0,0.8584038399,0.0106597601,0.0312431843,0.5918310719
29107,"Lafayette County, MO",125.0,32961.0,379.2,Lafayette County,MO,67178.0,0.908014453,0.0207555127,0.0350042174,0.6931542566
29109,"Lawrence County, MO",134.0,38683.0,346.4,Lawrence County,MO,58128.0,0.8550338724,0.0065342663,0.0860516567,0.7152969659
29111,"Lewis County, MO",43.0,9891.0,434.7,Lewis County,MO,57912.0,0.8745445905,0.0330006111,0.0191485028,1.0
29113,"Lincoln County, MO",153.0,63155.0,242.3,Lincoln County,MO,79954.0,0.9108689376,0.0200930463,0.029784077,0.7201967301
29115,"Linn County, MO",46.0,11820.0,389.2,Linn County,MO,53836.0,0.9147504892,0.0106013061,0.0305317615,0.6741620347
29117,"Livingston County, MO",53.0,14402.0,368.0,Livingston County,MO,59389.0,0.8797981797,0.0313251357,0.0224634197,0.3733598956
29119,"McDonald County, MO",75.0,23588.0,318.0,McDonald County,MO,54452.0,0.8134084651,0.0174873447,0.1237919926,0.9989271768
29121,"Macon County, MO",63.0,15049.0,418.6,Macon County,MO,58887.0,0.9167620137,0.0241408878,0.0199854891,0.6476428431
29123,"Madison County, MO",59.0,12753.0,462.6,Madison County,MO,52339.0,0.8808301973,0.012521657,0.0270121279,0.6051005861
29125,"Maries County, MO",35.0,8431.0,415.1,Maries County,MO,58983.0,0.8608255833,0.0081850534,0.0227758007,1.0
29127,"Marion County, MO",110.0,28438.0,386.8,Marion County,MO,60780.0,0.903546982,0.043972332,0.0209274421,0.3895179667
29131,"Miller County, MO",91.0,25403.0,358.2,Miller County,MO,55031.0,0.8954922758,0.0085189527,0.0230168034,0.7646226033
29133,"Mississippi County, MO",86.0,11688.0,735.8,Mississippi County,MO,48342.0,0.8192474505,0.2302486889,0.0232617154,1.0
29135,"Moniteau County, MO",62.0,15220.0,407.4,Moniteau County,MO,63971.0,0.8646601942,0.0236628212,0.0606318825,1.0
29137,"Monroe County, MO",47.0,8652.0,543.2,Monroe County,MO,54624.0,0.8988490841,0.0282823638,0.0179351575,1.0
29139,"Montgomery County, MO",61.0,11470.0,531.8,Montgomery County,MO,57686.0,0.8850819057,0.015708177,0.0240858714,1.0
29141,"Morgan County, MO",104.0,21785.0,477.4,Morgan County,MO,52072.0,0.8005035447,0.0091943559,0.0278106509,1.0
29143,"New Madrid County, MO",97.0,15695.0,618.0,New Madrid County,MO,53843.0,0.8338912512,0.1635114108,0.020811722,0.8742850189
29145,"Newton County, MO",238.0,60011.0,396.6,Newton County,MO,63292.0,0.8933701108,0.0103993276,0.0699935725,0.6322807257
29147,"Nodaway County, MO",56.0,20670.0,270.9,Nodaway County,MO,55749.0,0.9418149892,0.0226624789,0.0225175163,0.4721529118
29149,"Oregon County, MO",69.0,8732.0,790.2,Oregon County,MO,41462.0,0.8692458374,0.0053899083,0.0177752294,1.0
29151,"Osage County, MO",35.0,13399.0,261.2,Osage County,MO,73660.0,0.9200530035,0.0045292545,0.0115087615,1.0
29153,"Ozark County, MO",46.0,8940.0,514.5,Ozark County,MO,45234.0,0.8333834586,0.0043478261,0.0232998885,1.0
29155,"Pemiscot County, MO",107.0,14841.0,721.0,Pemiscot County,MO,42080.0,0.8333333333,0.2569629782,0.0341476767,0.6603665155
29157,"Perry County, MO",70.0,18858.0,371.2,Perry County,MO,64302.0,0.8790420988,0.0070184697,0.0257519789,0.5746993037
29159,"Pettis County, MO",154.0,43353.0,355.2,Pettis County,MO,55021.0,0.8723671363,0.0330576614,0.1014243051,0.3940670079
29161,"Phelps County, MO",141.0,45313.0,311.2,Phelps County,MO,53151.0,0.9159571837,0.0251744546,0.0319097253,0.5382857655
29163,"Pike County, MO",66.0,17664.0,373.6,Pike County,MO,59147.0,0.8731878156,0.0598271536,0.0247003067,1.0
29165,"Platte County, MO",245.0,110534.0,221.7,Platte County,MO,96353.0,0.967003007,0.0839199571,0.072610327,0.1364156
29167,"Polk County, MO",126.0,32693.0,385.4,Polk County,MO,56628.0,0.8877541326,0.0091214155,0.0314215985,0.6724515372
29169,"Pulaski County, MO",110.0,53941.0,203.9,Pulaski County,MO,71856.0,0.9405227203,0.1046606705,0.1148442727,0.4129923084
29171,"Putnam County, MO",21.0,4666.0,450.1,Putnam County,MO,51967.0,0.9386376982,0.0023717119,0.0321259163,1.0
29173,"Ralls County, MO",50.0,10420.0,479.8,Ralls County,MO,68550.0,0.9111820237,0.0136333302,0.0128706264,0.9750845002
29175,"Randolph County, MO",91.0,24622.0,369.6,Randolph County,MO,59692.0,0.8975077336,0.0483222033,0.0272927123,0.5078896262
29177,"Ray County, MO",92.0,23107.0,398.1,Ray County,MO,70993.0,0.9023321816,0.012423432,0.0300232939,0.7406943605
29179,"Reynolds County, MO",24.0,6006.0,399.6,Reynolds County,MO,43674.0,0.8055307761,0.0152941176,0.0171428571,1.0
29181,"Ripley County, MO",70.0,10703.0,654.0,Ripley County,MO,43485.0,0.8369030198,0.0104571534,0.0173052008,1.0
29183,"St. Charles County, MO",996.0,413803.0,240.7,St. Charles County,MO,98765.0,0.9545152652,0.0608963205,0.0423679796,0.0565856162
29185,"St. Clair County, MO",59.0,9576.0,616.1,St. Clair County,MO,50578.0,0.8793078377,0.0072805578,0.0242001641,1.0
29186,"Ste. Genevieve County, MO",80.0,18644.0,429.1,Ste. Genevieve County,MO,71557.0,0.927250682,0.0174873941,0.0158244824,0.7300719736
29187,"St. Francois County, MO",252.0,66969.0,376.3,St. Francois County,MO,55578.0,0.8671951375,0.040412777,0.0198186644,0.4097606168
29189,"St. Louis County, MO",3296.0,990414.0,332.8,St. Louis County,MO,81631.0,0.9442346489,0.2503173569,0.0388234138,0.0135461222
29195,"Saline County, MO",74.0,23007.0,321.6,Saline County,MO,53943.0,0.8758644068,0.0569222092,0.1277278841,0.4226631809
29201,"Scott County, MO",203.0,37840.0,536.5,Scott County,MO,60088.0,0.8642782122,0.1213808757,0.0268943493,0.4599700465
29203,"Shannon County, MO",37.0,7193.0,514.4,Shannon County,MO,44439.0,0.8656658218,0.0063553468,0.0280464217,1.0
29205,"Shelby County, MO",30.0,5982.0,501.5,Shelby County,MO,56121.0,0.8996398559,0.0134884505,0.0232675771,1.0
29207,"Stoddard County, MO",138.0,28377.0,486.3,Stoddard County,MO,51741.0,0.8236851306,0.0136986301,0.0233827517,0.6639578683
29209,"Stone County, MO",150.0,32136.0,466.8,Stone County,MO,62394.0,0.9178638098,0.0055422867,0.0316614612,0.8292894838
29211,"Sullivan County, MO",24.0,5840.0,411.0,Sullivan County,MO,51492.0,0.8584518929,0.0263929619,0.1790581335,1.0
29213,"Taney County, MO",260.0,56821.0,457.6,Taney County,MO,54514.0,0.9070324575,0.0162043153,0.0758256275,0.3717226126
29215,"Texas County, MO",119.0,25336.0,469.7,Texas County,MO,47273.0,0.8564420637,0.0394628986,0.0259572973,0.9938334627
29217,"Vernon County, MO",98.0,19651.0,498.7,Vernon County,MO,53602.0,0.8819444444,0.0095890411,0.0284119736,0.5672096209
29219,"Warren County, MO",117.0,37260.0,314.0,Warren County,MO,77075.0,0.8923841718,0.0231444744,0.0419774639,0.7355060227
29221,"Washington County, MO",86.0,23441.0,366.9,Washington County,MO,49510.0,0.831828167,0.0275346307,0.0116852214,1.0
29223,"Wayne County, MO",38.0,10792.0,352.1,Wayne County,MO,41315.0,0.8072184194,0.0100823236,0.0160947183,1.0
29225,"Webster County, MO",144.0,40335.0,357.0,Webster County,MO,69841.0,0.8848037311,0.0117669753,0.0250771605,0.8071638736
29229,"Wright County, MO",98.0,19156.0,511.6,Wright County,MO,47612.0,0.828166519,0.008555378,0.0290676699,0.7763360457
29510,"St. Louis city, MO",946.0,286578.0,330.1,St. Louis city,MO,55231.0,0.9047435657,0.4275396268,0.0526842565,0.0
30001,"Beaverhead County, MT",33.0,9719.0,339.5,Beaverhead County,MT,63084.0,0.9301115242,0.0039453718,0.0536165908,0.5273716786
30003,"Big Horn County, MT",26.0,12851.0,202.3,Big Horn County,MT,51259.0,0.8845228549,0.0041565367,0.0504274175,1.0
30007,"Broadwater County, MT",24.0,7793.0,308.0,Broadwater County,MT,72933.0,0.9096868172,0.0062250996,0.0377241036,1.0
30009,"Carbon County, MT",30.0,11179.0,268.4,Carbon County,MT,72463.0,0.9671406381,0.0079691742,0.0307382433,1.0
30013,"Cascade County, MT",231.0,84864.0,272.2,Cascade County,MT,65018.0,0.9389778007,0.0139811543,0.0539929329,0.2051436965
30017,"Custer County, MT",49.0,12032.0,407.2,Custer County,MT,58850.0,0.9471053243,0.0077596996,0.0347934919,0.2224656611
30021,"Dawson County, MT",31.0,8830.0,351.1,Dawson County,MT,60663.0,0.9433327997,0.0059023837,0.0380249716,0.2533557047
30023,"Deer Lodge County, MT",28.0,9510.0,294.4,Deer Lodge County,MT,56648.0,0.9279873384,0.0045487439,0.0362865709,0.2891412801
30027,"Fergus County, MT",42.0,11663.0,360.1,Fergus County,MT,63717.0,0.9423552988,0.00382263,0.0255691471,0.4737026035
30029,"Flathead County, MT",323.0,111814.0,288.9,Flathead County,MT,74150.0,0.9562239275,0.0031492184,0.039488384,0.514953477
30031,"Gallatin County, MT",204.0,124857.0,163.4,Gallatin County,MT,90942.0,0.9716415082,0.0048097841,0.0549327975,0.3475622058
30035,"Glacier County, MT",47.0,13681.0,343.5,Glacier County,MT,51416.0,0.8557518933,0.0034535969,0.0311558527,1.0
30041,"Hill County, MT",58.0,16068.0,361.0,Hill County,MT,51435.0,0.9122019355,0.0058982551,0.0376013763,0.397510577
30043,"Jefferson County, MT",40.0,12826.0,311.9,Jefferson County,MT,85163.0,0.9397865854,0.0056713673,0.0307326793,1.0
30047,"Lake County, MT",96.0,32853.0,292.2,Lake County,MT,60882.0,0.9298959947,0.0041694163,0.0451136841,0.8212886234
30049,"Lewis and Clark County, MT",195.0,73832.0,264.1,Lewis and Clark County,MT,76816.0,0.9485044353,0.0050259295,0.0420205037,0.2619728629
30053,"Lincoln County, MT",117.0,21525.0,543.6,Lincoln County,MT,51941.0,0.9188187245,0.0042932176,0.0319707696,0.7793871017
30057,"Madison County, MT",36.0,9265.0,388.6,Madison County,MT,73316.0,0.9538439756,0.0080873858,0.0440079824,1.0
30061,"Mineral County, MT",20.0,5058.0,395.4,Mineral County,MT,58832.0,0.9332034512,0.005697446,0.0410609037,1.0
30063,"Missoula County, MT",287.0,121041.0,237.1,Missoula County,MT,72882.0,0.9657812234,0.0048338517,0.0498403762,0.2528196605
30067,"Park County, MT",41.0,17790.0,230.5,Park County,MT,63958.0,0.9668874172,0.0046360945,0.0363067642,0.4561107556
30073,"Pondera County, MT",20.0,6078.0,329.1,Pondera County,MT,47659.0,0.8679018287,0.0050612245,0.0269387755,1.0
30077,"Powell County, MT",28.0,7051.0,397.1,Powell County,MT,61354.0,0.9314399421,0.0123370251,0.0329454647,1.0
30081,"Ravalli County, MT",140.0,47298.0,296.0,Ravalli County,MT,70624.0,0.9325071662,0.0040847962,0.0439272697,0.8444786526
30083,"Richland County, MT",36.0,11237.0,320.4,Richland County,MT,74540.0,0.9623414376,0.0054595901,0.0568334378,0.4324253764
30085,"Roosevelt County, MT",32.0,10572.0,302.7,Roosevelt County,MT,51596.0,0.9182144021,0.0045547049,0.0309138482,1.0
30087,"Rosebud County, MT",23.0,8088.0,284.4,Rosebud County,MT,60218.0,0.9136161147,0.0035539216,0.0447303922,1.0
30089,"Sanders County, MT",50.0,13442.0,372.0,Sanders County,MT,54599.0,0.9222154964,0.003069278,0.0369044139,1.0
30093,"Silver Bow County, MT",147.0,36068.0,407.6,Silver Bow County,MT,58406.0,0.9400812041,0.0057480748,0.0465071507,0.1387584322
30095,"Stillwater County, MT",28.0,9177.0,305.1,Stillwater County,MT,81392.0,0.9307365868,0.0025073586,0.0378284095,1.0
30099,"Teton County, MT",20.0,6368.0,314.1,Teton County,MT,71393.0,0.9090909091,0.0026438569,0.0222395023,1.0
30105,"Valley County, MT",32.0,7513.0,425.9,Valley County,MT,63507.0,0.9465280356,0.0058870752,0.0256890554,1.0
30111,"Yellowstone County, MT",463.0,169852.0,272.6,Yellowstone County,MT,70221.0,0.9526820721,0.0060113672,0.0676644639,0.1648445041
31001,"Adams County, NE",102.0,30970.0,329.4,Adams County,NE,66695.0,0.9186729301,0.0104857762,0.1274798537,0.205031245
31011,"Boone County, NE",28.0,5385.0,520.0,Boone County,NE,66345.0,0.9380364807,0.0058380414,0.0459510358,1.0
31013,"Box Butte County, NE",42.0,10672.0,393.6,Box Butte County,NE,66613.0,0.9235024285,0.0182379349,0.1309390198,0.2511529238
31019,"Buffalo County, NE",132.0,50586.0,260.9,Buffalo County,NE,76686.0,0.9346724055,0.0108093181,0.1091386078,0.3106381279
31021,"Burt County, NE",36.0,6755.0,532.9,Burt County,NE,67113.0,0.9222059132,0.0083246618,0.0376096328,1.0
31023,"Butler County, NE",32.0,8427.0,379.7,Butler County,NE,74710.0,0.9177987962,0.0081569926,0.0634826812,1.0
31025,"Cass County, NE",71.0,27122.0,261.8,Cass County,NE,83291.0,0.957879487,0.00801574,0.0431392553,0.7497932175
31027,"Cedar County, NE",31.0,8371.0,370.3,Cedar County,NE,69895.0,0.9614626277,0.0048414427,0.0267489712,1.0
31033,"Cheyenne County, NE",36.0,9511.0,378.5,Cheyenne County,NE,60177.0,0.9292022152,0.0078608112,0.0911854103,0.3417828475
31037,"Colfax County, NE",23.0,10444.0,220.2,Colfax County,NE,70792.0,0.7672532517,0.0518644709,0.4805035018,0.3836703837
31039,"Cuming County, NE",36.0,8929.0,403.2,Cuming County,NE,65814.0,0.9208002646,0.0044853106,0.1235703072,1.0
31041,"Custer County, NE",48.0,10476.0,458.2,Custer County,NE,65151.0,0.9401475813,0.0080332672,0.040449863,1.0
31043,"Dakota County, NE",66.0,21042.0,313.7,Dakota County,NE,70126.0,0.8109032847,0.0823772804,0.4191743464,0.2060513391
31045,"Dawes County, NE",38.0,8241.0,461.1,Dawes County,NE,54925.0,0.9569998037,0.0168449527,0.0533628427,0.3987071594
31047,"Dawson County, NE",64.0,23884.0,268.0,Dawson County,NE,67619.0,0.7783046444,0.0667635458,0.3752958273,0.5670855626
31053,"Dodge County, NE",116.0,36997.0,313.5,Dodge County,NE,66833.0,0.8920440636,0.009573238,0.1843655041,0.2387870961
31055,"Douglas County, NE",1258.0,586327.0,214.6,Douglas County,NE,77747.0,0.9148081697,0.1100145876,0.1469806968,0.0243616195
31059,"Fillmore County, NE",24.0,5553.0,432.2,Fillmore County,NE,69021.0,0.9466148993,0.005407354,0.0394736842,1.0
31067,"Gage County, NE",92.0,21583.0,426.3,Gage County,NE,66947.0,0.927513332,0.0070259776,0.0358694647,0.4405639513
31079,"Hall County, NE",134.0,62097.0,215.8,Hall County,NE,69725.0,0.8469579134,0.0309178899,0.3301123848,0.1239526194
31081,"Hamilton County, NE",26.0,9429.0,275.7,Hamilton County,NE,84805.0,0.9708255742,0.0046136101,0.0477089231,1.0
31089,"Holt County, NE",32.0,10043.0,318.6,Holt County,NE,65815.0,0.9304688634,0.0054493213,0.0596452987,1.0
31093,"Howard County, NE",20.0,6515.0,307.0,Howard County,NE,68795.0,0.9524450426,0.0056687605,0.0350850314,1.0
31095,"Jefferson County, NE",43.0,7154.0,601.1,Jefferson County,NE,63707.0,0.931096108,0.005528778,0.0574142331,0.4459944751
31097,"Johnson County, NE",24.0,5287.0,453.9,Johnson County,NE,64134.0,0.8839499601,0.0713736052,0.1152366295,1.0
31099,"Kearney County, NE",24.0,6690.0,358.7,Kearney County,NE,77458.0,0.9401913876,0.0033973412,0.0726735598,1.0
31101,"Keith County, NE",31.0,8269.0,374.9,Keith County,NE,57160.0,0.9078341014,0.0081350918,0.0946628867,0.4335932813
31107,"Knox County, NE",56.0,8336.0,671.8,Knox County,NE,60057.0,0.9274882343,0.0051819716,0.0309713184,1.0
31109,"Lancaster County, NE",784.0,324756.0,241.4,Lancaster County,NE,71171.0,0.9348730702,0.0420059011,0.0867083338,0.0973038486
31111,"Lincoln County, NE",142.0,33685.0,421.6,Lincoln County,NE,63632.0,0.9344152022,0.011029522,0.094170538,0.3199330949
31119,"Madison County, NE",110.0,35368.0,311.0,Madison County,NE,68218.0,0.9219711642,0.0125185954,0.164903023,0.2735984263
31121,"Merrick County, NE",33.0,7721.0,427.4,Merrick County,NE,72297.0,0.9240295749,0.0045132173,0.0616376531,1.0
31123,"Morrill County, NE",22.0,4527.0,486.0,Morrill County,NE,62245.0,0.9088599555,0.0053285968,0.1485346359,1.0
31127,"Nemaha County, NE",21.0,7035.0,298.5,Nemaha County,NE,65868.0,0.8943494263,0.0146975692,0.0333521764,1.0
31131,"Otoe County, NE",64.0,16198.0,395.1,Otoe County,NE,76448.0,0.9347648818,0.0104071013,0.0909090909,0.5588235294
31137,"Phelps County, NE",23.0,8988.0,255.9,Phelps County,NE,70550.0,0.9205699312,0.0045268853,0.072098929,0.391837645
31139,"Pierce County, NE",26.0,7332.0,354.6,Pierce County,NE,78454.0,0.9440064686,0.0052061926,0.0312371558,1.0
31141,"Platte County, NE",84.0,34296.0,244.9,Platte County,NE,76785.0,0.8979008486,0.0110375914,0.2425091739,0.2757756007
31143,"Polk County, NE",26.0,5166.0,503.3,Polk County,NE,79938.0,0.9331131296,0.0040168324,0.0682861515,1.0
31145,"Red Willow County, NE",40.0,10573.0,378.3,Red Willow County,NE,60614.0,0.953423898,0.0131969016,0.0626374677,0.3090076621
31147,"Richardson County, NE",39.0,7705.0,506.2,Richardson County,NE,60839.0,0.9168011476,0.0046820133,0.0251007933,0.4749078897
31151,"Saline County, NE",43.0,14116.0,304.6,Saline County,NE,76586.0,0.7982963853,0.0114050155,0.2971487461,0.5130842429
31153,"Sarpy County, NE",357.0,196553.0,181.6,Sarpy County,NE,101902.0,0.9567340965,0.0429744955,0.1182874238,0.0515676481
31155,"Saunders County, NE",61.0,23118.0,263.9,Saunders County,NE,85732.0,0.9608902612,0.0059668414,0.0281293952,0.7853487746
31157,"Scotts Bluff County, NE",115.0,35603.0,323.0,Scotts Bluff County,NE,57571.0,0.8949205437,0.0074231771,0.2413512984,0.30428999
31159,"Seward County, NE",68.0,17692.0,384.4,Seward County,NE,81819.0,0.9491785521,0.0078659951,0.0305019524,0.5756147425
31169,"Thayer County, NE",22.0,4885.0,450.4,Thayer County,NE,63574.0,0.9443807339,0.007869124,0.035203976,1.0
31173,"Thurston County, NE",21.0,6507.0,322.7,Thurston County,NE,57810.0,0.9236599892,0.0057953332,0.0558182095,1.0
31177,"Washington County, NE",46.0,21167.0,217.3,Washington County,NE,88234.0,0.9594904991,0.008698941,0.0358831316,0.616534867
31179,"Wayne County, NE",20.0,9871.0,202.6,Wayne County,NE,68309.0,0.9510899432,0.016811829,0.1016811829,0.3833144271
31185,"York County, NE",60.0,14354.0,418.0,York County,NE,73671.0,0.917466611,0.0171356924,0.063039844,0.4358938053
32001,"Churchill County, NV",96.0,25843.0,371.5,Churchill County,NV,72065.0,0.9202097666,0.0222454753,0.1571522691,0.3434315723
32003,"Clark County, NV",6612.0,2322985.0,284.6,Clark County,NV,75103.0,0.8681388995,0.1269320496,0.3213402706,0.0126892496
32005,"Douglas County, NV",194.0,49628.0,390.9,Douglas County,NV,82025.0,0.93741559,0.0071652034,0.1309920274,0.297304397
32007,"Elko County, NV",129.0,54046.0,238.7,Elko County,NV,85829.0,0.872139204,0.0103512423,0.2618017056,0.5179881569
32013,"Humboldt County, NV",31.0,17272.0,179.5,Humboldt County,NV,81500.0,0.8723516484,0.0091036415,0.2766106443,0.3898756147
32015,"Lander County, NV",30.0,5766.0,520.3,Lander County,NV,87398.0,0.892462053,0.0084936731,0.233142659,1.0
32019,"Lyon County, NV",218.0,61585.0,354.0,Lyon County,NV,75195.0,0.8766995801,0.012063979,0.2027227841,0.4462564362
32021,"Mineral County, NV",22.0,4525.0,486.2,Mineral County,NV,58039.0,0.9072605247,0.0395318021,0.1395759717,1.0
32023,"Nye County, NV",305.0,54738.0,557.2,Nye County,NV,63071.0,0.8665540541,0.0388011486,0.1790559943,0.2731678006
32031,"Washoe County, NV",1501.0,496745.0,302.2,Washoe County,NV,84282.0,0.8868885889,0.0254868259,0.2648316741,0.0417170272
32033,"White Pine County, NV",35.0,8788.0,398.3,White Pine County,NV,70635.0,0.8829356146,0.0307439568,0.1678009857,0.5093612335
32510,"Carson City, NV",255.0,58130.0,438.7,Carson City,NV,72823.0,0.8909388413,0.021676201,0.2666620718,0.0597895598
33001,"Belknap County, NH",227.0,64781.0,350.4,Belknap County,NH,91333.0,0.9380710452,0.0068586895,0.0237439833,0.5445412448
33003,"Carroll County, NH",156.0,52199.0,298.9,Carroll County,NH,77303.0,0.9557450364,0.0059487492,0.0180178462,0.8947851598
33005,"Cheshire County, NH",204.0,77350.0,263.7,Cheshire County,NH,84008.0,0.9398859625,0.0086611843,0.0271418092,0.6911899343
33007,"Coos County, NH",135.0,31504.0,428.5,Coos County,NH,59592.0,0.8953341225,0.0085426495,0.0243529262,0.6911219138
33009,"Grafton County, NH",295.0,91126.0,323.7,Grafton County,NH,81537.0,0.9389441446,0.0137740751,0.0292229403,0.6567527821
33011,"Hillsborough County, NH",1093.0,426594.0,256.2,Hillsborough County,NH,103181.0,0.9298567166,0.0281312448,0.088163443,0.2443720932
33013,"Merrimack County, NH",409.0,156020.0,262.1,Merrimack County,NH,91357.0,0.9371508629,0.0180009293,0.0282617137,0.5464995319
33015,"Rockingham County, NH",805.0,319424.0,252.0,Rockingham County,NH,109660.0,0.9610440998,0.0089775452,0.0384391108,0.2901017264
33017,"Strafford County, NH",332.0,132275.0,251.0,Strafford County,NH,84762.0,0.9465695135,0.0126610779,0.033052393,0.3673647136
33019,"Sullivan County, NH",165.0,43958.0,375.4,Sullivan County,NH,74730.0,0.9114370929,0.0098933339,0.021560645,0.7813668346
34001,"Atlantic County, NJ",871.0,275638.0,316.0,Atlantic County,NJ,75904.0,0.888563278,0.144491721,0.205422709,0.1493512643
34003,"Bergen County, NJ",2207.0,952997.0,231.6,Bergen County,NJ,116157.0,0.9291410677,0.0568204599,0.2329525047,0.0012105904
34005,"Burlington County, NJ",1382.0,466103.0,296.5,Burlington County,NJ,102384.0,0.9440004096,0.176167548,0.0998898047,0.0976962716
34007,"Camden County, NJ",1454.0,524907.0,277.0,Camden County,NJ,82678.0,0.8983476179,0.1888747259,0.1951930591,0.0130777386
34009,"Cape May County, NJ",461.0,95634.0,482.0,Cape May County,NJ,81007.0,0.9463877489,0.0384525949,0.0838917662,0.1859588718
34011,"Cumberland County, NJ",504.0,151356.0,333.0,Cumberland County,NJ,64240.0,0.8127159775,0.1792930951,0.3611464885,0.2449076236
34013,"Essex County, NJ",1779.0,849477.0,209.4,Essex County,NJ,80005.0,0.8679659993,0.3724282325,0.252549297,0.0001377749
34015,"Gloucester County, NJ",885.0,306601.0,288.6,Gloucester County,NJ,96965.0,0.9399632642,0.1126115757,0.0869325569,0.1131679755
34017,"Hudson County, NJ",1198.0,703366.0,170.3,Hudson County,NJ,88469.0,0.8788916242,0.1139152227,0.4076561508,0.0
34019,"Hunterdon County, NJ",288.0,129777.0,221.9,Hunterdon County,NJ,136407.0,0.9580435151,0.0261093998,0.095888096,0.5834722793
34021,"Mercer County, NJ",1023.0,380688.0,268.7,Mercer County,NJ,95502.0,0.8992559598,0.1882799584,0.2332768274,0.0507796768
34023,"Middlesex County, NJ",1894.0,861418.0,219.9,Middlesex County,NJ,104637.0,0.8930061304,0.1047019359,0.2398662379,0.0097652584
34025,"Monmouth County, NJ",1922.0,644098.0,298.4,Monmouth County,NJ,117752.0,0.9418510443,0.0634770745,0.1299410858,0.0512884255
34027,"Morris County, NJ",1252.0,511151.0,244.9,Morris County,NJ,134308.0,0.9510717627,0.0357740614,0.1628309776,0.0855493486
34029,"Ocean County, NJ",2783.0,655735.0,424.4,Ocean County,NJ,85239.0,0.9334190911,0.033005308,0.1099731947,0.0369317781
34031,"Passaic County, NJ",1187.0,513936.0,231.0,Passaic County,NJ,81823.0,0.8510724077,0.0959962602,0.4465703795,0.0283123266
34033,"Salem County, NJ",253.0,65117.0,388.5,Salem County,NJ,84008.0,0.9009104336,0.1384186844,0.1185833665,0.5315791909
34035,"Somerset County, NJ",742.0,346875.0,213.9,Somerset County,NJ,140242.0,0.9384942066,0.0978609227,0.178788678,0.0753153946
34037,"Sussex County, NJ",407.0,146084.0,278.6,Sussex County,NJ,109884.0,0.9542133555,0.02734514,0.1272069088,0.4863646764
34039,"Union County, NJ",1254.0,569815.0,220.1,Union County,NJ,100031.0,0.8627579002,0.2054245835,0.352678244,0.0
34041,"Warren County, NJ",356.0,110926.0,320.9,Warren County,NJ,98857.0,0.9398685131,0.0654460145,0.1368424837,0.4322004524
35001,"Bernalillo County, NM",1791.0,672508.0,266.3,Bernalillo County,NM,68286.0,0.9040902917,0.0284788545,0.4914292436,0.0398140866
35003,"Catron County, NM",20.0,3827.0,522.6,Catron County,NM,45802.0,0.9758916777,0.0067973856,0.179869281,1.0
35005,"Chaves County, NM",239.0,63894.0,374.1,Chaves County,NM,51179.0,0.8094262783,0.0165352968,0.5905508095,0.2505640223
35006,"Cibola County, NM",50.0,26950.0,185.5,Cibola County,NM,47530.0,0.8540205073,0.0139283047,0.3346900672,0.6330045635
35007,"Colfax County, NM",52.0,12246.0,424.6,Colfax County,NM,54255.0,0.9051173861,0.0084863321,0.4731130151,0.5455719706
35009,"Curry County, NM",140.0,47532.0,294.5,Curry County,NM,53858.0,0.821564596,0.0562873237,0.4623480581,0.1882304357
35013,"Dona Ana County, NM",555.0,223337.0,248.5,Dona Ana County,NM,56233.0,0.8265453568,0.0182895964,0.6797522313,0.2248623389
35015,"Eddy County, NM",176.0,60400.0,291.4,Eddy County,NM,66485.0,0.8430723722,0.0145665699,0.5207465782,0.2202233848
35017,"Grant County, NM",125.0,27686.0,451.5,Grant County,NM,48454.0,0.8966219163,0.0096097845,0.4795064065,0.404222104
35025,"Lea County, NM",169.0,72452.0,233.3,Lea County,NM,60820.0,0.7558187389,0.0342158916,0.6315862471,0.2489154523
35027,"Lincoln County, NM",85.0,20411.0,416.4,Lincoln County,NM,59386.0,0.917893401,0.0069898647,0.333666184,0.4552271942
35028,"Los Alamos County, NM",43.0,19187.0,224.1,Los Alamos County,NM,146208.0,0.9831085877,0.0133717342,0.181495577,0.049796591
35029,"Luna County, NM",105.0,25749.0,407.8,Luna County,NM,38641.0,0.7590589673,0.0128772318,0.6764496761,0.4134974633
35031,"McKinley County, NM",154.0,69830.0,220.5,McKinley County,NM,41427.0,0.8088072337,0.0052473218,0.1237699318,0.6646456887
35035,"Otero County, NM",211.0,68823.0,306.6,Otero County,NM,51298.0,0.8729192848,0.0366819205,0.4002469674,0.5459691328
35037,"Quay County, NM",45.0,8546.0,526.6,Quay County,NM,43312.0,0.876956794,0.0168037603,0.4517038778,0.4034987423
35039,"Rio Arriba County, NM",112.0,40048.0,279.7,Rio Arriba County,NM,51703.0,0.863876225,0.0068211456,0.6697010733,0.5640561901
35041,"Roosevelt County, NM",39.0,18934.0,206.0,Roosevelt County,NM,51111.0,0.8588518882,0.0208654921,0.4527066589,0.3641811266
35043,"Sandoval County, NM",381.0,153501.0,248.2,Sandoval County,NM,81557.0,0.9261333734,0.0233172584,0.4049738354,0.191548974
35045,"San Juan County, NM",292.0,120418.0,242.5,San Juan County,NM,57296.0,0.86445351,0.0055355293,0.1991464678,0.3520355743
35047,"San Miguel County, NM",86.0,26953.0,319.1,San Miguel County,NM,46318.0,0.8571643739,0.0172491375,0.75059997,0.4658284622
35049,"Santa Fe County, NM",373.0,155664.0,239.6,Santa Fe County,NM,78366.0,0.9144310278,0.0100412937,0.4768524456,0.3503807574
35051,"Sierra County, NM",77.0,11436.0,673.3,Sierra County,NM,40498.0,0.9018584936,0.0101845404,0.302402507,0.333707671
35053,"Socorro County, NM",49.0,16115.0,304.1,Socorro County,NM,46070.0,0.8469676932,0.0097099543,0.5028503414,0.5105754745
35055,"Taos County, NM",100.0,34580.0,289.2,Taos County,NM,53935.0,0.9335383692,0.0059003052,0.5048103473,0.5457972107
35057,"Torrance County, NM",55.0,15454.0,355.9,Torrance County,NM,44780.0,0.8653934441,0.013625024,0.4372801126,1.0
35059,"Union County, NM",20.0,3980.0,502.5,Union County,NM,45458.0,0.8892045455,0.0229566095,0.4066599395,1.0
35061,"Valencia County, NM",209.0,78080.0,267.7,Valencia County,NM,56785.0,0.8591923186,0.0143667631,0.610960185,0.2997178663
36001,"Albany County, NY",891.0,315811.0,282.1,Albany County,NY,81193.0,0.9315769202,0.1295399783,0.073451252,0.0956810906
36003,"Allegany County, NY",160.0,46694.0,342.7,Allegany County,NY,57488.0,0.9162470628,0.0147049367,0.0220788408,0.8850740486
36005,"Bronx County, NY",3716.0,1379946.0,269.3,Bronx County,NY,46894.0,0.7529963439,0.300200667,0.5501365302,6.7904613e-07
36007,"Broome County, NY",724.0,197117.0,367.3,Broome County,NY,63590.0,0.9101161369,0.0597826364,0.0571867175,0.2494727782
36009,"Cattaraugus County, NY",301.0,76439.0,393.8,Cattaraugus County,NY,55944.0,0.892208553,0.0146560847,0.0246031746,0.6180914306
36011,"Cayuga County, NY",248.0,74998.0,330.7,Cayuga County,NY,66431.0,0.8892829859,0.036477143,0.0371886957,0.5877531214
36013,"Chautauqua County, NY",490.0,126027.0,388.8,Chautauqua County,NY,56040.0,0.8997368035,0.0205859509,0.0979894468,0.4406887206
36015,"Chemung County, NY",356.0,81426.0,437.2,Chemung County,NY,60456.0,0.9088482858,0.0578911774,0.0389917,0.2590673575
36017,"Chenango County, NY",211.0,46458.0,454.2,Chenango County,NY,57407.0,0.8872993306,0.0092987805,0.0258928571,0.8335874629
36019,"Clinton County, NY",242.0,78753.0,307.3,Clinton County,NY,64282.0,0.8819051088,0.0300198425,0.0344108046,0.6373132272
36021,"Columbia County, NY",212.0,61286.0,345.9,Columbia County,NY,73112.0,0.9151630263,0.0426988589,0.0637671573,0.8276758161
36023,"Cortland County, NY",128.0,46126.0,277.5,Cortland County,NY,63890.0,0.9091189156,0.0198461269,0.0356268578,0.4687773719
36025,"Delaware County, NY",216.0,44740.0,482.8,Delaware County,NY,56163.0,0.9041401562,0.0191848683,0.0500562936,0.9054798231
36027,"Dutchess County, NY",931.0,297545.0,312.9,Dutchess County,NY,96374.0,0.91807645,0.1053979472,0.1593168433,0.317396109
36029,"Erie County, NY",2849.0,950312.0,299.8,Erie County,NY,70443.0,0.9243553878,0.1280509265,0.0644540436,0.1030856098
36031,"Essex County, NY",138.0,36910.0,373.9,Essex County,NY,70902.0,0.915035618,0.0169136642,0.0288783141,0.8650116369
36033,"Franklin County, NY",129.0,46373.0,278.2,Franklin County,NY,63624.0,0.8732154591,0.0298481786,0.0288159649,0.702008201
36035,"Fulton County, NY",228.0,52669.0,432.9,Fulton County,NY,63409.0,0.8849580713,0.017459892,0.0457364935,0.507051234
36037,"Genesee County, NY",180.0,57535.0,312.9,Genesee County,NY,71749.0,0.9254285167,0.0263519269,0.0488275478,0.6212064123
36039,"Greene County, NY",186.0,48061.0,387.0,Greene County,NY,70789.0,0.8880063981,0.0443457567,0.0682928902,0.7320940519
36043,"Herkimer County, NY",205.0,59822.0,342.7,Herkimer County,NY,63771.0,0.9170006524,0.0149788178,0.0299744469,0.5260147325
36045,"Jefferson County, NY",299.0,116637.0,256.4,Jefferson County,NY,61664.0,0.9130382358,0.0564349621,0.0795386237,0.4938014582
36047,"Kings County, NY",6389.0,2590516.0,246.6,Kings County,NY,76353.0,0.8418376426,0.2861290984,0.188596082,0.0
36049,"Lewis County, NY",80.0,26699.0,299.6,Lewis County,NY,64941.0,0.9136223413,0.0070061775,0.0181934609,1.0
36051,"Livingston County, NY",144.0,61516.0,234.1,Livingston County,NY,70185.0,0.9257714162,0.0179207953,0.0473037052,0.7137820616
36053,"Madison County, NY",194.0,67097.0,289.1,Madison County,NY,73680.0,0.9328110419,0.0191270304,0.0274353342,0.691601976
36055,"Monroe County, NY",1904.0,752035.0,253.2,Monroe County,NY,73263.0,0.9177525869,0.1463508808,0.1005261316,0.0812016175
36057,"Montgomery County, NY",190.0,49623.0,382.9,Montgomery County,NY,61463.0,0.8852401543,0.0265759196,0.1568830011,0.4542719858
36059,"Nassau County, NY",4339.0,1383726.0,313.6,Nassau County,NY,140466.0,0.9214587886,0.1167585211,0.1876935547,0.0042908093
36061,"New York County, NY",3532.0,1596273.0,221.3,New York County,NY,100869.0,0.8917320148,0.1297166548,0.2439517707,0.0
36063,"Niagara County, NY",794.0,210880.0,376.5,Niagara County,NY,65932.0,0.920315719,0.0722152996,0.0409487389,0.2997235101
36065,"Oneida County, NY",702.0,228846.0,306.8,Oneida County,NY,61566.0,0.8893184719,0.0625826723,0.0723956846,0.3435778137
36067,"Onondaga County, NY",1277.0,468249.0,272.7,Onondaga County,NY,74388.0,0.9174426339,0.1128041156,0.0606168768,0.1463938252
36069,"Ontario County, NY",328.0,112707.0,291.0,Ontario County,NY,79364.0,0.9332621595,0.0247568759,0.0584208936,0.448558573
36071,"Orange County, NY",840.0,405941.0,206.9,Orange County,NY,93492.0,0.8967645148,0.1142685351,0.2443689106,0.275821684
36073,"Orleans County, NY",138.0,39318.0,351.0,Orleans County,NY,65156.0,0.8672520838,0.0428381556,0.0553879971,0.6654933941
36075,"Oswego County, NY",339.0,118287.0,286.6,Oswego County,NY,68613.0,0.9000659918,0.0110949375,0.034368071,0.6272622846
36077,"Otsego County, NY",210.0,60636.0,346.3,Otsego County,NY,63863.0,0.9211974522,0.0252137179,0.0456042311,0.7271375846
36079,"Putnam County, NY",246.0,98045.0,250.9,Putnam County,NY,120930.0,0.9326624408,0.0351315521,0.2083418315,0.3502170619
36081,"Queens County, NY",5900.0,2278029.0,259.0,Queens County,NY,81399.0,0.8269196907,0.1770685145,0.2807673044,3.07633e-05
36083,"Rensselaer County, NY",459.0,159853.0,287.1,Rensselaer County,NY,82846.0,0.9272470796,0.0765198832,0.0622391011,0.3313163284
36085,"Richmond County, NY",1460.0,491133.0,297.3,Richmond County,NY,93337.0,0.8853629868,0.0897313359,0.1950754758,0.0
36087,"Rockland County, NY",694.0,339022.0,204.7,Rockland County,NY,105923.0,0.8769955032,0.1047484353,0.2082087516,0.0038985721
36089,"St. Lawrence County, NY",395.0,107733.0,366.6,St. Lawrence County,NY,57832.0,0.8911067721,0.0181129605,0.0255283336,0.6693516428
36091,"Saratoga County, NY",664.0,238797.0,278.1,Saratoga County,NY,94394.0,0.9422731122,0.0203802925,0.040458965,0.2848468636
36093,"Schenectady County, NY",508.0,160093.0,317.3,Schenectady County,NY,74791.0,0.9184336199,0.121586972,0.0832259759,0.0884848255
36095,"Schoharie County, NY",91.0,30063.0,302.7,Schoharie County,NY,63768.0,0.9198089142,0.0155123734,0.0416542103,0.8303829845
36097,"Schuyler County, NY",74.0,17650.0,419.3,Schuyler County,NY,65210.0,0.9079235592,0.0106814417,0.0215342434,1.0
36099,"Seneca County, NY",97.0,32882.0,295.0,Seneca County,NY,58581.0,0.8461474107,0.0301400352,0.0432470865,0.5791683918
36101,"Steuben County, NY",361.0,92599.0,389.9,Steuben County,NY,64261.0,0.9179255544,0.015342549,0.0207243766,0.5977731236
36103,"Suffolk County, NY",4329.0,1525465.0,283.8,Suffolk County,NY,123219.0,0.904836603,0.0785788848,0.2306748426,0.0196419209
36105,"Sullivan County, NY",231.0,79658.0,290.0,Sullivan County,NY,68063.0,0.8765445383,0.0882507508,0.1933933934,0.7505596256
36107,"Tioga County, NY",178.0,47772.0,372.6,Tioga County,NY,67616.0,0.9198901417,0.0111285759,0.0243948444,0.6640800743
36109,"Tompkins County, NY",190.0,104777.0,181.3,Tompkins County,NY,68222.0,0.958789869,0.0404507619,0.0649491106,0.4410629847
36111,"Ulster County, NY",628.0,182319.0,344.5,Ulster County,NY,84593.0,0.9174762702,0.0604662897,0.124003883,0.5612341972
36113,"Warren County, NY",218.0,65599.0,332.3,Warren County,NY,73115.0,0.9188281471,0.014729275,0.0310951361,0.3215540715
36115,"Washington County, NY",209.0,60841.0,343.5,Washington County,NY,71396.0,0.9031559406,0.0218162439,0.0296101387,0.7549835242
36117,"Wayne County, NY",284.0,91125.0,311.7,Wayne County,NY,73028.0,0.9099308572,0.0284820927,0.0537823823,0.7477953179
36119,"Westchester County, NY",2457.0,990427.0,248.1,Westchester County,NY,114020.0,0.8935459164,0.1340600737,0.2752274133,0.0453309599
36121,"Wyoming County, NY",124.0,39666.0,312.6,Wyoming County,NY,70775.0,0.8665182787,0.0413841951,0.0371344733,0.8996817251
36123,"Yates County, NY",69.0,24451.0,282.2,Yates County,NY,66155.0,0.8444125045,0.0109104282,0.0249673096,0.6855574393
37001,"Alamance County, NC",538.0,176353.0,305.1,Alamance County,NC,66395.0,0.885417997,0.2140205955,0.1543660871,0.2644459353
37003,"Alexander County, NC",113.0,36512.0,309.5,Alexander County,NC,62976.0,0.8557466475,0.0554656869,0.0580703534,0.8908462298
37005,"Alleghany County, NC",39.0,11185.0,348.7,Alleghany County,NC,46571.0,0.8311673242,0.0239816611,0.1152354082,1.0
37007,"Anson County, NC",115.0,22202.0,518.0,Anson County,NC,50503.0,0.8242482406,0.4689226835,0.046262045,0.7776921333
37009,"Ashe County, NC",128.0,27110.0,472.2,Ashe County,NC,54589.0,0.8750121206,0.0088681964,0.0612275062,1.0
37011,"Avery County, NC",73.0,17571.0,415.5,Avery County,NC,55922.0,0.8637541651,0.0390638346,0.062183247,1.0
37013,"Beaufort County, NC",211.0,44272.0,476.6,Beaufort County,NC,55960.0,0.8807825928,0.2285245386,0.079067467,0.6302741199
37015,"Bertie County, NC",87.0,17240.0,504.6,Bertie County,NC,44371.0,0.8197166114,0.5967970689,0.0250561399,1.0
37017,"Bladen County, NC",151.0,29446.0,512.8,Bladen County,NC,49661.0,0.8855598748,0.3170872338,0.095373762,1.0
37019,"Brunswick County, NC",549.0,153064.0,358.7,Brunswick County,NC,76797.0,0.9332941297,0.0870945963,0.057075342,0.3638152649
37021,"Buncombe County, NC",776.0,273589.0,283.6,Buncombe County,NC,71218.0,0.9230495243,0.0564514083,0.0856031693,0.2230341582
37023,"Burke County, NC",350.0,87881.0,398.3,Burke County,NC,55616.0,0.8512218903,0.0622155811,0.0856596255,0.4592326139
37025,"Cabarrus County, NC",532.0,235797.0,225.6,Cabarrus County,NC,85540.0,0.9181093957,0.2081319579,0.129574695,0.1727205895
37027,"Caldwell County, NC",350.0,80492.0,434.8,Caldwell County,NC,56239.0,0.8278117349,0.0504505175,0.0681113014,0.4282100878
37029,"Camden County, NC",33.0,11088.0,297.6,Camden County,NC,84656.0,0.9298032875,0.0930232558,0.0457933016,0.9475615645
37031,"Carteret County, NC",304.0,69380.0,438.2,Carteret County,NC,76397.0,0.9270379737,0.0485527544,0.0490411549,0.3059716928
37033,"Caswell County, NC",96.0,22614.0,424.5,Caswell County,NC,57865.0,0.8365124255,0.3045556189,0.0534046565,0.9982846587
37035,"Catawba County, NC",528.0,163462.0,323.0,Catawba County,NC,65898.0,0.8749878401,0.0832154028,0.1166327553,0.3515721312
37037,"Chatham County, NC",241.0,79864.0,301.8,Chatham County,NC,95716.0,0.9038664841,0.1080197001,0.1343354896,0.6403618011
37039,"Cherokee County, NC",116.0,29512.0,393.1,Cherokee County,NC,53926.0,0.9142631371,0.0159551387,0.039720952,1.0
37041,"Chowan County, NC",72.0,13940.0,516.5,Chowan County,NC,60808.0,0.8737734591,0.3161039522,0.0414656972,0.6841990079
37043,"Clay County, NC",48.0,11614.0,413.3,Clay County,NC,53229.0,0.8993554224,0.0139919083,0.0423971679,1.0
37045,"Cleveland County, NC",388.0,100670.0,385.4,Cleveland County,NC,61411.0,0.8746421859,0.2047091085,0.0497050642,0.6220118771
37047,"Columbus County, NC",239.0,49885.0,479.1,Columbus County,NC,50837.0,0.8651046915,0.2920532312,0.0582390615,0.8969638307
37049,"Craven County, NC",332.0,100874.0,329.1,Craven County,NC,61761.0,0.9177295269,0.1977712885,0.077565411,0.3537629071
37051,"Cumberland County, NC",847.0,336699.0,251.6,Cumberland County,NC,61511.0,0.9260009436,0.3804462991,0.1311551097,0.1384168638
37053,"Currituck County, NC",90.0,31015.0,290.2,Currituck County,NC,86047.0,0.9390295458,0.055708543,0.0544107872,0.9588256228
37055,"Dare County, NC",117.0,37956.0,308.3,Dare County,NC,79646.0,0.9522857243,0.0243243243,0.0734715298,0.220804551
37057,"Davidson County, NC",571.0,172586.0,330.8,Davidson County,NC,63551.0,0.8769982606,0.1038362967,0.0919773003,0.4771443793
37059,"Davie County, NC",149.0,44090.0,337.9,Davie County,NC,76153.0,0.9073043646,0.0635888697,0.0839929146,0.7044156209
37061,"Duplin County, NC",175.0,48990.0,357.2,Duplin County,NC,52947.0,0.8191306446,0.2373788368,0.2358844911,1.0
37063,"Durham County, NC",617.0,332680.0,185.5,Durham County,NC,81413.0,0.9071167444,0.3298683258,0.1540909253,0.0511308888
37065,"Edgecombe County, NC",243.0,48301.0,503.1,Edgecombe County,NC,49972.0,0.8438569574,0.5662065858,0.0630733945,0.4479550102
37067,"Forsyth County, NC",1074.0,389157.0,276.0,Forsyth County,NC,65556.0,0.8992224202,0.2559802098,0.1526362806,0.075814841
37069,"Franklin County, NC",192.0,74539.0,257.6,Franklin County,NC,70898.0,0.8766393768,0.2431916469,0.1160244672,0.7889256705
37071,"Gaston County, NC",706.0,234215.0,301.4,Gaston County,NC,67076.0,0.8805209654,0.1893172373,0.101921245,0.1886129427
37073,"Gates County, NC",50.0,10383.0,481.6,Gates County,NC,64047.0,0.8960815462,0.296335686,0.0210770569,1.0
37075,"Graham County, NC",37.0,7980.0,463.7,Graham County,NC,51841.0,0.8475514795,0.0162692499,0.032414307,1.0
37077,"Granville County, NC",177.0,61903.0,285.9,Granville County,NC,72896.0,0.8661947711,0.2980769231,0.114484178,0.7143395855
37079,"Greene County, NC",72.0,20211.0,356.2,Greene County,NC,52145.0,0.7783884042,0.3617145641,0.159327813,1.0
37081,"Guilford County, NC",1377.0,546101.0,252.2,Guilford County,NC,65890.0,0.9027797489,0.3500107299,0.1019830286,0.1415668605
37083,"Halifax County, NC",226.0,47848.0,472.3,Halifax County,NC,48520.0,0.8090737788,0.5268087446,0.0355194723,0.5605898564
37085,"Harnett County, NC",347.0,138832.0,249.9,Harnett County,NC,70074.0,0.886623482,0.2062101967,0.1556224687,0.6415608529
37087,"Haywood County, NC",259.0,62609.0,413.7,Haywood County,NC,64553.0,0.9160371569,0.0137210373,0.0506757293,0.4688431123
37089,"Henderson County, NC",430.0,118106.0,364.1,Henderson County,NC,63765.0,0.9111623553,0.0301434203,0.1296737398,0.3427903097
37091,"Hertford County, NC",84.0,20875.0,402.4,Hertford County,NC,48964.0,0.8471949509,0.5727651262,0.062098391,0.774452487
37093,"Hoke County, NC",106.0,53787.0,197.1,Hoke County,NC,60257.0,0.8886240772,0.3431289718,0.1578628366,0.4260973081
37097,"Iredell County, NC",502.0,195897.0,256.3,Iredell County,NC,84335.0,0.9121405033,0.120314456,0.0957488358,0.3185871993
37099,"Jackson County, NC",131.0,42955.0,305.0,Jackson County,NC,55462.0,0.8978229836,0.0222999955,0.0798671871,0.6666589343
37101,"Johnston County, NC",526.0,234778.0,224.0,Johnston County,NC,79666.0,0.8947712375,0.1782976173,0.1693372735,0.5300394909
37103,"Jones County, NC",46.0,9233.0,498.2,Jones County,NC,53001.0,0.8645591647,0.2736942878,0.0540368046,1.0
37105,"Lee County, NC",182.0,65476.0,278.0,Lee County,NC,62680.0,0.8513791214,0.1777091815,0.2178380232,0.4210160386
37107,"Lenoir County, NC",280.0,54633.0,512.5,Lenoir County,NC,51601.0,0.8247922619,0.4061572092,0.0917934238,0.618119807
37109,"Lincoln County, NC",266.0,93095.0,285.7,Lincoln County,NC,79109.0,0.8999416928,0.0598170891,0.0837627384,0.7373920055
37111,"McDowell County, NC",172.0,44753.0,384.3,McDowell County,NC,53697.0,0.8612028879,0.0390038536,0.0708128216,0.7301135089
37113,"Macon County, NC",159.0,38065.0,417.7,Macon County,NC,58765.0,0.9003686113,0.0141362074,0.1020514423,0.7471767439
37115,"Madison County, NC",82.0,21768.0,376.7,Madison County,NC,59505.0,0.9085423944,0.0154954465,0.0378777581,1.0
37117,"Martin County, NC",118.0,21508.0,548.6,Martin County,NC,49033.0,0.8330814759,0.4080757215,0.0449946379,0.7493531841
37119,"Mecklenburg County, NC",1982.0,1145392.0,173.0,Mecklenburg County,NC,84796.0,0.907949829,0.3099473146,0.1594473151,0.0084438835
37121,"Mitchell County, NC",75.0,15094.0,496.9,Mitchell County,NC,56746.0,0.8970917226,0.0080005334,0.0579371958,1.0
37123,"Montgomery County, NC",111.0,25894.0,428.7,Montgomery County,NC,55005.0,0.8395684612,0.1672608779,0.1590952655,1.0
37125,"Moore County, NC",399.0,105531.0,378.1,Moore County,NC,78955.0,0.9273456924,0.103668918,0.0781586185,0.4954325308
37127,"Nash County, NC",360.0,95789.0,375.8,Nash County,NC,65457.0,0.8639873798,0.4135120299,0.0835516981,0.496714752
37129,"New Hanover County, NC",584.0,234921.0,248.6,New Hanover County,NC,79106.0,0.9356466368,0.117533033,0.0791954851,0.0171066273
37131,"Northampton County, NC",96.0,16779.0,572.1,Northampton County,NC,44182.0,0.8453735014,0.5480705953,0.0270415794,0.8835212638
37133,"Onslow County, NC",421.0,207298.0,203.1,Onslow County,NC,66982.0,0.9322696478,0.1374744941,0.1424727157,0.362667175
37135,"Orange County, NC",251.0,150477.0,166.8,Orange County,NC,86736.0,0.9322213766,0.1131013238,0.1051677665,0.2904449346
37137,"Pamlico County, NC",79.0,12381.0,638.1,Pamlico County,NC,61996.0,0.900305499,0.1687998068,0.0527247847,1.0
37139,"Pasquotank County, NC",154.0,40938.0,376.2,Pasquotank County,NC,59463.0,0.8999928566,0.3485184828,0.0618907441,0.4505275094
37141,"Pender County, NC",192.0,65737.0,292.1,Pender County,NC,72161.0,0.9053306146,0.1196567476,0.0883670699,0.6100858761
37143,"Perquimans County, NC",65.0,13210.0,492.1,Perquimans County,NC,61157.0,0.8672403196,0.2058010017,0.0340136054,1.0
37145,"Person County, NC",133.0,39386.0,337.7,Person County,NC,64466.0,0.8908571429,0.2578453331,0.065178549,0.7570146047
37147,"Pitt County, NC",506.0,173542.0,291.6,Pitt County,NC,60268.0,0.9091361783,0.3551356506,0.0803739172,0.2685161798
37149,"Polk County, NC",98.0,19986.0,490.3,Polk County,NC,59012.0,0.9187331363,0.0400299103,0.0580757727,0.9141659768
37151,"Randolph County, NC",503.0,146043.0,344.4,Randolph County,NC,59336.0,0.8395988732,0.0680193682,0.1425219385,0.6018408695
37153,"Richmond County, NC",200.0,42778.0,467.5,Richmond County,NC,50242.0,0.8417847805,0.3112654759,0.0804271808,0.4450472687
37155,"Robeson County, NC",461.0,116663.0,395.2,Robeson County,NC,42180.0,0.7888203711,0.2285349125,0.1114216334,0.7601476015
37157,"Rockingham County, NC",424.0,91957.0,461.1,Rockingham County,NC,58508.0,0.8438811558,0.1850342636,0.0730128191,0.6091705454
37159,"Rowan County, NC",543.0,149645.0,362.9,Rowan County,NC,65139.0,0.8806459802,0.1635094058,0.1215342112,0.4220731915
37161,"Rutherford County, NC",308.0,64963.0,474.1,Rutherford County,NC,50714.0,0.8659725911,0.0921886211,0.0595050911,0.6778598473
37163,"Sampson County, NC",222.0,59120.0,375.5,Sampson County,NC,53637.0,0.8429031933,0.2400798644,0.2243754299,0.8422149197
37165,"Scotland County, NC",175.0,34162.0,512.3,Scotland County,NC,45604.0,0.8235874132,0.3899232022,0.0431987433,0.5252238544
37167,"Stanly County, NC",261.0,64153.0,406.8,Stanly County,NC,65784.0,0.8713268231,0.116774989,0.0595595062,0.7282093946
37169,"Stokes County, NC",175.0,45175.0,387.4,Stokes County,NC,61374.0,0.8990221152,0.0420144074,0.0409821664,0.8052336029
37171,"Surry County, NC",283.0,71403.0,396.3,Surry County,NC,58211.0,0.8264968052,0.0362710252,0.1261509614,0.7568071301
37173,"Swain County, NC",72.0,13967.0,515.5,Swain County,NC,54357.0,0.8714579055,0.0199770049,0.0602903133,1.0
37175,"Transylvania County, NC",119.0,33355.0,356.8,Transylvania County,NC,62002.0,0.9383151216,0.0308205908,0.0507913798,0.6041047717
37179,"Union County, NC",522.0,249070.0,209.6,Union County,NC,98776.0,0.9044168283,0.1200302591,0.1357953925,0.2763286565
37181,"Vance County, NC",180.0,42138.0,427.2,Vance County,NC,45408.0,0.8543709649,0.5005319023,0.0984137491,0.5327633989
37183,"Wake County, NC",2026.0,1175021.0,172.4,Wake County,NC,103084.0,0.9395001715,0.1934099263,0.1154472706,0.0515738306
37185,"Warren County, NC",83.0,18713.0,443.5,Warren County,NC,47866.0,0.8672503381,0.4811000212,0.0480993842,1.0
37187,"Washington County, NC",48.0,10828.0,443.3,Washington County,NC,47239.0,0.8555974843,0.4740035471,0.044338654,1.0
37189,"Watauga County, NC",112.0,55089.0,203.3,Watauga County,NC,62045.0,0.9244430197,0.0178454007,0.0582852342,0.4890359797
37191,"Wayne County, NC",449.0,117286.0,382.8,Wayne County,NC,56313.0,0.8640803938,0.3080565526,0.1396205113,0.5358850451
37193,"Wilkes County, NC",251.0,65784.0,381.6,Wilkes County,NC,50848.0,0.8187498689,0.0439307409,0.076091073,0.6984947475
37195,"Wilson County, NC",325.0,78449.0,414.3,Wilson County,NC,52620.0,0.8442379113,0.3876662024,0.1267696594,0.3794425264
37197,"Yadkin County, NC",148.0,37463.0,395.1,Yadkin County,NC,61626.0,0.8651176713,0.0321649812,0.1263832266,1.0
37199,"Yancey County, NC",73.0,18811.0,388.1,Yancey County,NC,54913.0,0.88113879,0.0084486218,0.0582426867,1.0
38003,"Barnes County, ND",29.0,10758.0,269.6,Barnes County,ND,70559.0,0.9533492823,0.0204176767,0.0213499907,0.3967566571
38005,"Benson County, ND",21.0,5770.0,364.0,Benson County,ND,60632.0,0.8848339815,0.0053959965,0.0196692776,1.0
38009,"Bottineau County, ND",26.0,6376.0,407.8,Bottineau County,ND,74272.0,0.9400715564,0.0067727201,0.0267758702,1.0
38015,"Burleigh County, ND",236.0,99280.0,237.7,Burleigh County,ND,86521.0,0.9519419292,0.0212774467,0.0341359037,0.2430782669
38017,"Cass County, ND",303.0,192734.0,157.2,Cass County,ND,75477.0,0.9582889852,0.0717755981,0.0380267058,0.0909470261
38021,"Dickey County, ND",24.0,4923.0,487.5,Dickey County,ND,72643.0,0.9135303266,0.0063265306,0.0418367347,1.0
38035,"Grand Forks County, ND",174.0,72413.0,240.3,Grand Forks County,ND,72369.0,0.9572139303,0.0406557738,0.0568713209,0.1922782561
38049,"McHenry County, ND",20.0,5189.0,385.4,McHenry County,ND,68973.0,0.9142473118,0.00721107,0.0247515104,1.0
38051,"McIntosh County, ND",20.0,2475.0,808.1,McIntosh County,ND,60218.0,0.884305835,0.01085209,0.036977492,1.0
38053,"McKenzie County, ND",20.0,13908.0,143.8,McKenzie County,ND,99157.0,0.9234905343,0.0173309009,0.1302975021,0.5452257889
38055,"McLean County, ND",33.0,9824.0,335.9,McLean County,ND,78277.0,0.9359619687,0.0053905614,0.0229861676,1.0
38057,"Mercer County, ND",27.0,8333.0,324.0,Mercer County,ND,85274.0,0.9041996964,0.0061379227,0.0282825851,1.0
38059,"Morton County, ND",121.0,33710.0,358.9,Morton County,ND,80159.0,0.9447046578,0.0151644785,0.0465555392,0.2889069118
38061,"Mountrail County, ND",36.0,9290.0,387.5,Mountrail County,ND,73541.0,0.8859533968,0.016092934,0.0887775765,1.0
38067,"Pembina County, ND",22.0,6763.0,325.3,Pembina County,ND,75603.0,0.9186164802,0.0090076565,0.0493919832,1.0
38071,"Ramsey County, ND",55.0,11515.0,477.6,Ramsey County,ND,70084.0,0.9312641367,0.008374771,0.0303585449,0.3543300302
38073,"Ransom County, ND",20.0,5640.0,354.6,Ransom County,ND,78270.0,0.9064089522,0.0094592183,0.028199179,1.0
38077,"Richland County, ND",47.0,16580.0,283.5,Richland County,ND,76371.0,0.9492362146,0.0116559971,0.0374441358,0.5218101519
38079,"Rolette County, ND",58.0,11933.0,486.0,Rolette County,ND,56952.0,0.8392255892,0.0050306958,0.0129604366,1.0
38089,"Stark County, ND",85.0,32803.0,259.1,Stark County,ND,82174.0,0.9118790092,0.0243628981,0.0753613527,0.236937526
38093,"Stutsman County, ND",68.0,21487.0,316.5,Stutsman County,ND,69088.0,0.9276718971,0.0202879581,0.0331432311,0.2957439911
38097,"Traill County, ND",34.0,7958.0,427.2,Traill County,ND,82020.0,0.9369817579,0.0117602428,0.0408447142,1.0
38099,"Walsh County, ND",47.0,10438.0,450.3,Walsh County,ND,80235.0,0.875600714,0.0066957787,0.130713246,1.0
38101,"Ward County, ND",139.0,68870.0,201.8,Ward County,ND,71754.0,0.950800117,0.0442106187,0.074240473,0.2716572033
38103,"Wells County, ND",27.0,3930.0,687.0,Wells County,ND,74681.0,0.9180626366,0.0023219814,0.0172858617,1.0
38105,"Williams County, ND",70.0,38109.0,183.7,Williams County,ND,92537.0,0.9064287163,0.0503157518,0.1029069619,0.2793650794
39001,"Adams County, OH",96.0,27420.0,350.1,Adams County,OH,55693.0,0.851629046,0.0058137422,0.010137713,1.0
39003,"Allen County, OH",412.0,101115.0,407.5,Allen County,OH,65665.0,0.9239292501,0.1183978262,0.0374561177,0.3097567657
39005,"Ashland County, OH",218.0,52181.0,417.8,Ashland County,OH,66149.0,0.9095057881,0.0098103085,0.0185667752,0.6338017427
39007,"Ashtabula County, OH",434.0,97014.0,447.4,Ashtabula County,OH,58152.0,0.8751895044,0.0372760597,0.0509990191,0.5198720971
39009,"Athens County, OH",162.0,58979.0,274.7,Athens County,OH,53616.0,0.9182000715,0.0279399101,0.0228845724,0.4869696145
39011,"Auglaize County, OH",177.0,45948.0,385.2,Auglaize County,OH,73542.0,0.9359242367,0.0069489685,0.0193485342,0.3870578605
39013,"Belmont County, OH",287.0,65509.0,438.1,Belmont County,OH,56716.0,0.920491888,0.0453187098,0.013755815,0.6150954178
39015,"Brown County, OH",174.0,43680.0,398.4,Brown County,OH,68289.0,0.8776632302,0.0095940791,0.012563675,0.9579631834
39017,"Butler County, OH",1075.0,388420.0,276.8,Butler County,OH,80066.0,0.9118210812,0.0969995649,0.0699999746,0.096106897
39019,"Carroll County, OH",128.0,26659.0,480.1,Carroll County,OH,67044.0,0.8977420192,0.0078481202,0.0136034083,1.0
39021,"Champaign County, OH",139.0,38709.0,359.1,Champaign County,OH,70230.0,0.9182470528,0.0209293345,0.018303514,0.7061786434
39023,"Clark County, OH",628.0,134831.0,465.8,Clark County,OH,58684.0,0.8926258416,0.0911670753,0.0432583018,0.2538510746
39025,"Clermont County, OH",663.0,210805.0,314.5,Clermont County,OH,82143.0,0.9185408012,0.0204460967,0.0261732682,0.2626928922
39027,"Clinton County, OH",184.0,41964.0,438.5,Clinton County,OH,67813.0,0.916020809,0.0207210644,0.0235824312,0.7014136799
39029,"Columbiana County, OH",429.0,100511.0,426.8,Columbiana County,OH,55744.0,0.8968426225,0.02379669,0.0201633028,0.5549731539
39031,"Coshocton County, OH",125.0,36571.0,341.8,Coshocton County,OH,57694.0,0.8503110266,0.0109848382,0.0134259134,0.6631159183
39033,"Crawford County, OH",185.0,41522.0,445.5,Crawford County,OH,58982.0,0.9049967686,0.0117989838,0.0196248405,0.3408447353
39035,"Cuyahoga County, OH",4569.0,1236041.0,369.6,Cuyahoga County,OH,61912.0,0.912442526,0.2941566214,0.071665607,0.0056553636
39037,"Darke County, OH",173.0,51529.0,335.7,Darke County,OH,67609.0,0.9069275068,0.0084800156,0.0196246232,0.717295349
39039,"Defiance County, OH",122.0,38187.0,319.5,Defiance County,OH,72241.0,0.9231704075,0.0179042151,0.1125929793,0.5357310766
39041,"Delaware County, OH",435.0,226296.0,192.2,Delaware County,OH,128300.0,0.9707369721,0.0467069022,0.0350247803,0.2032934188
39043,"Erie County, OH",303.0,74501.0,406.7,Erie County,OH,62547.0,0.9243079983,0.0866887283,0.0471263592,0.2818888683
39045,"Fairfield County, OH",410.0,162898.0,251.7,Fairfield County,OH,84701.0,0.9401990023,0.1052189163,0.0286707789,0.3558938089
39047,"Fayette County, OH",127.0,28839.0,440.4,Fayette County,OH,63348.0,0.8576915302,0.0234236735,0.0251934622,0.4808814894
39049,"Franklin County, OH",2997.0,1321820.0,226.7,Franklin County,OH,71730.0,0.9122294537,0.2441068034,0.0753290002,0.0137263211
39051,"Fulton County, OH",154.0,42171.0,365.2,Fulton County,OH,70724.0,0.9475821588,0.0076653891,0.0942461971,0.821529745
39053,"Gallia County, OH",119.0,29068.0,409.4,Gallia County,OH,53956.0,0.8685391559,0.0212861381,0.0115918029,0.8036618754
39055,"Geauga County, OH",306.0,95469.0,320.5,Geauga County,OH,99863.0,0.912203053,0.0131646525,0.0205016403,0.7855383293
39057,"Greene County, OH",526.0,168456.0,312.2,Greene County,OH,84015.0,0.9446075604,0.0709053515,0.0339676235,0.2242477644
39059,"Guernsey County, OH",154.0,38098.0,404.2,Guernsey County,OH,54757.0,0.8568617989,0.0159101053,0.0141248129,0.624668297
39061,"Hamilton County, OH",2471.0,825037.0,299.5,Hamilton County,OH,68810.0,0.924571822,0.2615548124,0.0487474881,0.0238202155
39063,"Hancock County, OH",214.0,74861.0,285.9,Hancock County,OH,72065.0,0.9490681296,0.0208958021,0.0615094239,0.3180859584
39065,"Hardin County, OH",108.0,30416.0,355.1,Hardin County,OH,59713.0,0.9171240986,0.0108996312,0.0253227081,0.5642428981
39067,"Harrison County, OH",70.0,14378.0,486.9,Harrison County,OH,57050.0,0.8981605672,0.019492902,0.0123596299,1.0
39069,"Henry County, OH",99.0,27512.0,359.8,Henry County,OH,81899.0,0.9259104228,0.0086119186,0.0836119186,0.6794158051
39071,"Highland County, OH",181.0,43391.0,417.1,Highland County,OH,61760.0,0.8685240151,0.0143531893,0.0128169854,0.7371932498
39073,"Hocking County, OH",118.0,27858.0,423.6,Hocking County,OH,58018.0,0.8809919855,0.0077342048,0.0099854757,0.7060962567
39075,"Holmes County, OH",121.0,44390.0,272.6,Holmes County,OH,74490.0,0.5705639823,0.0036948587,0.0107691614,1.0
39077,"Huron County, OH",214.0,58218.0,367.6,Huron County,OH,64331.0,0.9065357179,0.0115465901,0.0742108971,0.5142661999
39079,"Jackson County, OH",119.0,32586.0,365.2,Jackson County,OH,54431.0,0.8745426965,0.0076979697,0.0103661903,0.6423912045
39081,"Jefferson County, OH",321.0,64330.0,499.0,Jefferson County,OH,56276.0,0.9287420209,0.0533845625,0.019554556,0.3927416512
39083,"Knox County, OH",224.0,63183.0,354.5,Knox County,OH,66844.0,0.9109306864,0.0101389766,0.021004422,0.6971827618
39085,"Lake County, OH",880.0,231842.0,379.6,Lake County,OH,73559.0,0.9386120206,0.0549689173,0.0544854084,0.0751022128
39087,"Lawrence County, OH",246.0,56653.0,434.2,Lawrence County,OH,56879.0,0.9003104519,0.0218290032,0.0115827364,0.4527815934
39089,"Licking County, OH",524.0,181359.0,288.9,Licking County,OH,76496.0,0.931439948,0.0466809679,0.0252127445,0.3378071802
39091,"Logan County, OH",176.0,46040.0,382.3,Logan County,OH,68964.0,0.9286490514,0.0194541546,0.0235794776,0.5563380282
39093,"Lorain County, OH",1056.0,316268.0,333.9,Lorain County,OH,75496.0,0.9146392951,0.0780629738,0.1118775754,0.1426362137
39095,"Lucas County, OH",1490.0,426643.0,349.2,Lucas County,OH,60525.0,0.9096665823,0.1995609706,0.0797397787,0.0498517201
39097,"Madison County, OH",117.0,43540.0,268.7,Madison County,OH,81836.0,0.8892918556,0.0633603874,0.0331823685,0.6616009493
39099,"Mahoning County, OH",1028.0,225636.0,455.6,Mahoning County,OH,52914.0,0.916134033,0.145374918,0.0705952233,0.1564339892
39101,"Marion County, OH",234.0,64642.0,362.0,Marion County,OH,56991.0,0.8906130977,0.0650414026,0.0333842192,0.3468688321
39103,"Medina County, OH",543.0,183512.0,295.9,Medina County,OH,90211.0,0.9452139262,0.0165397029,0.0280642462,0.3405929742
39105,"Meigs County, OH",114.0,21969.0,518.9,Meigs County,OH,50127.0,0.8674668351,0.0090963385,0.0107961593,0.8802791535
39107,"Mercer County, OH",189.0,42348.0,446.3,Mercer County,OH,79974.0,0.9466304192,0.004877589,0.0219373689,0.7159518435
39109,"Miami County, OH",498.0,110247.0,451.7,Miami County,OH,75735.0,0.9280658674,0.0285544212,0.0219795086,0.3058267601
39111,"Monroe County, OH",65.0,13234.0,491.2,Monroe County,OH,54285.0,0.9003640146,0.0097316202,0.0062343192,0.9866268211
39113,"Montgomery County, OH",2234.0,533892.0,418.4,Montgomery County,OH,62650.0,0.9208195282,0.216485324,0.0430595209,0.0552363724
39115,"Morgan County, OH",50.0,13668.0,365.8,Morgan County,OH,52585.0,0.8853606574,0.0282866774,0.0124578631,1.0
39117,"Morrow County, OH",116.0,35339.0,328.2,Morrow County,OH,70109.0,0.9139197816,0.0089900267,0.0201713724,0.9998855508
39119,"Muskingum County, OH",299.0,86113.0,347.2,Muskingum County,OH,58806.0,0.9033772374,0.0380742715,0.0137419616,0.5104617521
39121,"Noble County, OH",40.0,14335.0,279.0,Noble County,OH,61751.0,0.8533906836,0.0319334777,0.0136258822,1.0
39123,"Ottawa County, OH",178.0,39978.0,445.2,Ottawa County,OH,76582.0,0.9411591356,0.0099741226,0.0533879356,0.6246655436
39125,"Paulding County, OH",62.0,18757.0,330.5,Paulding County,OH,67692.0,0.9039334924,0.0105313803,0.059446167,1.0
39127,"Perry County, OH",114.0,35480.0,321.3,Perry County,OH,62677.0,0.8825182229,0.0065539647,0.0097887542,0.8045921826
39129,"Pickaway County, OH",200.0,60023.0,333.2,Pickaway County,OH,76471.0,0.8839784325,0.0382084275,0.0207576204,0.6045542288
39131,"Pike County, OH",96.0,27005.0,355.5,Pike County,OH,54256.0,0.8560438969,0.0126291619,0.010740343,0.8165608387
39133,"Portage County, OH",524.0,161745.0,324.0,Portage County,OH,73911.0,0.9293006375,0.0521562721,0.0235822088,0.3799593302
39135,"Preble County, OH",179.0,40596.0,440.9,Preble County,OH,76621.0,0.9263510449,0.009147845,0.0116382286,0.7625795751
39137,"Putnam County, OH",121.0,34334.0,352.4,Putnam County,OH,79412.0,0.9465930819,0.0054095149,0.0671949472,0.8422977562
39139,"Richland County, OH",543.0,125319.0,433.3,Richland County,OH,57261.0,0.8946972031,0.0946475405,0.0234280049,0.3365403086
39141,"Ross County, OH",316.0,76606.0,412.5,Ross County,OH,61651.0,0.8890657591,0.0563391328,0.0147710487,0.5884580961
39143,"Sandusky County, OH",239.0,58667.0,407.4,Sandusky County,OH,64744.0,0.9329957522,0.0309492582,0.1105622647,0.4324741918
39145,"Scioto County, OH",301.0,72194.0,416.9,Scioto County,OH,52447.0,0.886890621,0.0281649043,0.015881838,0.5533861204
39147,"Seneca County, OH",247.0,54632.0,452.1,Seneca County,OH,62966.0,0.9324069077,0.0238230601,0.0581546757,0.4559915742
39149,"Shelby County, OH",177.0,47671.0,371.3,Shelby County,OH,67351.0,0.9137796869,0.0240343348,0.0175651628,0.5701015965
39151,"Stark County, OH",1307.0,372657.0,350.7,Stark County,OH,63673.0,0.9278585708,0.0793580099,0.0311524056,0.1475831859
39153,"Summit County, OH",1962.0,535882.0,366.1,Summit County,OH,69786.0,0.9288867169,0.1514392431,0.0279542235,0.0378200241
39155,"Trumbull County, OH",1021.0,200643.0,508.9,Trumbull County,OH,51668.0,0.9002292228,0.0863789033,0.0239104071,0.2717784698
39157,"Tuscarawas County, OH",371.0,91937.0,403.5,Tuscarawas County,OH,62098.0,0.889248573,0.0083157368,0.0470426889,0.4984506181
39159,"Union County, OH",143.0,66898.0,213.8,Union County,OH,104592.0,0.9522600076,0.028863966,0.036747706,0.450066896
39161,"Van Wert County, OH",95.0,28769.0,330.2,Van Wert County,OH,60555.0,0.9355614571,0.0111134337,0.0422240803,0.5042342124
39163,"Vinton County, OH",48.0,12565.0,382.0,Vinton County,OH,52999.0,0.8310629745,0.0057720058,0.0106621773,0.943203125
39165,"Warren County, OH",629.0,249778.0,251.8,Warren County,OH,107973.0,0.950260235,0.0373391818,0.0356814252,0.1751734155
39167,"Washington County, OH",233.0,58901.0,395.6,Washington County,OH,59646.0,0.9294253036,0.0135889513,0.0128719463,0.5833765538
39169,"Wayne County, OH",390.0,116559.0,334.6,Wayne County,OH,69834.0,0.8630962452,0.0158527165,0.0251223071,0.5584033398
39171,"Williams County, OH",139.0,36652.0,379.2,Williams County,OH,61183.0,0.9139830672,0.0130633216,0.056134022,0.7510107272
39173,"Wood County, OH",371.0,131592.0,281.9,Wood County,OH,73906.0,0.951747807,0.0276215605,0.066370147,0.3007077612
39175,"Wyandot County, OH",98.0,21567.0,454.4,Wyandot County,OH,69913.0,0.9481627297,0.0047536934,0.0303863541,0.6973515982
40001,"Adair County, OK",95.0,19576.0,485.3,Adair County,OK,44808.0,0.8283634656,0.0074896826,0.0746420747,1.0
40005,"Atoka County, OK",69.0,14262.0,483.8,Atoka County,OK,49815.0,0.8363761966,0.0532185886,0.0458519793,1.0
40007,"Beaver County, OK",21.0,5016.0,418.7,Beaver County,OK,67112.0,0.8510131108,0.0121562375,0.3031088083,1.0
40009,"Beckham County, OK",91.0,22009.0,413.5,Beckham County,OK,51960.0,0.8431242979,0.0500861991,0.1388712458,0.5036144578
40011,"Blaine County, OK",43.0,8409.0,511.4,Blaine County,OK,58573.0,0.8466278102,0.0343131514,0.1290549245,1.0
40013,"Bryan County, OK",238.0,48182.0,494.0,Bryan County,OK,50105.0,0.876441254,0.019890947,0.081993996,0.5805240194
40015,"Caddo County, OK",108.0,26198.0,412.2,Caddo County,OK,50742.0,0.8673823287,0.0392538338,0.1723506523,0.8142512526
40017,"Canadian County, OK",343.0,169149.0,202.8,Canadian County,OK,86539.0,0.9216566357,0.0483879224,0.1252808126,0.1952074091
40019,"Carter County, OK",190.0,48510.0,391.7,Carter County,OK,56270.0,0.8780669145,0.0608486295,0.0899250967,0.5541320334
40021,"Cherokee County, OK",226.0,48098.0,469.9,Cherokee County,OK,50434.0,0.8991250979,0.0149631628,0.0817474318,0.6181868389
40023,"Choctaw County, OK",71.0,14358.0,494.5,Choctaw County,OK,44307.0,0.8630235669,0.0978565424,0.0551975343,0.6485497043
40027,"Cleveland County, OK",739.0,299587.0,246.7,Cleveland County,OK,74889.0,0.9227111764,0.0566447427,0.1128777893,0.157149238
40029,"Coal County, OK",30.0,5313.0,564.7,Coal County,OK,46921.0,0.8437587658,0.0127231295,0.0499430308,1.0
40031,"Comanche County, OK",386.0,123046.0,313.7,Comanche County,OK,56973.0,0.9057259636,0.1537170777,0.1499251485,0.2779029928
40033,"Cotton County, OK",21.0,5477.0,383.4,Cotton County,OK,52735.0,0.8529106029,0.0208218168,0.0832872674,1.0
40035,"Craig County, OK",91.0,14123.0,644.3,Craig County,OK,49914.0,0.8621697923,0.0308403477,0.0430522975,0.6407457291
40037,"Creek County, OK",338.0,72699.0,464.9,Creek County,OK,58195.0,0.9048080026,0.0221322206,0.0570283096,0.6247456588
40039,"Custer County, OK",84.0,27886.0,301.2,Custer County,OK,55458.0,0.884368051,0.0248708696,0.2007004882,0.2951285379
40041,"Delaware County, OK",241.0,41413.0,581.9,Delaware County,OK,48763.0,0.8744127153,0.0063065007,0.0468551423,0.7968908582
40043,"Dewey County, OK",25.0,4401.0,568.1,Dewey County,OK,55952.0,0.9255617978,0.0072328511,0.0618292114,1.0
40047,"Garfield County, OK",235.0,61920.0,379.5,Garfield County,OK,61132.0,0.8752382603,0.0280379859,0.1560388888,0.2013175063
40049,"Garvin County, OK",131.0,25713.0,509.5,Garvin County,OK,57170.0,0.8764518925,0.0209936207,0.1076744636,0.7814156533
40051,"Grady County, OK",198.0,56658.0,349.5,Grady County,OK,70838.0,0.9049036132,0.0223616558,0.0735163399,0.7216351857
40055,"Greer County, OK",23.0,5547.0,414.6,Greer County,OK,43089.0,0.81706399,0.0779363337,0.1306256861,1.0
40061,"Haskell County, OK",78.0,11641.0,670.0,Haskell County,OK,49471.0,0.8565732087,0.0098039216,0.0545131846,1.0
40063,"Hughes County, OK",58.0,13407.0,432.6,Hughes County,OK,50872.0,0.8408581492,0.0641559988,0.0635605835,0.6810054612
40065,"Jackson County, OK",80.0,24556.0,325.8,Jackson County,OK,58371.0,0.8665619107,0.0606023755,0.2522599214,0.2386524107
40067,"Jefferson County, OK",27.0,5389.0,501.0,Jefferson County,OK,43298.0,0.8478379858,0.0132784739,0.1090331027,1.0
40069,"Johnston County, OK",46.0,10406.0,442.1,Johnston County,OK,49984.0,0.8752194266,0.0274079875,0.0636256852,1.0
40071,"Kay County, OK",216.0,43668.0,494.6,Kay County,OK,55440.0,0.9052958427,0.0199812103,0.0917944135,0.3108466819
40073,"Kingfisher County, OK",51.0,15293.0,333.5,Kingfisher County,OK,72345.0,0.9016907968,0.0156320651,0.1836444674,1.0
40075,"Kiowa County, OK",37.0,8345.0,443.4,Kiowa County,OK,44393.0,0.8604452055,0.0340557276,0.1283638962,1.0
40077,"Latimer County, OK",43.0,9630.0,446.5,Latimer County,OK,41241.0,0.8470029128,0.0154314508,0.0426201974,1.0
40079,"Le Flore County, OK",245.0,48907.0,501.0,Le Flore County,OK,50469.0,0.8533105197,0.0211105734,0.0827687717,0.7997672921
40081,"Lincoln County, OK",156.0,34188.0,456.3,Lincoln County,OK,56344.0,0.8904413964,0.0197037208,0.0424743938,1.0
40083,"Logan County, OK",148.0,51933.0,285.0,Logan County,OK,77836.0,0.917435209,0.069867431,0.0936091573,0.6195742105
40085,"Love County, OK",51.0,10218.0,499.1,Love County,OK,58771.0,0.8527052647,0.0217560218,0.1867715618,1.0
40087,"McClain County, OK",129.0,45306.0,284.7,McClain County,OK,80952.0,0.8864689843,0.0142335146,0.100760537,0.8702174644
40089,"McCurtain County, OK",164.0,30931.0,530.2,McCurtain County,OK,48589.0,0.8570513768,0.0776581866,0.0723744292,0.8207632894
40091,"McIntosh County, OK",109.0,19451.0,560.4,McIntosh County,OK,46509.0,0.8662654867,0.0286690813,0.0361169209,1.0
40093,"Major County, OK",33.0,7502.0,439.9,Major County,OK,64527.0,0.901267768,0.0081783406,0.1152882206,1.0
40095,"Marshall County, OK",91.0,15882.0,573.0,Marshall County,OK,54966.0,0.8470304827,0.0177207264,0.1828428303,1.0
40097,"Mayes County, OK",201.0,39589.0,507.7,Mayes County,OK,59498.0,0.893450491,0.0079721226,0.0409887438,0.7583363213
40099,"Murray County, OK",70.0,13672.0,512.0,Murray County,OK,63623.0,0.857694314,0.0186127672,0.073360477,0.6513952819
40101,"Muskogee County, OK",378.0,66354.0,569.7,Muskogee County,OK,52188.0,0.8698411981,0.0985197294,0.0779279212,0.4603777567
40103,"Noble County, OK",60.0,10896.0,550.7,Noble County,OK,60758.0,0.9108018555,0.0177252585,0.0496676514,0.5930977664
40105,"Nowata County, OK",52.0,9483.0,548.3,Nowata County,OK,54831.0,0.9038196042,0.0245814791,0.0319983047,0.9275751073
40107,"Okfuskee County, OK",63.0,11134.0,565.8,Okfuskee County,OK,44661.0,0.8328471782,0.0724778761,0.0421238938,1.0
40109,"Oklahoma County, OK",2473.0,802559.0,308.1,Oklahoma County,OK,65979.0,0.8849187259,0.1507406666,0.2035874916,0.0759131073
40111,"Okmulgee County, OK",210.0,36990.0,567.7,Okmulgee County,OK,53938.0,0.8818159787,0.0737140543,0.0544619954,0.5307851577
40113,"Osage County, OK",202.0,45839.0,440.7,Osage County,OK,61279.0,0.8955141898,0.1044439627,0.0496639931,0.7306298835
40115,"Ottawa County, OK",173.0,30338.0,570.2,Ottawa County,OK,48937.0,0.8723415081,0.0123485324,0.0622709413,0.4932144626
40117,"Pawnee County, OK",100.0,15757.0,634.6,Pawnee County,OK,52744.0,0.878589838,0.0105900151,0.041225416,1.0
40119,"Payne County, OK",195.0,82794.0,235.5,Payne County,OK,56811.0,0.9317454993,0.040682887,0.0652773779,0.3284178037
40121,"Pittsburg County, OK",260.0,43613.0,596.2,Pittsburg County,OK,51514.0,0.8726931807,0.0283355183,0.0594539893,0.553560414
40123,"Pontotoc County, OK",149.0,38141.0,390.7,Pontotoc County,OK,61269.0,0.9045391477,0.0185956871,0.0702937806,0.5464600026
40125,"Pottawatomie County, OK",303.0,73533.0,412.1,Pottawatomie County,OK,57089.0,0.8854530512,0.0315756664,0.0653331707,0.5273552875
40127,"Pushmataha County, OK",82.0,10769.0,761.4,Pushmataha County,OK,45012.0,0.8541639684,0.0142592593,0.0462037037,1.0
40131,"Rogers County, OK",375.0,98836.0,379.4,Rogers County,OK,73688.0,0.9217089372,0.012937914,0.0641708563,0.5483725325
40133,"Seminole County, OK",92.0,23351.0,394.0,Seminole County,OK,49000.0,0.8526839854,0.0381922342,0.0583492468,0.7332739005
40135,"Sequoyah County, OK",222.0,39667.0,559.7,Sequoyah County,OK,48050.0,0.8447956766,0.0193591621,0.0528157653,0.8087370484
40137,"Stephens County, OK",192.0,43710.0,439.3,Stephens County,OK,56649.0,0.8830574263,0.0209933203,0.0903121734,0.5249953323
40139,"Texas County, OK",44.0,20495.0,214.7,Texas County,OK,67901.0,0.7499802387,0.0396642286,0.5251092239,0.4147025814
40141,"Tillman County, OK",25.0,6977.0,358.3,Tillman County,OK,46314.0,0.8152498932,0.0560489154,0.2768962003,1.0
40143,"Tulsa County, OK",2423.0,677358.0,357.7,Tulsa County,OK,65619.0,0.8979009251,0.1028104992,0.1583556412,0.0513298639
40145,"Wagoner County, OK",300.0,86644.0,346.2,Wagoner County,OK,80246.0,0.9172638211,0.0383064516,0.0921931004,0.3639495684
40147,"Washington County, OK",260.0,53242.0,488.3,Washington County,OK,66236.0,0.9148568402,0.0246713589,0.0706811157,0.2488990563
40149,"Washita County, OK",47.0,10732.0,437.9,Washita County,OK,54874.0,0.8889782784,0.0107116244,0.0960320417,1.0
40151,"Woods County, OK",33.0,8587.0,384.3,Woods County,OK,56740.0,0.8857782755,0.0318776273,0.076366184,0.4034090909
40153,"Woodward County, OK",51.0,19990.0,255.1,Woodward County,OK,59312.0,0.8796728972,0.0193512809,0.1555121071,0.4402540303
41001,"Baker County, OR",90.0,16938.0,531.3,Baker County,OR,59123.0,0.9238930993,0.0072138127,0.0533349101,0.4139668826
41003,"Benton County, OR",183.0,97630.0,187.4,Benton County,OR,74800.0,0.9601318844,0.0121580547,0.0943784348,0.1940557237
41005,"Clackamas County, OR",1119.0,423177.0,264.4,Clackamas County,OR,100376.0,0.9467054616,0.0132404478,0.1022631406,0.1710959395
41007,"Clatsop County, OR",137.0,41695.0,328.6,Clatsop County,OR,65160.0,0.928440485,0.0071529366,0.1042771641,0.3911180366
41009,"Columbia County, OR",157.0,53588.0,293.0,Columbia County,OR,81463.0,0.9039602165,0.0073682257,0.0714922049,0.4122344977
41011,"Coos County, OR",318.0,64990.0,489.3,Coos County,OR,61386.0,0.9101974961,0.0051547997,0.07551548,0.3814012229
41013,"Crook County, OR",90.0,26375.0,341.2,Crook County,OR,73421.0,0.9113308223,0.0041926388,0.0802166815,0.4984639017
41015,"Curry County, OR",125.0,23598.0,529.7,Curry County,OR,55238.0,0.905580741,0.0059666896,0.0787259615,0.5182973642
41017,"Deschutes County, OR",453.0,206549.0,219.3,Deschutes County,OR,95414.0,0.9475796005,0.0052514711,0.0934330234,0.2924142384
41019,"Douglas County, OR",517.0,112297.0,460.4,Douglas County,OR,60296.0,0.9162868995,0.0048739272,0.0690710188,0.4037913328
41023,"Grant County, OR",29.0,7218.0,401.8,Grant County,OR,61024.0,0.8962398013,0.0029106029,0.0411642412,1.0
41025,"Harney County, OR",29.0,7515.0,385.9,Harney County,OR,56649.0,0.9181507465,0.0094086022,0.0580645161,0.4437625083
41027,"Hood River County, OR",59.0,24048.0,245.3,Hood River County,OR,79092.0,0.8422093093,0.005222152,0.3069698884,0.5179547066
41029,"Jackson County, OR",732.0,221644.0,330.3,Jackson County,OR,71030.0,0.9129322897,0.0084840194,0.1509186114,0.2059536234
41031,"Jefferson County, OR",70.0,25330.0,276.4,Jefferson County,OR,68419.0,0.8871264368,0.0077787381,0.2169010765,0.6699453106
41033,"Josephine County, OR",319.0,87730.0,363.6,Josephine County,OR,61575.0,0.9023662786,0.0058300407,0.0906161396,0.4314224089
41035,"Klamath County, OR",272.0,70212.0,387.4,Klamath County,OR,54630.0,0.8958831395,0.0070282702,0.1439652586,0.3775229424
41037,"Lake County, OR",47.0,8385.0,560.5,Lake County,OR,56518.0,0.8924503742,0.0073556011,0.1144338599,1.0
41039,"Lane County, OR",1229.0,382353.0,321.4,Lane County,OR,70065.0,0.9314279077,0.0117004783,0.1076601405,0.1803086918
41041,"Lincoln County, OR",247.0,50813.0,486.1,Lincoln County,OR,61603.0,0.9175388038,0.0074378702,0.1041105055,0.3799980157
41043,"Linn County, OR",473.0,130467.0,362.5,Linn County,OR,70242.0,0.9128339663,0.0067834763,0.1097828071,0.3424539305
41045,"Malheur County, OR",121.0,31879.0,379.6,Malheur County,OR,53762.0,0.8380819007,0.0130757708,0.3446511047,0.588704824
41047,"Marion County, OR",894.0,346703.0,257.9,Marion County,OR,73210.0,0.8605,0.0125771109,0.2931640619,0.1535326087
41049,"Morrow County, OR",46.0,12300.0,374.0,Morrow County,OR,80508.0,0.760136465,0.0062591449,0.4219639083,1.0
41051,"Multnomah County, OR",1775.0,795083.0,223.2,Multnomah County,OR,83290.0,0.9225325006,0.0585299697,0.1373474417,0.0128165822
41053,"Polk County, OR",254.0,89614.0,283.4,Polk County,OR,79970.0,0.9180710086,0.0094538166,0.1604810423,0.2040533895
41057,"Tillamook County, OR",118.0,27574.0,427.9,Tillamook County,OR,68717.0,0.905793307,0.0053251632,0.1140168509,0.6065717415
41059,"Umatilla County, OR",202.0,80215.0,251.8,Umatilla County,OR,62890.0,0.8442303712,0.0098684621,0.3002760671,0.3173774586
41061,"Union County, OR",118.0,26177.0,450.8,Union County,OR,63524.0,0.9354820341,0.0070921986,0.0553885291,0.4291494885
41063,"Wallowa County, OR",38.0,7659.0,496.1,Wallowa County,OR,61173.0,0.9292553191,0.0041699244,0.0441751368,1.0
41065,"Wasco County, OR",100.0,26561.0,376.5,Wasco County,OR,65701.0,0.8692859039,0.0058861505,0.2106102609,0.3476565429
41067,"Washington County, OR",1165.0,600176.0,194.1,Washington County,OR,103486.0,0.9290862325,0.0255533384,0.1872492131,0.0549509304
41071,"Yamhill County, OR",364.0,108226.0,336.3,Yamhill County,OR,86887.0,0.8975030015,0.009526527,0.180212437,0.2648855387
42001,"Adams County, PA",320.0,106027.0,301.8,Adams County,PA,77041.0,0.9072274994,0.0176677783,0.0766009668,0.6325732774
42003,"Allegheny County, PA",4420.0,1233253.0,358.4,Allegheny County,PA,76488.0,0.9546978319,0.1313959137,0.029657298,0.0241464347
42005,"Armstrong County, PA",266.0,64747.0,410.8,Armstrong County,PA,61521.0,0.9306185567,0.0108312264,0.010269376,0.6494401904
42007,"Beaver County, PA",763.0,165677.0,460.5,Beaver County,PA,66846.0,0.9508019214,0.0636414681,0.0246451449,0.2892132093
42009,"Bedford County, PA",200.0,47418.0,421.8,Bedford County,PA,58319.0,0.8995989688,0.0066525871,0.0131784583,0.9065304664
42011,"Berks County, PA",1313.0,430449.0,305.0,Berks County,PA,75655.0,0.8837968647,0.0447621534,0.2532501889,0.2655480134
42013,"Blair County, PA",494.0,121032.0,408.2,Blair County,PA,54909.0,0.9321759684,0.0228646496,0.0161382854,0.2573887414
42015,"Bradford County, PA",217.0,59866.0,362.5,Bradford County,PA,61270.0,0.9106551019,0.0080073708,0.0166848145,0.7297847149
42017,"Bucks County, PA",1771.0,645054.0,274.6,Bucks County,PA,107006.0,0.9489217456,0.0422719448,0.0668948457,0.1029684257
42019,"Butler County, PA",652.0,197300.0,330.5,Butler County,PA,80978.0,0.956729846,0.0134214996,0.0206740486,0.4330857801
42021,"Cambria County, PA",520.0,131441.0,395.6,Cambria County,PA,55592.0,0.9288105708,0.0430633361,0.0224461995,0.4608382282
42023,"Cameron County, PA",22.0,4418.0,498.0,Cameron County,PA,51035.0,0.9098196393,0.0073059361,0.0210045662,1.0
42025,"Carbon County, PA",262.0,65460.0,400.2,Carbon County,PA,64894.0,0.9026019836,0.0208530661,0.0739099881,0.5891982888
42027,"Centre County, PA",352.0,158425.0,222.2,Centre County,PA,69999.0,0.9457256237,0.0374663329,0.0367755632,0.3464898971
42029,"Chester County, PA",1316.0,545823.0,241.1,Chester County,PA,120925.0,0.9491303786,0.0565640324,0.0832872546,0.1931221733
42031,"Clarion County, PA",131.0,37346.0,350.8,Clarion County,PA,56911.0,0.9099976346,0.0140384095,0.0113605626,0.8479632663
42033,"Clearfield County, PA",284.0,77904.0,364.6,Clearfield County,PA,60213.0,0.9043340919,0.0179530419,0.0267220132,0.6130930215
42035,"Clinton County, PA",119.0,37931.0,313.7,Clinton County,PA,55946.0,0.8967888991,0.0148908448,0.0194910522,0.4790387183
42037,"Columbia County, PA",196.0,64926.0,301.9,Columbia County,PA,63605.0,0.9180847666,0.0192240101,0.0427115329,0.4472631205
42039,"Crawford County, PA",347.0,82670.0,419.7,Crawford County,PA,60545.0,0.9102516151,0.0178046609,0.0162193144,0.6578784341
42041,"Cumberland County, PA",814.0,268579.0,303.1,Cumberland County,PA,82507.0,0.934517372,0.0484638285,0.0527927369,0.2088650282
42043,"Dauphin County, PA",825.0,288800.0,285.7,Dauphin County,PA,73929.0,0.9147959363,0.1669167525,0.119674727,0.1482641471
42045,"Delaware County, PA",1678.0,575182.0,291.7,Delaware County,PA,84180.0,0.9359412668,0.2284644195,0.0512969899,0.0078480662
42047,"Elk County, PA",102.0,30477.0,334.7,Elk County,PA,66378.0,0.9350854832,0.0054308232,0.0108285317,0.5591803808
42049,"Erie County, PA",813.0,267689.0,303.7,Erie County,PA,60721.0,0.9258196523,0.0737860231,0.0488244242,0.2398256029
42051,"Fayette County, PA",627.0,125755.0,498.6,Fayette County,PA,54030.0,0.8995748862,0.0470483799,0.0147601178,0.5510543151
42053,"Forest County, PA",33.0,6626.0,498.0,Forest County,PA,48084.0,0.8564223268,0.2335245775,0.0522561637,1.0
42055,"Franklin County, PA",488.0,156902.0,311.0,Franklin County,PA,75532.0,0.9066461566,0.0352287557,0.0769761932,0.4448156889
42057,"Fulton County, PA",65.0,14533.0,447.3,Fulton County,PA,62044.0,0.8929444967,0.0136162566,0.0138236107,1.0
42059,"Greene County, PA",155.0,34663.0,447.2,Greene County,PA,60627.0,0.8991902034,0.0368774922,0.0160374887,0.7565222228
42061,"Huntingdon County, PA",128.0,43281.0,295.7,Huntingdon County,PA,61812.0,0.9070088907,0.0560968884,0.021395413,0.7434682028
42063,"Indiana County, PA",301.0,82957.0,362.8,Indiana County,PA,57110.0,0.9236615995,0.0279562905,0.0190988519,0.5984191433
42065,"Jefferson County, PA",167.0,43794.0,381.3,Jefferson County,PA,49430.0,0.913989078,0.0045629643,0.0106392736,0.7346938776
42067,"Juniata County, PA",97.0,23339.0,415.6,Juniata County,PA,59755.0,0.8325524795,0.0078733382,0.0430237061,1.0
42069,"Lackawanna County, PA",845.0,215615.0,391.9,Lackawanna County,PA,57570.0,0.9164331143,0.0396070756,0.103510501,0.1755289584
42071,"Lancaster County, PA",1722.0,556629.0,309.4,Lancaster County,PA,80210.0,0.8714831355,0.0380154282,0.116604516,0.2787549007
42073,"Lawrence County, PA",347.0,84849.0,409.0,Lawrence County,PA,61686.0,0.923792033,0.0412089213,0.0231792783,0.4242012316
42075,"Lebanon County, PA",548.0,144011.0,380.5,Lebanon County,PA,78284.0,0.880456174,0.0212752683,0.1560879572,0.2538584502
42077,"Lehigh County, PA",927.0,376317.0,246.3,Lehigh County,PA,76270.0,0.9029334948,0.0619609587,0.2863027261,0.0986792397
42079,"Luzerne County, PA",1167.0,326369.0,357.6,Luzerne County,PA,60165.0,0.9067531181,0.0477109729,0.1843439589,0.222224611
42081,"Lycoming County, PA",357.0,113104.0,315.6,Lycoming County,PA,62063.0,0.9113605961,0.0481086548,0.0243071573,0.4043857498
42083,"Mc Kean County, PA",176.0,39866.0,441.5,Mc Kean County,PA,59522.0,0.9251346248,0.0245198512,0.0203193401,0.7239068065
42085,"Mercer County, PA",521.0,109220.0,477.0,Mercer County,PA,61530.0,0.9130512114,0.0557311779,0.0176216326,0.4794400463
42087,"Mifflin County, PA",168.0,45988.0,365.3,Mifflin County,PA,58758.0,0.8435073172,0.00949436,0.0236052437,0.5449147216
42089,"Monroe County, PA",504.0,167198.0,301.4,Monroe County,PA,73408.0,0.9031592661,0.1446405666,0.1870186025,0.5676035336
42091,"Montgomery County, PA",2641.0,864683.0,305.4,Montgomery County,PA,106780.0,0.9490325447,0.0977355763,0.0675068087,0.0333651274
42093,"Montour County, PA",58.0,18091.0,320.6,Montour County,PA,73087.0,0.9281888813,0.0199328108,0.0319148936,0.5428429643
42095,"Northampton County, PA",963.0,318526.0,302.3,Northampton County,PA,84051.0,0.9265501353,0.0616219198,0.1594874189,0.1685791066
42097,"Northumberland County, PA",364.0,90133.0,403.8,Northumberland County,PA,58834.0,0.9001275415,0.0271083,0.0548158012,0.3525920106
42099,"Perry County, PA",118.0,46114.0,255.9,Perry County,PA,71392.0,0.8986685945,0.0099168891,0.0255408719,0.9351686227
42101,"Philadelphia County, PA",4563.0,1567258.0,291.1,Philadelphia County,PA,60196.0,0.8739651909,0.3949322237,0.1577222674,0.0
42103,"Pike County, PA",158.0,60558.0,260.9,Pike County,PA,71698.0,0.9320662983,0.0588110438,0.128218525,0.8723327923
42105,"Potter County, PA",49.0,16220.0,302.1,Potter County,PA,57850.0,0.9082445693,0.0054378399,0.0192512032,1.0
42107,"Schuylkill County, PA",670.0,143104.0,468.2,Schuylkill County,PA,63479.0,0.8999539356,0.0322979984,0.0862531818,0.4706499172
42109,"Snyder County, PA",119.0,39652.0,300.1,Snyder County,PA,68089.0,0.8431372549,0.0120603268,0.0269657829,0.7034678881
42111,"Somerset County, PA",308.0,72710.0,423.6,Somerset County,PA,59562.0,0.9005497706,0.0268293696,0.0159147887,0.775971617
42115,"Susquehanna County, PA",166.0,38074.0,436.0,Susquehanna County,PA,70021.0,0.9147641856,0.0074785484,0.0255582671,1.0
42117,"Tioga County, PA",156.0,41106.0,379.5,Tioga County,PA,62918.0,0.9196549851,0.0073457395,0.0175808031,1.0
42119,"Union County, PA",121.0,42744.0,283.1,Union County,PA,82708.0,0.866847267,0.0498073355,0.050853908,0.6320142452
42121,"Venango County, PA",227.0,49777.0,456.0,Venango County,PA,57256.0,0.9153362361,0.0114907649,0.0128866501,0.5606691244
42123,"Warren County, PA",145.0,37808.0,383.5,Warren County,PA,57469.0,0.9391508094,0.0062014266,0.0133077824,0.6198719776
42125,"Washington County, PA",717.0,210383.0,340.8,Washington County,PA,76957.0,0.9404443977,0.0322928955,0.0209245025,0.3233356739
42127,"Wayne County, PA",215.0,51173.0,420.1,Wayne County,PA,68429.0,0.9142965779,0.0290078421,0.0537240061,0.8621640113
42129,"Westmoreland County, PA",1460.0,352057.0,414.7,Westmoreland County,PA,70985.0,0.953946244,0.0279841555,0.0164368114,0.2648260461
42131,"Wyoming County, PA",97.0,26014.0,372.9,Wyoming County,PA,66855.0,0.9243407061,0.0104239055,0.0254420508,0.9532394798
42133,"York County, PA",1237.0,461058.0,268.3,York County,PA,81213.0,0.913695862,0.0626721763,0.0987581784,0.2845665786
44001,"Bristol County, RI",169.0,50360.0,335.6,Bristol County,RI,99802.0,0.9352101596,0.0132922097,0.0437767386,0.0113007698
44003,"Kent County, RI",588.0,171275.0,343.3,Kent County,RI,89914.0,0.9278731484,0.0253389227,0.0745221219,0.0724922665
44005,"Newport County, RI",260.0,84481.0,307.8,Newport County,RI,99912.0,0.9533807215,0.0358216433,0.0671104113,0.0850273811
44007,"Providence County, RI",1775.0,657288.0,270.0,Providence County,RI,75307.0,0.8628275815,0.0914102768,0.2599093269,0.0519341164
44009,"Washington County, RI",374.0,130330.0,287.0,Washington County,RI,101749.0,0.9525528679,0.0140557923,0.0393439092,0.3363165151
45001,"Abbeville County, SC",87.0,24356.0,357.2,Abbeville County,SC,51580.0,0.8619489559,0.2536220021,0.0227551772,0.7897921383
45003,"Aiken County, SC",622.0,174150.0,357.2,Aiken County,SC,67769.0,0.8982674914,0.2457629989,0.0731609552,0.3701957253
45005,"Allendale County, SC",34.0,7579.0,448.6,Allendale County,SC,35477.0,0.7961703651,0.712172615,0.030261908,1.0
45007,"Anderson County, SC",731.0,209581.0,348.8,Anderson County,SC,64813.0,0.8782062504,0.1545223301,0.0532486061,0.4165660374
45009,"Bamberg County, SC",67.0,12908.0,519.1,Bamberg County,SC,41555.0,0.7688610707,0.5818560197,0.0179589949,1.0
45011,"Barnwell County, SC",78.0,20414.0,382.1,Barnwell County,SC,46482.0,0.8081591611,0.4249034088,0.0316427838,1.0
45013,"Beaufort County, SC",566.0,196371.0,288.2,Beaufort County,SC,82199.0,0.9419221251,0.1542826127,0.1211936938,0.1860119604
45015,"Berkeley County, SC",606.0,245117.0,247.2,Berkeley County,SC,82414.0,0.9056468147,0.2363361375,0.0917258647,0.2206985961
45017,"Calhoun County, SC",61.0,14179.0,430.2,Calhoun County,SC,58916.0,0.8830028329,0.3779077964,0.0405329198,1.0
45019,"Charleston County, SC",1031.0,419279.0,245.9,Charleston County,SC,88111.0,0.9290229789,0.2288278778,0.0700549289,0.0905997771
45021,"Cherokee County, SC",226.0,56121.0,402.7,Cherokee County,SC,57768.0,0.8550735944,0.1969883979,0.0577635152,0.6612708126
45023,"Chester County, SC",114.0,31931.0,357.0,Chester County,SC,51383.0,0.8438872864,0.3486936014,0.0331409421,0.7333560414
45025,"Chesterfield County, SC",195.0,43683.0,446.4,Chesterfield County,SC,50962.0,0.8197440346,0.319593014,0.0614112784,0.8316733298
45027,"Clarendon County, SC",167.0,30913.0,540.2,Clarendon County,SC,47675.0,0.8192989436,0.4426203071,0.0317378403,0.8548034934
45029,"Colleton County, SC",189.0,38599.0,489.6,Colleton County,SC,48504.0,0.8556559745,0.3464269177,0.0475124762,0.7609315097
45031,"Darlington County, SC",369.0,62398.0,591.4,Darlington County,SC,46249.0,0.8651815487,0.4138842604,0.0253460651,0.5711469676
45033,"Dillon County, SC",132.0,27738.0,475.9,Dillon County,SC,45269.0,0.8162891046,0.4610441187,0.0361036898,0.7001272445
45035,"Dorchester County, SC",372.0,166133.0,223.9,Dorchester County,SC,78329.0,0.9126350946,0.2539612443,0.0728244805,0.1471833602
45037,"Edgefield County, SC",106.0,26932.0,393.6,Edgefield County,SC,62851.0,0.8181077917,0.3170934908,0.0716847176,0.879837861
45039,"Fairfield County, SC",96.0,20455.0,469.3,Fairfield County,SC,48123.0,0.8456878583,0.541230046,0.0270296739,0.7728184075
45041,"Florence County, SC",638.0,136721.0,466.6,Florence County,SC,56144.0,0.8773306846,0.4339717522,0.0341728978,0.3920866196
45043,"Georgetown County, SC",289.0,64722.0,446.5,Georgetown County,SC,69379.0,0.9191401202,0.2759884986,0.0362233954,0.4218661283
45045,"Greenville County, SC",1283.0,547950.0,234.1,Greenville County,SC,76281.0,0.9049247122,0.1710319764,0.1165462443,0.1189609045
45047,"Greenwood County, SC",221.0,69267.0,319.1,Greenwood County,SC,56726.0,0.8887697553,0.3112294846,0.0738554564,0.3968219636
45049,"Hampton County, SC",78.0,18113.0,430.6,Hampton County,SC,44774.0,0.8250075919,0.5126365743,0.0448625979,1.0
45051,"Horry County, SC",1413.0,383101.0,368.8,Horry County,SC,68684.0,0.9137813323,0.1160793805,0.0730153619,0.24423908
45053,"Jasper County, SC",117.0,32039.0,365.2,Jasper County,SC,61816.0,0.9016481308,0.3209217744,0.1720426902,0.8914938696
45055,"Kershaw County, SC",217.0,67751.0,320.3,Kershaw County,SC,69277.0,0.8915867715,0.2501108647,0.0613546957,0.5281256211
45057,"Lancaster County, SC",320.0,104577.0,306.0,Lancaster County,SC,74417.0,0.8904150943,0.1944739639,0.0764958647,0.379363856
45059,"Laurens County, SC",235.0,67965.0,345.8,Laurens County,SC,56237.0,0.8371655209,0.2354188143,0.0690691563,0.6402078799
45061,"Lee County, SC",73.0,16153.0,451.9,Lee County,SC,46256.0,0.8102245662,0.6124506795,0.0264295109,1.0
45063,"Lexington County, SC",759.0,304797.0,249.0,Lexington County,SC,76559.0,0.9151490424,0.1608998217,0.080900597,0.2515451153
45065,"McCormick County, SC",44.0,9764.0,450.6,McCormick County,SC,58475.0,0.8516217224,0.3760185092,0.0195151393,1.0
45067,"Marion County, SC",133.0,28450.0,467.5,Marion County,SC,40171.0,0.8399801833,0.5559842851,0.0285183106,0.5910975568
45069,"Marlboro County, SC",169.0,26039.0,649.0,Marlboro County,SC,42308.0,0.8153138871,0.5041627762,0.0291394336,0.6523418457
45071,"Newberry County, SC",125.0,38247.0,326.8,Newberry County,SC,57325.0,0.8627059411,0.2795106246,0.0947327753,0.6727909011
45073,"Oconee County, SC",292.0,80180.0,364.2,Oconee County,SC,67161.0,0.8713770901,0.0703020155,0.0627054579,0.637475034
45075,"Orangeburg County, SC",315.0,83094.0,379.1,Orangeburg County,SC,50959.0,0.833144516,0.605843999,0.0279401111,0.6548211296
45077,"Pickens County, SC",419.0,133462.0,313.9,Pickens County,SC,58480.0,0.8725182117,0.0681722573,0.0549319163,0.3755897842
45079,"Richland County, SC",1021.0,421566.0,242.2,Richland County,SC,61508.0,0.9196783826,0.4820246602,0.0646190178,0.0855827388
45081,"Saluda County, SC",80.0,18938.0,422.4,Saluda County,SC,60220.0,0.84036009,0.219578518,0.1740835643,0.9856855052
45083,"Spartanburg County, SC",974.0,345831.0,281.6,Spartanburg County,SC,64649.0,0.8784365293,0.1969312976,0.0949907204,0.2951520898
45085,"Sumter County, SC",347.0,104012.0,333.6,Sumter County,SC,55481.0,0.8912330658,0.4733259732,0.0453319253,0.3479764296
45087,"Union County, SC",132.0,26752.0,493.4,Union County,SC,40008.0,0.8073271414,0.300123925,0.0221938488,0.6428938482
45089,"Williamsburg County, SC",163.0,30058.0,542.3,Williamsburg County,SC,43711.0,0.8337157511,0.6231641631,0.0262620856,0.8307870818
45091,"York County, SC",683.0,294248.0,232.1,York County,SC,82495.0,0.925397327,0.1875100563,0.0760894342,0.2266581587
46005,"Beadle County, SD",52.0,19376.0,268.4,Beadle County,SD,59721.0,0.8506294383,0.0101066816,0.1484355061,0.2535380438
46009,"Bon Homme County, SD",24.0,7062.0,339.8,Bon Homme County,SD,67069.0,0.8978525827,0.0147204529,0.0266100495,1.0
46011,"Brookings County, SD",57.0,35484.0,160.6,Brookings County,SD,75209.0,0.9671933232,0.0163702057,0.0484991662,0.3113018182
46013,"Brown County, SD",94.0,37972.0,247.6,Brown County,SD,67491.0,0.9366336634,0.0157421885,0.0474120796,0.269418553
46019,"Butte County, SD",34.0,10774.0,315.6,Butte County,SD,62368.0,0.8826947019,0.0066280033,0.0422535211,0.5031728986
46027,"Clay County, SD",39.0,15280.0,255.2,Clay County,SD,63752.0,0.9390622889,0.0182100966,0.0336983993,0.2210195764
46029,"Codington County, SD",89.0,28721.0,309.9,Codington County,SD,66288.0,0.9235306185,0.0069724897,0.0350005178,0.2712091792
46033,"Custer County, SD",23.0,9006.0,255.4,Custer County,SD,76579.0,0.9500838926,0.0085554459,0.0342217835,1.0
46035,"Davison County, SD",81.0,19973.0,405.5,Davison County,SD,67847.0,0.9176505532,0.0087340628,0.0535086839,0.2137702946
46037,"Day County, SD",23.0,5479.0,419.8,Day County,SD,60503.0,0.9177411037,0.0045863144,0.0271509815,1.0
46047,"Fall River County, SD",41.0,7370.0,556.3,Fall River County,SD,58834.0,0.9145421903,0.0112268362,0.0370620858,1.0
46051,"Grant County, SD",29.0,7463.0,388.6,Grant County,SD,73409.0,0.9214040443,0.0079438634,0.0762610883,1.0
46065,"Hughes County, SD",49.0,17692.0,277.0,Hughes County,SD,75885.0,0.9610379047,0.0081139355,0.0330798911,0.2867998874
46067,"Hutchinson County, SD",44.0,7368.0,597.2,Hutchinson County,SD,68648.0,0.9311455607,0.0104138491,0.0294833649,1.0
46077,"Kingsbury County, SD",22.0,5294.0,415.6,Kingsbury County,SD,67518.0,0.9163851351,0.0054965883,0.029757392,1.0
46079,"Lake County, SD",35.0,10972.0,319.0,Lake County,SD,70136.0,0.936501753,0.0116036624,0.0536669386,0.4421737951
46081,"Lawrence County, SD",91.0,27214.0,334.4,Lawrence County,SD,69088.0,0.9536033666,0.009446405,0.0398531351,0.3275380317
46083,"Lincoln County, SD",96.0,70987.0,135.2,Lincoln County,SD,102130.0,0.9591585543,0.0227887162,0.0331112264,0.2547536103
46087,"McCook County, SD",30.0,5778.0,519.2,McCook County,SD,85702.0,0.9353114141,0.0072301601,0.0346014805,1.0
46091,"Marshall County, SD",25.0,4374.0,571.6,Marshall County,SD,69480.0,0.9210796037,0.0082004556,0.0665148064,1.0
46093,"Meade County, SD",74.0,30698.0,241.1,Meade County,SD,74577.0,0.9460669782,0.0183175034,0.0504296698,0.3325405333
46099,"Minnehaha County, SD",453.0,203971.0,222.1,Minnehaha County,SD,73277.0,0.9305811043,0.0682356352,0.0684579326,0.1433721744
46103,"Pennington County, SD",283.0,114461.0,247.2,Pennington County,SD,74641.0,0.9468187723,0.0129418566,0.0593858658,0.1801926352
46109,"Roberts County, SD",45.0,10163.0,442.8,Roberts County,SD,65069.0,0.9170325511,0.0061728395,0.0300803449,1.0
46115,"Spink County, SD",32.0,6235.0,513.2,Spink County,SD,69262.0,0.9203461282,0.0085955238,0.0298410639,1.0
46125,"Turner County, SD",38.0,8856.0,429.1,Turner County,SD,75454.0,0.9173608797,0.0065359477,0.0408773679,1.0
46127,"Union County, SD",39.0,17063.0,228.6,Union County,SD,97016.0,0.9491554489,0.0138508991,0.0513879998,0.5790851228
46135,"Yankton County, SD",72.0,23373.0,308.0,Yankton County,SD,73061.0,0.9273216689,0.0164561806,0.0616150019,0.3126555127
47001,"Anderson County, TN",314.0,78913.0,397.9,Anderson County,TN,61009.0,0.9133859677,0.0397587058,0.0428496647,0.3652088223
47003,"Bedford County, TN",196.0,51950.0,377.3,Bedford County,TN,69272.0,0.8476293671,0.0763170295,0.1631137499,0.5510878436
47005,"Benton County, TN",94.0,16002.0,587.4,Benton County,TN,52795.0,0.8721726319,0.0254610942,0.0311122151,1.0
47007,"Bledsoe County, TN",47.0,14798.0,317.6,Bledsoe County,TN,50731.0,0.7962436461,0.0541168659,0.0386454183,1.0
47009,"Blount County, TN",533.0,139958.0,380.8,Blount County,TN,77206.0,0.906975116,0.0285954643,0.0482977039,0.3720062093
47011,"Bradley County, TN",432.0,110616.0,390.5,Bradley County,TN,61440.0,0.8840348851,0.0491848825,0.0862886385,0.3194807586
47013,"Campbell County, TN",186.0,39584.0,469.9,Campbell County,TN,50443.0,0.8287989383,0.0058672899,0.0167068593,0.4878284783
47015,"Cannon County, TN",54.0,14788.0,365.2,Cannon County,TN,60098.0,0.8421660094,0.0217752108,0.0333266945,1.0
47017,"Carroll County, TN",188.0,28458.0,660.6,Carroll County,TN,51159.0,0.8871579379,0.0983021483,0.0330561331,0.8210267229
47019,"Carter County, TN",265.0,56410.0,469.8,Carter County,TN,48885.0,0.8865613308,0.0203079513,0.027375399,0.4073745475
47021,"Cheatham County, TN",139.0,41830.0,332.3,Cheatham County,TN,82030.0,0.9032552171,0.0299853268,0.0487764472,1.0
47023,"Chester County, TN",71.0,17609.0,403.2,Chester County,TN,65714.0,0.8571929825,0.0893445416,0.035385664,0.659419872
47025,"Claiborne County, TN",144.0,32431.0,444.0,Claiborne County,TN,53195.0,0.8312008299,0.0122802719,0.0181294788,0.7132915145
47027,"Clay County, TN",39.0,7620.0,511.8,Clay County,TN,46575.0,0.8381140194,0.015037594,0.030075188,1.0
47029,"Cocke County, TN",226.0,36879.0,612.8,Cocke County,TN,47491.0,0.8365482617,0.0204256229,0.0321623356,0.678935526
47031,"Coffee County, TN",289.0,59728.0,483.9,Coffee County,TN,65038.0,0.874375125,0.039565913,0.0653934326,0.4607611118
47033,"Crockett County, TN",85.0,13888.0,612.0,Crockett County,TN,56083.0,0.8595646714,0.140895437,0.1158632528,1.0
47035,"Cumberland County, TN",293.0,63522.0,461.3,Cumberland County,TN,60632.0,0.8964705882,0.0079369981,0.0371525633,0.5394390384
47037,"Davidson County, TN",1681.0,708144.0,237.4,Davidson County,TN,80216.0,0.9034001525,0.2538317699,0.1374804516,0.0314254823
47039,"Decatur County, TN",59.0,11564.0,510.2,Decatur County,TN,52000.0,0.8415758592,0.0253088538,0.0394646534,1.0
47041,"DeKalb County, TN",90.0,21003.0,428.5,DeKalb County,TN,57936.0,0.8268436984,0.0163486455,0.0783510012,0.7597111554
47043,"Dickson County, TN",201.0,55761.0,360.5,Dickson County,TN,74028.0,0.8920096476,0.0387103598,0.0519663664,0.6954248366
47045,"Dyer County, TN",149.0,36410.0,409.2,Dyer County,TN,57548.0,0.8915864713,0.1518713354,0.04137213,0.5437623978
47047,"Fayette County, TN",177.0,43630.0,405.7,Fayette County,TN,76680.0,0.9089431403,0.274770798,0.0396604414,0.746868302
47049,"Fentress County, TN",74.0,19332.0,382.8,Fentress County,TN,47860.0,0.8323961148,0.005838749,0.0234565394,1.0
47051,"Franklin County, TN",182.0,43942.0,414.2,Franklin County,TN,64243.0,0.9083842125,0.0471850226,0.0381600752,0.6790339926
47053,"Gibson County, TN",274.0,50837.0,539.0,Gibson County,TN,57630.0,0.88358313,0.1747085905,0.0360074444,0.7077475262
47055,"Giles County, TN",152.0,30554.0,497.5,Giles County,TN,60422.0,0.8759069767,0.0953419485,0.0311513297,0.7311672049
47057,"Grainger County, TN",98.0,24277.0,403.7,Grainger County,TN,57132.0,0.8383458647,0.0104128682,0.0371135691,0.8443065414
47059,"Greene County, TN",334.0,71405.0,467.8,Greene County,TN,54188.0,0.8669498626,0.0228033675,0.0401366824,0.6732951306
47061,"Grundy County, TN",82.0,13783.0,594.9,Grundy County,TN,41370.0,0.7998360152,0.0128269437,0.0202078108,1.0
47063,"Hamblen County, TN",290.0,65168.0,445.0,Hamblen County,TN,55904.0,0.8713956951,0.0350368491,0.1514135556,0.2266081645
47065,"Hamilton County, TN",1191.0,374682.0,317.9,Hamilton County,TN,73319.0,0.9113316506,0.1774108628,0.0817345155,0.1250604166
47067,"Hancock County, TN",37.0,6845.0,540.5,Hancock County,TN,39077.0,0.7884814585,0.0073317999,0.0106382979,1.0
47069,"Hardeman County, TN",123.0,25529.0,481.8,Hardeman County,TN,47551.0,0.8263238178,0.4109594399,0.022216138,0.7925928835
47071,"Hardin County, TN",161.0,27077.0,594.6,Hardin County,TN,49126.0,0.8442383563,0.0324653862,0.0256711594,0.6709776005
47073,"Hawkins County, TN",321.0,58043.0,553.0,Hawkins County,TN,54454.0,0.8640332147,0.014556314,0.0222525597,0.620757744
47075,"Haywood County, TN",94.0,17550.0,535.6,Haywood County,TN,42579.0,0.8275167244,0.5054824561,0.0488804247,0.4614308106
47077,"Henderson County, TN",150.0,27929.0,537.1,Henderson County,TN,55656.0,0.8924875135,0.0758817243,0.0311364446,0.7716758854
47079,"Henry County, TN",191.0,32379.0,589.9,Henry County,TN,52064.0,0.8839354343,0.0703753763,0.030503164,0.6777229106
47081,"Hickman County, TN",117.0,25455.0,459.6,Hickman County,TN,59650.0,0.8459321658,0.0454580655,0.0360876636,1.0
47083,"Houston County, TN",27.0,8219.0,328.5,Houston County,TN,56951.0,0.87336393,0.0312164899,0.0345526034,1.0
47085,"Humphreys County, TN",85.0,19106.0,444.9,Humphreys County,TN,63017.0,0.8770219366,0.0286844708,0.0312353584,1.0
47087,"Jackson County, TN",69.0,11989.0,575.5,Jackson County,TN,48285.0,0.8255657629,0.0096254954,0.0308986492,1.0
47089,"Jefferson County, TN",247.0,56727.0,435.4,Jefferson County,TN,62730.0,0.8893255074,0.0191223763,0.0479788374,0.7581698151
47091,"Johnson County, TN",84.0,18086.0,464.4,Johnson County,TN,51597.0,0.8132211015,0.0253605442,0.0339591837,1.0
47093,"Knox County, TN",1481.0,494574.0,299.4,Knox County,TN,70457.0,0.9233251759,0.0840215791,0.0637487042,0.091932497
47095,"Lake County, TN",32.0,6507.0,491.8,Lake County,TN,40778.0,0.7183180845,0.2698912872,0.0322987238,1.0
47097,"Lauderdale County, TN",108.0,24793.0,435.6,Lauderdale County,TN,51486.0,0.82779777,0.3481105242,0.0290125965,0.7246947461
47099,"Lawrence County, TN",204.0,45415.0,449.2,Lawrence County,TN,55845.0,0.85546875,0.0189964002,0.0289716789,0.7355239023
47101,"Lewis County, TN",47.0,12957.0,362.7,Lewis County,TN,55231.0,0.8539275766,0.0210469922,0.0349762743,1.0
47103,"Lincoln County, TN",169.0,36004.0,469.4,Lincoln County,TN,60974.0,0.8697575295,0.0677375653,0.0428267301,0.7134686713
47105,"Loudon County, TN",218.0,58181.0,374.7,Loudon County,TN,81605.0,0.889158557,0.0136323876,0.105279662,0.3565572277
47107,"McMinn County, TN",271.0,54719.0,495.3,McMinn County,TN,55852.0,0.861776082,0.03676497,0.04757714,0.6166191155
47109,"McNairy County, TN",166.0,25988.0,638.8,McNairy County,TN,54516.0,0.8740574801,0.0603141842,0.0230095937,1.0
47111,"Macon County, TN",85.0,26229.0,324.1,Macon County,TN,57496.0,0.8161657426,0.012764528,0.0701302579,0.7551554569
47113,"Madison County, TN",407.0,99245.0,410.1,Madison County,TN,60663.0,0.9031289863,0.3771838739,0.0541066406,0.263238315
47115,"Marion County, TN",163.0,29094.0,560.3,Marion County,TN,57109.0,0.822974526,0.0384929549,0.0277380709,0.9134445331
47117,"Marshall County, TN",125.0,35878.0,348.4,Marshall County,TN,73770.0,0.9051731296,0.0593598658,0.0746191932,0.6522524623
47119,"Maury County, TN",304.0,108159.0,281.1,Maury County,TN,74164.0,0.9252986004,0.108531961,0.0828006501,0.3748192604
47121,"Meigs County, TN",73.0,13272.0,550.0,Meigs County,TN,56161.0,0.8291245791,0.0220582865,0.0257833613,1.0
47123,"Monroe County, TN",192.0,47740.0,402.2,Monroe County,TN,58980.0,0.8632335681,0.0195085813,0.0493270774,0.732972973
47125,"Montgomery County, TN",450.0,235201.0,191.3,Montgomery County,TN,74701.0,0.9434633438,0.2144393677,0.1164120864,0.1773262022
47127,"Moore County, TN",28.0,6742.0,415.3,Moore County,TN,66435.0,0.8913590604,0.023562537,0.0214878483,0.9989165764
47129,"Morgan County, TN",89.0,21224.0,419.3,Morgan County,TN,55668.0,0.8343522749,0.0355537014,0.0218328466,1.0
47131,"Obion County, TN",152.0,30394.0,500.1,Obion County,TN,54428.0,0.8499744459,0.1053566144,0.056591365,0.5930749992
47133,"Overton County, TN",89.0,23044.0,386.2,Overton County,TN,52236.0,0.8182098765,0.0087452308,0.0245209414,1.0
47135,"Perry County, TN",32.0,8685.0,368.5,Perry County,TN,50014.0,0.8239687659,0.0292430548,0.023057024,1.0
47137,"Pickett County, TN",31.0,5107.0,607.0,Pickett County,TN,46177.0,0.8141430074,0.0037051482,0.0212558502,1.0
47139,"Polk County, TN",92.0,17863.0,515.0,Polk County,TN,57045.0,0.8565945033,0.0091498919,0.0226251872,1.0
47141,"Putnam County, TN",262.0,82382.0,318.0,Putnam County,TN,57896.0,0.8875377615,0.0221005677,0.0860049616,0.3852656097
47143,"Rhea County, TN",152.0,33730.0,450.6,Rhea County,TN,57682.0,0.8409473276,0.0207817474,0.0647918877,0.7052631579
47145,"Roane County, TN",250.0,55082.0,453.9,Roane County,TN,65970.0,0.8932187485,0.0273816315,0.0272033657,0.5211407385
47147,"Robertson County, TN",314.0,75470.0,416.1,Robertson County,TN,81529.0,0.8885461083,0.0746457226,0.1022715432,0.5300056316
47149,"Rutherford County, TN",682.0,360619.0,189.1,Rutherford County,TN,81987.0,0.9237049045,0.1645568931,0.1235382088,0.1596405123
47151,"Scott County, TN",119.0,22035.0,540.0,Scott County,TN,46923.0,0.8047470662,0.0036534211,0.0133507735,1.0
47153,"Sequatchie County, TN",51.0,16909.0,301.6,Sequatchie County,TN,62157.0,0.8171418959,0.0103723559,0.0501719014,1.0
47155,"Sevier County, TN",359.0,98789.0,363.4,Sevier County,TN,60704.0,0.8779735062,0.0134788513,0.0963939043,0.5336552145
47157,"Shelby County, TN",2824.0,916371.0,308.2,Shelby County,TN,62402.0,0.8983167313,0.5333468126,0.0889585316,0.0340276463
47159,"Smith County, TN",83.0,20489.0,405.1,Smith County,TN,72153.0,0.8734132581,0.0251728503,0.0341318532,1.0
47161,"Stewart County, TN",59.0,14035.0,420.4,Stewart County,TN,60634.0,0.8990510802,0.0202503164,0.0310786106,1.0
47163,"Sullivan County, TN",832.0,160820.0,517.3,Sullivan County,TN,57016.0,0.8963483338,0.0235544454,0.0278286613,0.2653591548
47165,"Sumner County, TN",655.0,203858.0,321.3,Sumner County,TN,86376.0,0.9179851236,0.0845360924,0.0747713876,0.2525919473
47167,"Tipton County, TN",223.0,61656.0,361.7,Tipton County,TN,70886.0,0.8925346682,0.1830524873,0.0321857615,0.6666229293
47169,"Trousdale County, TN",31.0,12111.0,256.0,Trousdale County,TN,62658.0,0.8504122497,0.1100154837,0.0436802217,1.0
47171,"Unicoi County, TN",106.0,17674.0,599.8,Unicoi County,TN,54955.0,0.8797660641,0.0064766839,0.0684275738,0.5144466756
47173,"Union County, TN",85.0,20452.0,415.6,Union County,TN,64244.0,0.8333449794,0.0065570609,0.0252157562,1.0
47175,"Van Buren County, TN",20.0,6429.0,311.1,Van Buren County,TN,58584.0,0.8421744849,0.0095487448,0.0261820422,1.0
47177,"Warren County, TN",219.0,42026.0,521.1,Warren County,TN,49436.0,0.8479028929,0.0333036259,0.1009897275,0.6163651015
47179,"Washington County, TN",458.0,136172.0,336.3,Washington County,TN,62028.0,0.9113903588,0.0411067765,0.0502311805,0.2575995669
47181,"Wayne County, TN",70.0,16308.0,429.2,Wayne County,TN,51817.0,0.8350774722,0.0630524088,0.0293165692,1.0
47183,"Weakley County, TN",144.0,33063.0,435.5,Weakley County,TN,55285.0,0.8796042041,0.0826079071,0.0331882481,0.6743662999
47185,"White County, TN",158.0,28064.0,563.0,White County,TN,63690.0,0.8338857085,0.0169036665,0.0337724801,0.791927169
47187,"Williamson County, TN",420.0,260815.0,161.0,Williamson County,TN,136007.0,0.9593127312,0.0401383952,0.0604136731,0.1864196733
47189,"Wilson County, TN",473.0,158555.0,298.3,Wilson County,TN,96466.0,0.9354506649,0.0772999988,0.0674755917,0.3523829508
48001,"Anderson County, TX",199.0,58064.0,342.7,Anderson County,TX,56548.0,0.8598529306,0.2040494665,0.1964978523,0.6786195228
48003,"Andrews County, TX",46.0,18334.0,250.9,Andrews County,TX,80936.0,0.7687179025,0.0146806687,0.581600943,0.1831810854
48005,"Angelina County, TX",313.0,87101.0,359.4,Angelina County,TX,57298.0,0.8487863182,0.1477112656,0.2382871998,0.5190578158
48007,"Aransas County, TX",124.0,24944.0,497.1,Aransas County,TX,60112.0,0.9144671768,0.0158823993,0.2729565697,0.2357532522
48009,"Archer County, TX",25.0,8835.0,283.0,Archer County,TX,71672.0,0.9099820291,0.0127367372,0.0960239229,0.8735981308
48013,"Atascosa County, TX",185.0,50864.0,363.7,Atascosa County,TX,58330.0,0.8087796694,0.0116252124,0.6601073691,0.7145219575
48015,"Austin County, TX",113.0,31097.0,363.4,Austin County,TX,73248.0,0.8845665962,0.0857404426,0.2824446759,0.7883448802
48019,"Bandera County, TX",93.0,22115.0,420.5,Bandera County,TX,66649.0,0.9191066403,0.0140036224,0.2159738481,1.0
48021,"Bastrop County, TX",248.0,106188.0,233.5,Bastrop County,TX,77345.0,0.8186208546,0.059903591,0.4590442146,0.7200460829
48025,"Bee County, TX",84.0,30394.0,276.4,Bee County,TX,54072.0,0.8156780647,0.0841815235,0.6166936791,0.5416626405
48027,"Bell County, TX",822.0,388386.0,211.6,Bell County,TX,69562.0,0.9100864627,0.224907361,0.2664238682,0.1369065445
48029,"Bexar County, TX",4572.0,2059530.0,222.0,Bexar County,TX,69755.0,0.8642697484,0.0807772651,0.5980972171,0.0470765292
48031,"Blanco County, TX",40.0,12418.0,322.1,Blanco County,TX,91031.0,0.9248811068,0.0116492949,0.1850858369,1.0
48035,"Bosque County, TX",104.0,18697.0,556.2,Bosque County,TX,66325.0,0.8818844894,0.0185302169,0.1957780585,1.0
48037,"Bowie County, TX",455.0,92035.0,494.4,Bowie County,TX,55343.0,0.9001330277,0.254474462,0.0872424662,0.379436556
48039,"Brazoria County, TX",824.0,388181.0,212.3,Brazoria County,TX,93071.0,0.8918111201,0.1684221608,0.3183802997,0.2259542888
48041,"Brazos County, TX",432.0,242014.0,178.5,Brazos County,TX,55724.0,0.8900504087,0.1075834787,0.2745654937,0.1185038208
48043,"Brewster County, TX",24.0,9343.0,256.9,Brewster County,TX,57871.0,0.8996930804,0.0240723221,0.4204772417,0.3418185627
48047,"Brooks County, TX",36.0,6906.0,521.3,Brooks County,TX,36695.0,0.6735801512,0.0268691589,0.8691588785,0.3644714528
48049,"Brown County, TX",204.0,38373.0,531.6,Brown County,TX,57744.0,0.8774316878,0.036244801,0.228990674,0.4339939625
48051,"Burleson County, TX",94.0,18657.0,503.8,Burleson County,TX,63764.0,0.8511528803,0.1043902439,0.231732991,1.0
48053,"Burnet County, TX",179.0,52502.0,340.9,Burnet County,TX,77824.0,0.8920027155,0.0168917042,0.2350391732,0.6732342764
48055,"Caldwell County, TX",120.0,47848.0,250.8,Caldwell County,TX,63395.0,0.8031975638,0.0518462063,0.575924106,0.5459320445
48057,"Calhoun County, TX",68.0,19706.0,345.1,Calhoun County,TX,68885.0,0.8247200689,0.0219333875,0.4966490658,0.400427733
48059,"Callahan County, TX",47.0,14210.0,330.8,Callahan County,TX,63378.0,0.9307425541,0.0173925143,0.1178516766,1.0
48061,"Cameron County, TX",1011.0,425208.0,237.8,Cameron County,TX,51716.0,0.7164206715,0.0064352839,0.8915797614,0.1758147533
48063,"Camp County, TX",53.0,12716.0,416.8,Camp County,TX,53775.0,0.8411771715,0.1476153846,0.2788461538,1.0
48065,"Carson County, TX",31.0,5784.0,536.0,Carson County,TX,73716.0,0.9356373654,0.014290575,0.1126233413,1.0
48067,"Cass County, TX",168.0,28539.0,588.7,Cass County,TX,52092.0,0.872808321,0.1598450748,0.0577131093,0.8056160821
48071,"Chambers County, TX",121.0,51288.0,235.9,Chambers County,TX,103034.0,0.8949587886,0.086197936,0.2733499146,0.5410663288
48073,"Cherokee County, TX",187.0,51645.0,362.1,Cherokee County,TX,57691.0,0.8069478762,0.1317961583,0.2418752514,0.7246488931
48075,"Childress County, TX",24.0,6809.0,352.5,Childress County,TX,53921.0,0.8393834922,0.0967884502,0.3126104891,0.3223289316
48077,"Clay County, TX",45.0,10486.0,429.1,Clay County,TX,73557.0,0.9277893639,0.0129446824,0.0734773701,1.0
48083,"Coleman County, TX",37.0,7850.0,471.3,Coleman County,TX,48955.0,0.8859295602,0.0314970671,0.1694720735,0.5316241541
48085,"Collin County, TX",1528.0,1158696.0,131.9,Collin County,TX,120149.0,0.9447256688,0.1146810289,0.1609466277,0.0614956809
48089,"Colorado County, TX",100.0,20754.0,481.8,Colorado County,TX,61410.0,0.8843259968,0.1121371407,0.3101292797,1.0
48091,"Comal County, TX",447.0,184642.0,242.1,Comal County,TX,99871.0,0.9420489122,0.0301658347,0.2881739615,0.4661147609
48093,"Comanche County, TX",75.0,13878.0,540.4,Comanche County,TX,54726.0,0.8460101691,0.009252669,0.2980071174,1.0
48097,"Cooke County, TX",144.0,43050.0,334.5,Cooke County,TX,75003.0,0.8839062065,0.0315198027,0.2114110822,0.6029567054
48099,"Coryell County, TX",140.0,85057.0,164.6,Coryell County,TX,72724.0,0.9065629102,0.1621739438,0.2111147765,0.1952872083
48111,"Dallam County, TX",21.0,7241.0,290.0,Dallam County,TX,61424.0,0.8073248408,0.0178250656,0.5489843858,0.2330288124
48113,"Dallas County, TX",5216.0,2600840.0,200.6,Dallas County,TX,74352.0,0.8168122272,0.2302273901,0.4135475633,0.0057825806
48115,"Dawson County, TX",45.0,12130.0,371.0,Dawson County,TX,55057.0,0.7231554062,0.0643952016,0.5638120626,0.2990526654
48117,"Deaf Smith County, TX",39.0,18377.0,212.2,Deaf Smith County,TX,60118.0,0.7140867304,0.010192402,0.7712977599,0.1648280687
48119,"Delta County, TX",25.0,5406.0,462.4,Delta County,TX,56945.0,0.8995202559,0.0576086957,0.0998188406,1.0
48121,"Denton County, TX",1281.0,977281.0,131.1,Denton County,TX,107401.0,0.9341044862,0.1181727156,0.2049949241,0.0720370865
48123,"DeWitt County, TX",63.0,19772.0,318.6,DeWitt County,TX,61067.0,0.8542299349,0.0766721863,0.3607305936,0.5139729621
48127,"Dimmit County, TX",30.0,8387.0,357.7,Dimmit County,TX,45002.0,0.7439071567,0.0152597796,0.8744095919,0.3482298317
48129,"Donley County, TX",20.0,3339.0,599.0,Donley County,TX,48934.0,0.8353686115,0.0528935905,0.1334785314,1.0
48131,"Duval County, TX",41.0,9888.0,414.6,Duval County,TX,40415.0,0.7357077346,0.0224906289,0.8195543524,1.0
48133,"Eastland County, TX",95.0,17944.0,529.4,Eastland County,TX,52188.0,0.849716679,0.0206242723,0.172423352,1.0
48135,"Ector County, TX",379.0,160869.0,235.6,Ector County,TX,66813.0,0.7762595723,0.0454910209,0.6453974005,0.0909057885
48139,"Ellis County, TX",454.0,212182.0,214.0,Ellis County,TX,90077.0,0.8764632741,0.1652836929,0.284128188,0.3069444805
48141,"El Paso County, TX",1733.0,868763.0,199.5,El Paso County,TX,58656.0,0.806474437,0.0346220168,0.8283464386,0.0402364909
48143,"Erath County, TX",110.0,43895.0,250.6,Erath County,TX,63564.0,0.8706042885,0.0191650639,0.2240298676,0.5098836526
48145,"Falls County, TX",66.0,17049.0,387.1,Falls County,TX,49940.0,0.8488113844,0.2136410968,0.2585329168,0.6819896275
48147,"Fannin County, TX",185.0,37125.0,498.3,Fannin County,TX,66381.0,0.8676720804,0.0650235554,0.1374464348,0.7813078347
48149,"Fayette County, TX",144.0,24913.0,578.0,Fayette County,TX,71442.0,0.9025344353,0.0567637591,0.2217555154,0.7945569879
48157,"Fort Bend County, TX",1293.0,889146.0,145.4,Fort Bend County,TX,106213.0,0.9193230241,0.2172717932,0.2474884869,0.0479800773
48159,"Franklin County, TX",43.0,10618.0,405.0,Franklin County,TX,59972.0,0.9088461021,0.0460176991,0.144201211,1.0
48161,"Freestone County, TX",85.0,19950.0,426.1,Freestone County,TX,58850.0,0.865872902,0.140942224,0.1742086982,1.0
48163,"Frio County, TX",54.0,17815.0,303.1,Frio County,TX,50112.0,0.705788776,0.0384722299,0.7765608495,0.5070437857
48165,"Gaines County, TX",43.0,22181.0,193.9,Gaines County,TX,66019.0,0.5826691538,0.0157172668,0.4067841762,0.6727474766
48167,"Galveston County, TX",1003.0,357117.0,280.9,Galveston County,TX,83080.0,0.8984563334,0.1272004511,0.2673354638,0.0406436601
48169,"Garza County, TX",25.0,6262.0,399.2,Garza County,TX,53190.0,0.6806296692,0.0573389418,0.5344255037,1.0
48171,"Gillespie County, TX",119.0,27477.0,433.1,Gillespie County,TX,76238.0,0.8928079496,0.0061298814,0.2331518408,0.5644153414
48177,"Gonzales County, TX",64.0,19832.0,322.7,Gonzales County,TX,56350.0,0.7699169486,0.0572503763,0.5116407426,0.6462117743
48179,"Gray County, TX",91.0,21015.0,433.0,Gray County,TX,56726.0,0.8475841769,0.0469018933,0.3225760184,0.2054930042
48181,"Grayson County, TX",493.0,143131.0,344.4,Grayson County,TX,69442.0,0.9046480631,0.0586221215,0.1672350535,0.4768966306
48183,"Gregg County, TX",504.0,125443.0,401.8,Gregg County,TX,61254.0,0.8675580472,0.20361525,0.2046846162,0.1346034659
48185,"Grimes County, TX",123.0,30754.0,399.9,Grimes County,TX,64708.0,0.8194894266,0.1319478755,0.2571949111,0.7451824518
48187,"Guadalupe County, TX",408.0,182760.0,223.2,Guadalupe County,TX,94952.0,0.8930164937,0.0804758721,0.3946586435,0.2482195176
48189,"Hale County, TX",111.0,31827.0,348.8,Hale County,TX,52487.0,0.7512016824,0.0475425837,0.6195019049,0.3046245618
48193,"Hamilton County, TX",46.0,8298.0,554.4,Hamilton County,TX,59403.0,0.8834901625,0.0105580694,0.1453764938,1.0
48195,"Hansford County, TX",21.0,5151.0,407.7,Hansford County,TX,68171.0,0.7462039046,0.0094655886,0.5002957996,1.0
48199,"Hardin County, TX",220.0,57811.0,380.6,Hardin County,TX,73943.0,0.8990512628,0.0582379293,0.0717632722,0.5072113247
48201,"Harris County, TX",8763.0,4780913.0,183.3,Harris County,TX,72348.0,0.8248133128,0.1974838293,0.4406328689,0.0113372133
48203,"Harrison County, TX",219.0,69955.0,313.1,Harrison County,TX,62710.0,0.891533529,0.2063050991,0.1507440581,0.5490492308
48207,"Haskell County, TX",23.0,5403.0,425.7,Haskell County,TX,49755.0,0.833120041,0.0425255339,0.2681522748,1.0
48209,"Hays County, TX",414.0,269225.0,153.8,Hays County,TX,88491.0,0.9148667496,0.0416277461,0.3958664604,0.2974359825
48213,"Henderson County, TX",391.0,84511.0,462.7,Henderson County,TX,58965.0,0.8752111059,0.0606211843,0.1537175886,0.6594400487
48215,"Hidalgo County, TX",1718.0,888367.0,193.4,Hidalgo County,TX,53160.0,0.6934862043,0.0064643155,0.9193841537,0.0890522416
48217,"Hill County, TX",165.0,37329.0,442.0,Hill County,TX,61840.0,0.8692672431,0.0557203223,0.2347444949,0.775101745
48219,"Hockley County, TX",87.0,21161.0,411.1,Hockley County,TX,60851.0,0.7989047097,0.0331314073,0.4989282386,0.4149138692
48221,"Hood County, TX",219.0,66373.0,330.0,Hood County,TX,82428.0,0.9225988943,0.0130581049,0.1418095435,0.4108412611
48223,"Hopkins County, TX",147.0,37804.0,388.8,Hopkins County,TX,61112.0,0.846346009,0.0666981033,0.1924709211,0.6008644358
48225,"Houston County, TX",118.0,21950.0,537.6,Houston County,TX,52649.0,0.8266683023,0.2310341702,0.1468322306,0.7310341702
48227,"Howard County, TX",120.0,33672.0,356.4,Howard County,TX,63398.0,0.81223916,0.0465732801,0.4791516659,0.1693918531
48231,"Hunt County, TX",375.0,108282.0,346.3,Hunt County,TX,70427.0,0.8631770675,0.0831517376,0.2216291565,0.6132598343
48233,"Hutchinson County, TX",100.0,20215.0,494.7,Hutchinson County,TX,64752.0,0.8582941572,0.0240103829,0.2527329906,0.3768249503
48237,"Jack County, TX",34.0,8922.0,381.1,Jack County,TX,62721.0,0.8024859527,0.0352676056,0.1878309859,1.0
48239,"Jackson County, TX",46.0,15142.0,303.8,Jackson County,TX,62026.0,0.8298099302,0.0599172196,0.3342093161,0.6056845476
48241,"Jasper County, TX",154.0,32484.0,474.1,Jasper County,TX,58113.0,0.883383845,0.1550437389,0.0726432985,0.7785627653
48245,"Jefferson County, TX",902.0,250830.0,359.6,Jefferson County,TX,59298.0,0.8488394048,0.3325500207,0.2456619588,0.0984695508
48249,"Jim Wells County, TX",135.0,38826.0,347.7,Jim Wells County,TX,50814.0,0.7920511575,0.0074233097,0.7962857586,0.5008356689
48251,"Johnson County, TX",496.0,195506.0,253.7,Johnson County,TX,83229.0,0.8692247265,0.0575833144,0.2589179226,0.4647273617
48253,"Jones County, TX",60.0,19935.0,301.0,Jones County,TX,51671.0,0.8108638301,0.121731024,0.2876698886,1.0
48255,"Karnes County, TX",50.0,14836.0,337.0,Karnes County,TX,62059.0,0.771722561,0.1017445732,0.5355573312,1.0
48257,"Kaufman County, TX",395.0,172366.0,229.2,Kaufman County,TX,90064.0,0.8633668446,0.2075232915,0.280505143,0.4192209758
48259,"Kendall County, TX",141.0,48973.0,287.9,Kendall County,TX,112618.0,0.935578016,0.014682312,0.2482933296,0.5680345085
48265,"Kerr County, TX",261.0,53741.0,485.7,Kerr County,TX,64662.0,0.9031737906,0.0149680052,0.2714272466,0.3945777406
48273,"Kleberg County, TX",67.0,30362.0,220.7,Kleberg County,TX,52903.0,0.8382785043,0.0346203731,0.7187136253,0.1963595361
48277,"Lamar County, TX",214.0,50484.0,423.9,Lamar County,TX,56275.0,0.8803110166,0.1312809279,0.0995364485,0.4750838524
48279,"Lamb County, TX",40.0,12724.0,314.4,Lamb County,TX,57113.0,0.7739463602,0.0362677995,0.5839823775,0.5687236489
48281,"Lampasas County, TX",78.0,22785.0,342.3,Lampasas County,TX,71484.0,0.9027671512,0.0401083312,0.2100421288,0.6613492394
48285,"Lavaca County, TX",84.0,20589.0,408.0,Lavaca County,TX,64145.0,0.8712600084,0.0560497788,0.2011083564,0.8238678271
48287,"Lee County, TX",61.0,17954.0,339.8,Lee County,TX,71112.0,0.8319581085,0.089747807,0.2695175439,1.0
48289,"Leon County, TX",83.0,16209.0,512.1,Leon County,TX,59488.0,0.8631486368,0.0605272705,0.1696698513,1.0
48291,"Liberty County, TX",309.0,101992.0,303.0,Liberty County,TX,72329.0,0.7807827653,0.0795127087,0.4179381558,0.7737045445
48293,"Limestone County, TX",92.0,22253.0,413.4,Limestone County,TX,53482.0,0.8555355536,0.161752809,0.239011236,0.699223336
48297,"Live Oak County, TX",42.0,11428.0,367.5,Live Oak County,TX,59202.0,0.7690736513,0.0628453039,0.421875,1.0
48299,"Llano County, TX",107.0,22540.0,474.7,Llano County,TX,71475.0,0.9192127246,0.0118469945,0.1405464481,0.502141882
48303,"Lubbock County, TX",867.0,317561.0,273.0,Lubbock County,TX,57883.0,0.8881449661,0.0722502648,0.3660746557,0.1052057211
48307,"McCulloch County, TX",41.0,7497.0,546.9,McCulloch County,TX,47814.0,0.8275990329,0.0232152442,0.3024691358,0.3595019659
48309,"McLennan County, TX",812.0,266836.0,304.3,McLennan County,TX,63377.0,0.8809495908,0.139286552,0.2716329775,0.2402188971
48313,"Madison County, TX",44.0,13661.0,322.1,Madison County,TX,53301.0,0.8020354563,0.1765390773,0.2656818513,1.0
48315,"Marion County, TX",56.0,9560.0,585.8,Marion County,TX,47660.0,0.8661217587,0.1928743078,0.0544352732,1.0
48321,"Matagorda County, TX",122.0,36125.0,337.7,Matagorda County,TX,58996.0,0.8274630337,0.1013504222,0.4407161913,0.4673562267
48323,"Maverick County, TX",140.0,57843.0,242.0,Maverick County,TX,46052.0,0.6772626402,0.0055399744,0.9469374329,0.0657142364
48325,"Medina County, TX",170.0,53723.0,316.4,Medina County,TX,70707.0,0.859534962,0.0344361918,0.5209956749,0.8426144873
48329,"Midland County, TX",336.0,171999.0,195.3,Midland County,TX,94375.0,0.8623904375,0.0672527497,0.4705772749,0.1372137214
48331,"Milam County, TX",119.0,25628.0,464.3,Milam County,TX,63456.0,0.8672099162,0.0835035259,0.2595275712,0.5711804153
48333,"Mills County, TX",23.0,4500.0,511.1,Mills County,TX,56328.0,0.8947826087,0.0147317502,0.1737027265,1.0
48335,"Mitchell County, TX",22.0,8943.0,246.0,Mitchell County,TX,53255.0,0.8327033689,0.1117355372,0.3885399449,0.3505005562
48337,"Montague County, TX",127.0,21063.0,603.0,Montague County,TX,60336.0,0.8687582243,0.0093527178,0.1244559681,0.7285750063
48339,"Montgomery County, TX",1388.0,678490.0,204.6,Montgomery County,TX,92578.0,0.9015991707,0.0708100327,0.282579419,0.2287623521
48341,"Moore County, TX",42.0,20996.0,200.0,Moore County,TX,64003.0,0.7019292092,0.0484190656,0.6149126947,0.314589381
48343,"Morris County, TX",66.0,12083.0,546.2,Morris County,TX,51598.0,0.8705996601,0.211503398,0.1161942649,1.0
48347,"Nacogdoches County, TX",227.0,64862.0,350.0,Nacogdoches County,TX,52516.0,0.8515177889,0.1652313576,0.2183709369,0.4782608696
48349,"Navarro County, TX",209.0,54636.0,382.5,Navarro County,TX,59659.0,0.7935075589,0.1173721578,0.3276714299,0.5367132867
48351,"Newton County, TX",59.0,12052.0,489.5,Newton County,TX,51302.0,0.8444721341,0.1657945012,0.0390397874,1.0
48353,"Nolan County, TX",56.0,14473.0,386.9,Nolan County,TX,53370.0,0.8350375626,0.0458548861,0.3787921152,0.2962410096
48355,"Nueces County, TX",964.0,351674.0,274.1,Nueces County,TX,63669.0,0.8526326597,0.0371144146,0.6291709364,0.062770048
48357,"Ochiltree County, TX",25.0,9606.0,260.3,Ochiltree County,TX,71770.0,0.8091884641,0.006079967,0.578215169,0.1621567649
48361,"Orange County, TX",349.0,84934.0,410.9,Orange County,TX,66029.0,0.9098648768,0.0896269336,0.1002543104,0.3606853127
48363,"Palo Pinto County, TX",129.0,29239.0,441.2,Palo Pinto County,TX,55417.0,0.8614209627,0.0226241302,0.2075503412,0.5037840121
48365,"Panola County, TX",104.0,22677.0,458.6,Panola County,TX,63482.0,0.8504400725,0.1501007093,0.1059637446,0.7186430128
48367,"Parker County, TX",409.0,165834.0,246.6,Parker County,TX,98121.0,0.9051862646,0.0182369419,0.1513885206,0.6434807249
48369,"Parmer County, TX",24.0,9620.0,249.5,Parmer County,TX,62913.0,0.7272285251,0.0123739212,0.6676718311,1.0
48371,"Pecos County, TX",41.0,14735.0,278.2,Pecos County,TX,58265.0,0.7905485399,0.0391848458,0.7137386309,0.4371750148
48373,"Polk County, TX",225.0,53255.0,422.5,Polk County,TX,57009.0,0.8178585751,0.0886575868,0.1557782453,0.8884344512
48375,"Potter County, TX",418.0,115645.0,361.5,Potter County,TX,51177.0,0.774038848,0.1031863023,0.3985102096,0.1126429023
48379,"Rains County, TX",35.0,12823.0,272.9,Rains County,TX,63796.0,0.8981717687,0.0275681503,0.106961343,1.0
48381,"Randall County, TX",413.0,146140.0,282.6,Randall County,TX,81705.0,0.9364791098,0.0376108732,0.2531246838,0.1697725803
48387,"Red River County, TX",70.0,11542.0,606.5,Red River County,TX,49265.0,0.8706432749,0.1508820003,0.0797225552,1.0
48389,"Reeves County, TX",27.0,12905.0,209.2,Reeves County,TX,57179.0,0.7125956023,0.01971113,0.856924384,0.1130322756
48391,"Refugio County, TX",22.0,6632.0,331.7,Refugio County,TX,52641.0,0.8264568269,0.0585058506,0.5103510351,1.0
48395,"Robertson County, TX",74.0,17153.0,431.4,Robertson County,TX,60078.0,0.8476798344,0.1809810621,0.2269068165,1.0
48397,"Rockwall County, TX",198.0,123208.0,160.7,Rockwall County,TX,118175.0,0.9419079533,0.0992102477,0.2148628786,0.1373598345
48399,"Runnels County, TX",35.0,9859.0,355.0,Runnels County,TX,61643.0,0.8620891161,0.0213822456,0.3541751115,1.0
48401,"Rusk County, TX",187.0,53333.0,350.6,Rusk County,TX,65812.0,0.8487640697,0.159328548,0.1951054089,0.6407476922
48403,"Sabine County, TX",73.0,10048.0,726.5,Sabine County,TX,58723.0,0.873483088,0.0666930536,0.0466059766,1.0
48405,"San Augustine County, TX",54.0,7857.0,687.3,San Augustine County,TX,50908.0,0.8168453822,0.2096259415,0.0837482446,1.0
48407,"San Jacinto County, TX",105.0,28348.0,370.4,San Jacinto County,TX,66009.0,0.8443799633,0.0840475532,0.1991636716,1.0
48409,"San Patricio County, TX",203.0,69954.0,290.2,San Patricio County,TX,61411.0,0.8388520487,0.0171384093,0.5656948769,0.2783215766
48411,"San Saba County, TX",20.0,5824.0,343.4,San Saba County,TX,52325.0,0.844844358,0.043798118,0.3067579127,1.0
48415,"Scurry County, TX",49.0,16686.0,293.7,Scurry County,TX,69881.0,0.8518314514,0.0368245744,0.4391808537,0.3180368533
48419,"Shelby County, TX",93.0,24008.0,387.4,Shelby County,TX,54359.0,0.8249237417,0.1653500972,0.2014144506,0.7867371576
48423,"Smith County, TX",817.0,241922.0,337.7,Smith County,TX,71348.0,0.8799832358,0.1704749826,0.211338083,0.3492476839
48425,"Somervell County, TX",30.0,9757.0,307.5,Somervell County,TX,78913.0,0.9134601209,0.0115291262,0.180420712,1.0
48427,"Starr County, TX",139.0,65728.0,211.5,Starr County,TX,38824.0,0.6007353943,0.0022295022,0.9698183032,0.2859526699
48429,"Stephens County, TX",27.0,9390.0,287.5,Stephens County,TX,59099.0,0.8332545311,0.0322166328,0.2573049342,0.400615317
48437,"Swisher County, TX",33.0,6881.0,479.6,Swisher County,TX,52350.0,0.803304309,0.081092739,0.4671459382,1.0
48439,"Tarrant County, TX",4207.0,2154595.0,195.3,Tarrant County,TX,80083.0,0.8711978389,0.1838061116,0.3050628348,0.0122815828
48441,"Taylor County, TX",456.0,145163.0,314.1,Taylor County,TX,62128.0,0.9056559043,0.0803072816,0.2544267073,0.1750600525
48445,"Terry County, TX",55.0,11567.0,475.5,Terry County,TX,44361.0,0.7774468661,0.0377587252,0.5719234433,0.3014960696
48449,"Titus County, TX",101.0,31208.0,323.6,Titus County,TX,57559.0,0.771097262,0.0921325382,0.4543802022,0.5065446283
48451,"Tom Green County, TX",326.0,118892.0,274.2,Tom Green County,TX,60379.0,0.8715790818,0.0352016261,0.4122731129,0.1668374957
48453,"Travis County, TX",1778.0,1326436.0,134.0,Travis County,TX,97544.0,0.9153788379,0.086077421,0.3237263111,0.0511065054
48455,"Trinity County, TX",75.0,13996.0,535.9,Trinity County,TX,49277.0,0.8896572162,0.0846921563,0.119623278,1.0
48457,"Tyler County, TX",119.0,20030.0,594.1,Tyler County,TX,54438.0,0.8311333014,0.1125502895,0.0885094691,1.0
48459,"Upshur County, TX",181.0,42488.0,426.0,Upshur County,TX,61533.0,0.8684256448,0.076754234,0.1070908713,0.8069059963
48463,"Uvalde County, TX",90.0,24940.0,360.9,Uvalde County,TX,49006.0,0.7826928037,0.0092147436,0.7114583333,0.3516528253
48465,"Val Verde County, TX",117.0,47606.0,245.8,Val Verde County,TX,56619.0,0.7506985408,0.0158424141,0.8124895222,0.1030975497
48467,"Van Zandt County, TX",229.0,62859.0,364.3,Van Zandt County,TX,66356.0,0.8731320525,0.029515625,0.1401875,1.0
48469,"Victoria County, TX",291.0,91065.0,319.6,Victoria County,TX,69442.0,0.8505432971,0.0570998429,0.4839849887,0.2774121486
48471,"Walker County, TX",209.0,78870.0,265.0,Walker County,TX,56863.0,0.8476277721,0.2166904563,0.2173057046,0.4317408377
48473,"Waller County, TX",159.0,61894.0,256.9,Waller County,TX,77209.0,0.839433742,0.2368574261,0.3396692524,0.7736028454
48475,"Ward County, TX",35.0,10964.0,319.2,Ward County,TX,65610.0,0.8104198848,0.0405799745,0.5708553711,0.2131569907
48477,"Washington County, TX",106.0,36159.0,293.1,Washington County,TX,67927.0,0.9038422444,0.1575377631,0.187072716,0.514173998
48479,"Webb County, TX",429.0,267780.0,160.2,Webb County,TX,57899.0,0.6978856325,0.0049340883,0.9490874909,0.058596704
48481,"Wharton County, TX",170.0,41824.0,406.5,Wharton County,TX,60496.0,0.8394372326,0.1249430988,0.4234409066,0.4752946837
48483,"Wheeler County, TX",21.0,4807.0,436.9,Wheeler County,TX,54682.0,0.8763345196,0.0276852623,0.2504163197,1.0
48485,"Wichita County, TX",429.0,129978.0,330.1,Wichita County,TX,61622.0,0.880377817,0.1056153019,0.2091181441,0.1274835717
48487,"Wilbarger County, TX",45.0,12491.0,360.3,Wilbarger County,TX,53416.0,0.8129196573,0.0763456317,0.308097748,0.260960658
48489,"Willacy County, TX",51.0,20143.0,253.2,Willacy County,TX,42279.0,0.6773145642,0.0221590058,0.871737286,0.3559809562
48491,"Williamson County, TX",1055.0,671418.0,157.1,Williamson County,TX,111183.0,0.9415971312,0.0730646265,0.2488586341,0.0915261807
48493,"Wilson County, TX",146.0,52735.0,276.9,Wilson County,TX,85288.0,0.896076712,0.0195079638,0.4069357548,0.8731131791
48497,"Wise County, TX",236.0,74895.0,315.1,Wise County,TX,89873.0,0.8663876697,0.0182849533,0.2149762475,0.9050734351
48499,"Wood County, TX",257.0,46857.0,548.5,Wood County,TX,58813.0,0.8672354039,0.0405458985,0.1167963941,0.8729121602
48501,"Yoakum County, TX",21.0,7451.0,281.8,Yoakum County,TX,64634.0,0.7573333333,0.0123192287,0.6581414033,1.0
48503,"Young County, TX",90.0,17962.0,501.1,Young County,TX,64187.0,0.893815261,0.0148973736,0.2100529684,0.5195052331
48505,"Zapata County, TX",27.0,13849.0,195.0,Zapata County,TX,41688.0,0.6406092649,0.0057513104,0.9424868957,0.2121823025
48507,"Zavala County, TX",29.0,9377.0,309.3,Zavala County,TX,36878.0,0.733788994,0.0093427835,0.9265463918,0.306204757
49001,"Beaver County, UT",24.0,7327.0,327.6,Beaver County,UT,67100.0,0.9341955979,0.0082953131,0.1448914697,1.0
49003,"Box Elder County, UT",153.0,61498.0,248.8,Box Elder County,UT,83493.0,0.9257896351,0.0043870844,0.1035670985,0.3173793917
49005,"Cache County, UT",196.0,140173.0,139.8,Cache County,UT,83027.0,0.9399147085,0.0091717992,0.1190999558,0.1443967136
49007,"Carbon County, UT",98.0,20571.0,476.4,Carbon County,UT,59838.0,0.9180548293,0.0052404289,0.1350866126,0.3461689202
49011,"Davis County, UT",570.0,369948.0,154.1,Davis County,UT,111081.0,0.9603207893,0.0125131629,0.1198289421,0.0083655243
49013,"Duchesne County, UT",44.0,20161.0,218.2,Duchesne County,UT,75705.0,0.9062946466,0.0032719637,0.077306246,0.6804960196
49015,"Emery County, UT",41.0,10099.0,406.0,Emery County,UT,68823.0,0.931743292,0.0030559937,0.0732452681,1.0
49019,"Grand County, UT",21.0,9769.0,215.0,Grand County,UT,67360.0,0.942575406,0.0083453534,0.131155986,0.179542869
49021,"Iron County, UT",113.0,62429.0,181.0,Iron County,UT,68170.0,0.9316773834,0.0068056875,0.1070844559,0.2860933163
49023,"Juab County, UT",23.0,12567.0,183.0,Juab County,UT,85382.0,0.9246065808,0.0038393611,0.0562082469,0.462922111
49025,"Kane County, UT",26.0,8227.0,316.0,Kane County,UT,69247.0,0.9473043478,0.0072403561,0.0522255193,1.0
49027,"Millard County, UT",29.0,13330.0,217.6,Millard County,UT,66467.0,0.9131473102,0.0033489618,0.1335119446,1.0
49029,"Morgan County, UT",27.0,12832.0,210.4,Morgan County,UT,122672.0,0.9758008113,0.0035384615,0.0292307692,1.0
49035,"Salt Lake County, UT",2016.0,1186257.0,169.9,Salt Lake County,UT,94013.0,0.9170891837,0.0195351206,0.2070031278,0.0069142231
49037,"San Juan County, UT",28.0,14359.0,195.0,San Juan County,UT,57941.0,0.8772717074,0.0044574453,0.0588522078,1.0
49039,"Sanpete County, UT",71.0,29724.0,238.9,Sanpete County,UT,67295.0,0.9074971815,0.0093140007,0.1049641642,0.8224496255
49041,"Sevier County, UT",59.0,22069.0,267.3,Sevier County,UT,75024.0,0.9268062903,0.0046544934,0.0547798067,0.6100269492
49043,"Summit County, UT",51.0,43036.0,118.5,Summit County,UT,139848.0,0.9501224518,0.0078579948,0.1135667345,0.4464197181
49045,"Tooele County, UT",120.0,79934.0,150.1,Tooele County,UT,94200.0,0.927231907,0.009152844,0.15855992,0.1974744835
49047,"Uintah County, UT",73.0,37141.0,196.5,Uintah County,UT,70989.0,0.8934176514,0.0051129891,0.0885368374,0.4476417743
49049,"Utah County, UT",904.0,702434.0,128.7,Utah County,UT,100617.0,0.9538136031,0.0074474327,0.1462747541,0.0422915412
49051,"Wasatch County, UT",49.0,36619.0,133.8,Wasatch County,UT,121397.0,0.956474478,0.0048190825,0.1457839759,0.2786018167
49053,"Washington County, UT",467.0,197680.0,236.2,Washington County,UT,78094.0,0.943206487,0.0068361883,0.1236638808,0.1486584683
49057,"Weber County, UT",579.0,269561.0,214.8,Weber County,UT,86678.0,0.9234674768,0.0132903805,0.193890985,0.0559142409
50001,"Addison County, VT",112.0,37578.0,298.0,Addison County,VT,82234.0,0.9509945888,0.0120625663,0.0327942736,0.8352915986
50003,"Bennington County, VT",180.0,37392.0,481.4,Bennington County,VT,67124.0,0.9414603363,0.0132049593,0.0294489417,0.6315902214
50005,"Caledonia County, VT",122.0,30579.0,399.0,Caledonia County,VT,64229.0,0.9366031947,0.008395949,0.0219536099,0.8384877452
50007,"Chittenden County, VT",370.0,169301.0,218.5,Chittenden County,VT,96142.0,0.9550092356,0.0277789251,0.0289707991,0.2606536243
50011,"Franklin County, VT",158.0,50731.0,311.4,Franklin County,VT,85765.0,0.9297253409,0.0082362631,0.020492607,0.7723941857
50013,"Grand Isle County, VT",20.0,7489.0,267.1,Grand Isle County,VT,82896.0,0.9670310296,0.0089728137,0.0242399893,1.0
50015,"Lamoille County, VT",72.0,26090.0,276.0,Lamoille County,VT,72811.0,0.935276812,0.0120874904,0.0253645434,1.0
50017,"Orange County, VT",90.0,29846.0,301.5,Orange County,VT,73771.0,0.9474208596,0.006913135,0.0194035334,1.0
50019,"Orleans County, VT",108.0,27666.0,390.4,Orleans County,VT,59906.0,0.9188211986,0.0093763628,0.019588603,1.0
50021,"Rutland County, VT",183.0,60366.0,303.2,Rutland County,VT,62634.0,0.9372891887,0.0079972126,0.0228634003,0.6772436109
50023,"Washington County, VT",176.0,60048.0,293.1,Washington County,VT,79916.0,0.9573009656,0.0094443151,0.0278507532,0.665356898
50025,"Windham County, VT",161.0,45842.0,351.2,Windham County,VT,64436.0,0.9481719801,0.015511465,0.0320889353,0.7094216316
50027,"Windsor County, VT",221.0,58142.0,380.1,Windsor County,VT,77932.0,0.9489633174,0.0097760796,0.0245951016,0.7864353367
51001,"Accomack County, VA",151.0,33191.0,454.9,Accomack County,VA,56039.0,0.8277007629,0.2652306026,0.1119768946,0.9035405381
51003,"Albemarle County, VA",265.0,114534.0,231.4,Albemarle County,VA,102750.0,0.9444900577,0.0925516097,0.0740170822,0.4037457182
51005,"Alleghany County, VA",59.0,14835.0,397.7,Alleghany County,VA,58215.0,0.9006913891,0.0457005824,0.0168550874,0.5313670104
51007,"Amelia County, VA",45.0,13455.0,334.4,Amelia County,VA,71112.0,0.8556149733,0.1856083086,0.0420623145,1.0
51009,"Amherst County, VA",115.0,31589.0,364.1,Amherst County,VA,61499.0,0.885746252,0.1805007007,0.0303223341,0.6236624397
51011,"Appomattox County, VA",56.0,16748.0,334.4,Appomattox County,VA,64701.0,0.9204711547,0.1753439279,0.0260317837,1.0
51013,"Arlington County, VA",327.0,234000.0,139.7,Arlington County,VA,138416.0,0.9542507808,0.1004560945,0.1596672389,0.0
51015,"Augusta County, VA",279.0,78064.0,357.4,Augusta County,VA,72831.0,0.9080070216,0.0477462395,0.0419568801,0.8426445726
51019,"Bedford County, VA",240.0,80848.0,296.9,Bedford County,VA,72742.0,0.9227830181,0.0697454768,0.0295369519,0.707344391
51023,"Botetourt County, VA",102.0,34135.0,298.8,Botetourt County,VA,84395.0,0.9439341525,0.0311794872,0.0263736264,0.5943862365
51025,"Brunswick County, VA",88.0,15921.0,552.7,Brunswick County,VA,51441.0,0.7941127557,0.5270175884,0.030097149,1.0
51027,"Buchanan County, VA",92.0,19352.0,475.4,Buchanan County,VA,43446.0,0.7751697765,0.0436422696,0.0116833447,1.0
51029,"Buckingham County, VA",58.0,16982.0,341.5,Buckingham County,VA,57701.0,0.8473096287,0.3194722582,0.0267404877,1.0
51031,"Campbell County, VA",192.0,55141.0,348.2,Campbell County,VA,69570.0,0.9053892216,0.1498462095,0.0352994391,0.5685507038
51033,"Caroline County, VA",99.0,31957.0,309.8,Caroline County,VA,80562.0,0.8933070686,0.2526348039,0.0833026961,1.0
51035,"Carroll County, VA",125.0,29147.0,428.9,Carroll County,VA,53694.0,0.8525885559,0.0094394473,0.0435377407,0.9762647916
51036,"Charles City County, VA",30.0,6605.0,454.2,Charles City County,VA,73068.0,0.881726564,0.4170953101,0.0234493192,1.0
51037,"Charlotte County, VA",58.0,11475.0,505.4,Charlotte County,VA,50878.0,0.8142414861,0.2582921665,0.0286697248,1.0
51041,"Chesterfield County, VA",840.0,378408.0,222.0,Chesterfield County,VA,99401.0,0.9288815036,0.2444174681,0.1215574821,0.0803104118
51043,"Clarke County, VA",57.0,15266.0,373.4,Clarke County,VA,101205.0,0.9278703287,0.039764645,0.0837967154,1.0
51045,"Craig County, VA",21.0,4847.0,433.3,Craig County,VA,61531.0,0.8692982456,0.004955606,0.0148668181,1.0
51047,"Culpeper County, VA",137.0,54381.0,251.9,Culpeper County,VA,90465.0,0.8809563525,0.1262074109,0.1585505612,0.5706538286
51049,"Cumberland County, VA",30.0,9746.0,307.8,Cumberland County,VA,55713.0,0.8859613009,0.2882162381,0.0306742256,0.9330232558
51051,"Dickenson County, VA",56.0,13725.0,408.0,Dickenson County,VA,48157.0,0.8160463992,0.0069648094,0.0078445748,1.0
51053,"Dinwiddie County, VA",82.0,28161.0,291.2,Dinwiddie County,VA,83334.0,0.9127159947,0.3019440426,0.0454433193,0.7166422156
51057,"Essex County, VA",34.0,10630.0,319.8,Essex County,VA,62679.0,0.8574201061,0.357992074,0.0504812229,1.0
51059,"Fairfax County, VA",1734.0,1138331.0,152.3,Fairfax County,VA,141353.0,0.9323144717,0.1025197088,0.1768560214,0.0154175965
51061,"Fauquier County, VA",168.0,74664.0,225.0,Fauquier County,VA,111254.0,0.9189976575,0.0700192909,0.1323488326,0.574562846
51063,"Floyd County, VA",57.0,15619.0,364.9,Floyd County,VA,61164.0,0.9155955441,0.020090567,0.0301039607,1.0
51065,"Fluvanna County, VA",78.0,28159.0,277.0,Fluvanna County,VA,86462.0,0.9384953591,0.1459489846,0.0498910828,0.6394363096
51067,"Franklin County, VA",207.0,55074.0,375.9,Franklin County,VA,63692.0,0.9056956815,0.0780212065,0.0385605501,0.9006736788
51069,"Frederick County, VA",260.0,95051.0,273.5,Frederick County,VA,92108.0,0.8912311971,0.0466904182,0.1310915266,0.3940975071
51071,"Giles County, VA",77.0,16453.0,468.0,Giles County,VA,63384.0,0.912004614,0.0176824452,0.0183508537,1.0
51073,"Gloucester County, VA",136.0,39493.0,344.4,Gloucester County,VA,79016.0,0.9119813747,0.0759168185,0.0450607884,0.7257110382
51075,"Goochland County, VA",75.0,26109.0,287.3,Goochland County,VA,122002.0,0.950149346,0.1343162849,0.0387910431,0.9272859627
51077,"Grayson County, VA",82.0,15343.0,534.4,Grayson County,VA,42665.0,0.8426486902,0.0618907426,0.0450114491,0.9988912802
51079,"Greene County, VA",59.0,21107.0,279.5,Greene County,VA,83927.0,0.8986254296,0.0741279752,0.0771794751,1.0
51081,"Greensville County, VA",48.0,11226.0,427.6,Greensville County,VA,53908.0,0.7911702873,0.596963981,0.0300008982,0.8777982618
51083,"Halifax County, VA",168.0,33644.0,499.3,Halifax County,VA,50813.0,0.816195949,0.3455372099,0.0281466858,0.7821115749
51085,"Hanover County, VA",349.0,112938.0,309.0,Hanover County,VA,111485.0,0.9434518847,0.0918719557,0.0412709815,0.3700706499
51087,"Henrico County, VA",907.0,333962.0,271.6,Henrico County,VA,85877.0,0.9301948398,0.3002867726,0.0698261441,0.0369420047
51089,"Henry County, VA",263.0,49906.0,527.0,Henry County,VA,51959.0,0.8322936077,0.2220634985,0.0719890548,0.6506437937
51093,"Isle of Wight County, VA",137.0,40151.0,341.2,Isle of Wight County,VA,88536.0,0.9217634165,0.2238215716,0.0459580949,0.5845464436
51095,"James City County, VA",264.0,81199.0,325.1,James City County,VA,109735.0,0.9523177681,0.1382026278,0.0740557021,0.1416157641
51097,"King and Queen County, VA",28.0,6718.0,416.8,King and Queen County,VA,66578.0,0.9001915709,0.2367559524,0.0360119048,1.0
51099,"King George County, VA",59.0,27856.0,211.8,King George County,VA,101323.0,0.9111929388,0.1580089611,0.0732987959,1.0
51101,"King William County, VA",44.0,18492.0,237.9,King William County,VA,88124.0,0.935655995,0.1451918024,0.0357330531,1.0
51103,"Lancaster County, VA",71.0,10750.0,660.5,Lancaster County,VA,66220.0,0.8695652174,0.2688092826,0.0211805875,1.0
51105,"Lee County, VA",99.0,21982.0,450.4,Lee County,VA,44110.0,0.8231751385,0.0411128995,0.0248792826,1.0
51107,"Loudoun County, VA",545.0,432085.0,126.1,Loudoun County,VA,173655.0,0.9413372212,0.0771610668,0.1421391691,0.1194653161
51109,"Louisa County, VA",146.0,40116.0,363.9,Louisa County,VA,79459.0,0.8922442417,0.1436752199,0.0435460682,1.0
51111,"Lunenburg County, VA",59.0,12031.0,490.4,Lunenburg County,VA,51013.0,0.8003374578,0.3178268815,0.0653763084,1.0
51113,"Madison County, VA",54.0,14000.0,385.7,Madison County,VA,76864.0,0.8872684273,0.0835928652,0.0425396376,1.0
51115,"Mathews County, VA",38.0,8490.0,447.6,Mathews County,VA,73034.0,0.9128040385,0.0789288231,0.0280714118,1.0
51117,"Mecklenburg County, VA",164.0,30508.0,537.6,Mecklenburg County,VA,53288.0,0.8598745669,0.3255024798,0.0336400418,0.8325802302
51119,"Middlesex County, VA",65.0,10943.0,594.0,Middlesex County,VA,67586.0,0.912716151,0.1519589894,0.0319480044,1.0
51121,"Montgomery County, VA",204.0,98915.0,206.2,Montgomery County,VA,67620.0,0.9566579449,0.041412442,0.0463482861,0.2608477653
51125,"Nelson County, VA",71.0,14652.0,484.6,Nelson County,VA,77049.0,0.8872126437,0.1046582795,0.0488269296,1.0
51127,"New Kent County, VA",70.0,24986.0,280.2,New Kent County,VA,115854.0,0.9459747546,0.148542129,0.0412106834,1.0
51131,"Northampton County, VA",54.0,11900.0,453.8,Northampton County,VA,53822.0,0.8681463575,0.2999750437,0.0951667914,1.0
51133,"Northumberland County, VA",65.0,12302.0,528.4,Northumberland County,VA,69662.0,0.9039393301,0.2350092809,0.0377693487,1.0
51135,"Nottoway County, VA",67.0,15559.0,430.6,Nottoway County,VA,58168.0,0.8575591664,0.3745342413,0.0486958756,1.0
51137,"Orange County, VA",164.0,37991.0,431.7,Orange County,VA,82738.0,0.9129979819,0.1225696065,0.0737024939,0.5668340045
51139,"Page County, VA",123.0,23750.0,517.9,Page County,VA,57960.0,0.8389859738,0.0232087949,0.0272103113,0.7999915644
51141,"Patrick County, VA",113.0,17643.0,640.5,Patrick County,VA,51200.0,0.8440574218,0.0504883203,0.0366097436,1.0
51143,"Pittsylvania County, VA",252.0,59952.0,420.3,Pittsylvania County,VA,54627.0,0.8575978263,0.2104379648,0.0324151013,0.8906133783
51145,"Powhatan County, VA",62.0,31489.0,196.9,Powhatan County,VA,100814.0,0.9152549587,0.08226133,0.0308363183,0.9809118782
51147,"Prince Edward County, VA",73.0,21927.0,332.9,Prince Edward County,VA,55264.0,0.879876161,0.3114880493,0.0489818132,0.6673531969
51149,"Prince George County, VA",84.0,43134.0,194.7,Prince George County,VA,82207.0,0.9056938857,0.3138485223,0.1035898393,0.4905603348
51153,"Prince William County, VA",627.0,486943.0,128.8,Prince William County,VA,128758.0,0.9022042357,0.2024262724,0.2631566049,0.0459494322
51155,"Pulaski County, VA",163.0,33706.0,483.6,Pulaski County,VA,59839.0,0.9072553718,0.0488486109,0.0232952013,0.4259171598
51157,"Rappahannock County, VA",25.0,7502.0,333.2,Rappahannock County,VA,88237.0,0.9184715619,0.0395198274,0.0508497437,1.0
51159,"Richmond County, VA",35.0,9080.0,385.5,Richmond County,VA,61655.0,0.7706904102,0.2852787456,0.0770905923,1.0
51161,"Roanoke County, VA",373.0,96914.0,384.9,Roanoke County,VA,80929.0,0.9378641053,0.0697235792,0.0425659102,0.1941008367
51163,"Rockbridge County, VA",94.0,22593.0,416.1,Rockbridge County,VA,64813.0,0.9094812375,0.0336344932,0.023615708,0.900794702
51165,"Rockingham County, VA",315.0,85397.0,368.9,Rockingham County,VA,79332.0,0.8701607484,0.0273773219,0.0958899362,0.5928101532
51167,"Russell County, VA",115.0,25448.0,451.9,Russell County,VA,51459.0,0.833613622,0.0098912745,0.0072222004,0.9938714557
51169,"Scott County, VA",93.0,21476.0,433.0,Scott County,VA,46015.0,0.8396880416,0.0107311156,0.0160966734,0.9830830552
51171,"Shenandoah County, VA",160.0,44968.0,355.8,Shenandoah County,VA,75129.0,0.8904269041,0.0302909702,0.0955823826,0.6961933644
51173,"Smyth County, VA",154.0,29449.0,522.9,Smyth County,VA,52646.0,0.8610727122,0.0214950712,0.0215635268,0.7556711409
51175,"Southampton County, VA",77.0,17932.0,429.4,Southampton County,VA,65742.0,0.8669172932,0.3266759388,0.0263699583,0.9824405423
51177,"Spotsylvania County, VA",309.0,146688.0,210.7,Spotsylvania County,VA,109834.0,0.907325958,0.1817659171,0.1398507902,0.3204053359
51179,"Stafford County, VA",267.0,163380.0,163.4,Stafford County,VA,130751.0,0.9281045752,0.2078547767,0.171047223,0.1864688677
51181,"Surry County, VA",35.0,6527.0,536.2,Surry County,VA,68714.0,0.8998171103,0.3732746853,0.0333687244,1.0
51183,"Sussex County, VA",50.0,10680.0,468.2,Sussex County,VA,53020.0,0.8459115687,0.5221716092,0.0368132379,1.0
51185,"Tazewell County, VA",195.0,39821.0,489.7,Tazewell County,VA,45959.0,0.8731673582,0.034202454,0.0146728016,0.5229414529
51187,"Warren County, VA",149.0,41440.0,359.6,Warren County,VA,89337.0,0.8897407688,0.0510001673,0.0793442153,0.6024013554
51191,"Washington County, VA",264.0,53958.0,489.3,Washington County,VA,57758.0,0.9011883202,0.0153006475,0.0192969473,0.6917400575
51193,"Westmoreland County, VA",86.0,18712.0,459.6,Westmoreland County,VA,66975.0,0.841436737,0.244832483,0.0664282333,0.7848676733
51195,"Wise County, VA",157.0,35421.0,443.2,Wise County,VA,50442.0,0.8032437873,0.0596747598,0.0151816683,0.6538610573
51197,"Wythe County, VA",112.0,28111.0,398.4,Wythe County,VA,59026.0,0.8959529207,0.0264375178,0.017577569,0.7471191234
51199,"York County, VA",191.0,71341.0,267.7,York County,VA,101987.0,0.9568634809,0.1373181869,0.0810547976,0.0706403027
51510,"Alexandria city, VA",222.0,155525.0,142.7,Alexandria city,VA,109902.0,0.9285630213,0.2181665915,0.1809766153,0.0
51520,"Bristol city, VA",94.0,16975.0,553.8,Bristol city,VA,45240.0,0.895533377,0.0647349319,0.0288570239,0.0102212672
51530,"Buena Vista city, VA",25.0,6591.0,379.3,Buena Vista city,VA,53778.0,0.8335777126,0.0516296071,0.041120926,0.0218340611
51540,"Charlottesville city, VA",102.0,45373.0,224.8,Charlottesville city,VA,72542.0,0.9263886021,0.163706289,0.0691816909,0.0
51550,"Chesapeake city, VA",631.0,252488.0,249.9,Chesapeake city,VA,91582.0,0.934361957,0.2977084203,0.0787282481,0.0773227702
51570,"Colonial Heights city, VA",76.0,18294.0,415.4,Colonial Heights city,VA,70161.0,0.9183431953,0.1942043169,0.0881313543,0.0
51580,"Covington city, VA",35.0,5679.0,616.3,Covington city,VA,49519.0,0.8705205336,0.1228133454,0.0366095582,0.0064493638
51590,"Danville city, VA",242.0,42229.0,573.1,Danville city,VA,45423.0,0.8501693292,0.5235557043,0.0577240242,0.0322610942
51595,"Emporia city, VA",30.0,5481.0,547.3,Emporia city,VA,45894.0,0.7573428493,0.6349990848,0.0691927512,0.0497745404
51600,"Fairfax city, VA",77.0,24835.0,310.0,Fairfax city,VA,119079.0,0.9183044791,0.0639118676,0.1926105632,0.0
51610,"Falls Church city, VA",31.0,14586.0,212.5,Falls Church city,VA,145755.0,0.9736922296,0.047463398,0.1056179775,0.0
51620,"Franklin city, VA",51.0,8247.0,618.4,Franklin city,VA,53310.0,0.8466356478,0.5447895431,0.0327377383,0.0394865526
51630,"Fredericksburg city, VA",42.0,28757.0,146.1,Fredericksburg city,VA,75915.0,0.9264810427,0.2297773783,0.126832135,0.0
51640,"Galax city, VA",27.0,6730.0,401.2,Galax city,VA,46891.0,0.8303451367,0.0573172547,0.1749292839,0.0985119048
51650,"Hampton city, VA",441.0,138037.0,319.5,Hampton city,VA,67764.0,0.9272043415,0.5041284337,0.0723278239,0.0031571733
51660,"Harrisonburg city, VA",86.0,51158.0,168.1,Harrisonburg city,VA,58597.0,0.8325174023,0.0816530285,0.2360322619,0.0062145366
51670,"Hopewell city, VA",95.0,22962.0,413.7,Hopewell city,VA,49111.0,0.8770085699,0.444092827,0.0923874824,0.0003473277
51680,"Lynchburg city, VA",241.0,79287.0,304.0,Lynchburg city,VA,58962.0,0.9042347764,0.2739800088,0.0512478783,0.0161627156
51683,"Manassas city, VA",59.0,42642.0,138.4,Manassas city,VA,92198.0,0.816931485,0.1258197489,0.4435778527,0.0
51690,"Martinsville city, VA",76.0,13725.0,553.7,Martinsville city,VA,44547.0,0.8607840896,0.4526629369,0.0861004142,0.0008157212
51700,"Newport News city, VA",527.0,184306.0,285.9,Newport News city,VA,63911.0,0.9183975275,0.4154370406,0.1101202503,0.0037369729
51710,"Norfolk city, VA",631.0,232995.0,270.8,Norfolk city,VA,61098.0,0.8962102005,0.3985103711,0.1031568008,0.0
51730,"Petersburg city, VA",163.0,33394.0,488.1,Petersburg city,VA,46216.0,0.8695291705,0.7518088204,0.0663484344,0.0270787256
51735,"Poquoson city, VA",40.0,12582.0,317.9,Poquoson city,VA,108161.0,0.9716820198,0.0185199842,0.0425009893,0.0888443018
51740,"Portsmouth city, VA",361.0,97029.0,372.1,Portsmouth city,VA,57012.0,0.8921528442,0.5354519438,0.0582583451,0.0
51750,"Radford city, VA",30.0,16738.0,179.2,Radford city,VA,47325.0,0.9323958897,0.0903305639,0.0442519592,0.0419415059
51760,"Richmond city, VA",573.0,229395.0,249.8,Richmond city,VA,64903.0,0.8926909577,0.4149410897,0.1064223305,0.0
51770,"Roanoke city, VA",376.0,97847.0,384.3,Roanoke city,VA,51782.0,0.8958870384,0.2826254747,0.0894505562,3.99956e-05
51775,"Salem city, VA",112.0,25523.0,438.8,Salem city,VA,63701.0,0.9421516346,0.0815234375,0.05015625,0.0
51790,"Staunton city, VA",108.0,25904.0,416.9,Staunton city,VA,59926.0,0.9365716144,0.1112868995,0.0486204901,0.0214368932
51800,"Suffolk city, VA",289.0,98537.0,293.3,Suffolk city,VA,81297.0,0.9177025678,0.4271053756,0.0552061912,0.2705568042
51810,"Virginia Beach city, VA",1201.0,455618.0,263.6,Virginia Beach city,VA,90275.0,0.9466813776,0.1912800425,0.0923092523,0.0181469955
51820,"Waynesboro city, VA",102.0,22808.0,447.2,Waynesboro city,VA,56438.0,0.8903527943,0.1223794323,0.097748253,0.0235177509
51830,"Williamsburg city, VA",24.0,15909.0,150.9,Williamsburg city,VA,70270.0,0.9310254048,0.1475989146,0.0865147978,0.0011669368
51840,"Winchester city, VA",93.0,27936.0,332.9,Winchester city,VA,63514.0,0.8654022307,0.1023282761,0.211319115,0.0
53001,"Adams County, WA",50.0,20961.0,238.5,Adams County,WA,67056.0,0.699346982,0.0087415946,0.6477425552,0.472905448
53003,"Asotin County, WA",79.0,22508.0,351.0,Asotin County,WA,64789.0,0.9195998292,0.0087365293,0.0480730853,0.0726048912
53005,"Benton County, WA",516.0,212791.0,242.5,Benton County,WA,83040.0,0.8985679755,0.0143342363,0.263796412,0.1214368236
53007,"Chelan County, WA",245.0,79926.0,306.5,Chelan County,WA,74848.0,0.858426315,0.0053251997,0.2921359551,0.3362925867
53009,"Clallam County, WA",333.0,77805.0,428.0,Clallam County,WA,67071.0,0.9299065421,0.0089156875,0.0701144094,0.3609098568
53011,"Clark County, WA",1239.0,516779.0,239.8,Clark County,WA,97240.0,0.9276276285,0.0242233522,0.1258850619,0.1348112797
53013,"Columbia County, WA",20.0,4026.0,496.8,Columbia County,WA,66267.0,0.889247659,0.0088823094,0.0819146311,1.0
53015,"Cowlitz County, WA",354.0,111956.0,316.2,Cowlitz County,WA,71996.0,0.8994447793,0.0097285228,0.1080326765,0.3297660977
53017,"Douglas County, WA",106.0,44192.0,239.9,Douglas County,WA,69808.0,0.8253908393,0.0058484754,0.3584758248,0.2538078159
53019,"Ferry County, WA",36.0,7448.0,483.4,Ferry County,WA,57090.0,0.9214197422,0.0082699747,0.04188342,1.0
53021,"Franklin County, WA",129.0,98678.0,130.7,Franklin County,WA,82542.0,0.7660839222,0.0183573318,0.5559807743,0.1144507954
53025,"Grant County, WA",232.0,101311.0,229.0,Grant County,WA,71374.0,0.8141605769,0.0107715382,0.4417888934,0.4486950556
53027,"Grays Harbor County, WA",284.0,77038.0,368.6,Grays Harbor County,WA,65758.0,0.9034124391,0.0130288524,0.1139992237,0.3911497171
53029,"Island County, WA",270.0,86625.0,311.7,Island County,WA,88451.0,0.9588411776,0.0291073064,0.0889563796,0.4778083517
53031,"Jefferson County, WA",110.0,33589.0,327.5,Jefferson County,WA,77856.0,0.9608627895,0.0106780566,0.0457969983,0.5325833156
53033,"King County, WA",4093.0,2266789.0,180.6,King County,WA,120672.0,0.9378148186,0.0698047002,0.1113688595,0.0329434831
53035,"Kitsap County, WA",706.0,277673.0,254.3,Kitsap County,WA,98894.0,0.9531370912,0.0289744938,0.0960534182,0.1757114194
53037,"Kittitas County, WA",115.0,45189.0,254.5,Kittitas County,WA,66374.0,0.9305916109,0.0096246814,0.1051243737,0.4279270136
53039,"Klickitat County, WA",75.0,23271.0,322.3,Klickitat County,WA,69596.0,0.8993284739,0.005426258,0.1322650388,0.797096987
53041,"Lewis County, WA",321.0,85370.0,376.0,Lewis County,WA,67877.0,0.903646442,0.0089490912,0.1172899691,0.6017845622
53043,"Lincoln County, WA",40.0,11601.0,344.8,Lincoln County,WA,71908.0,0.923782377,0.0069858579,0.0422559209,1.0
53045,"Mason County, WA",215.0,68166.0,315.4,Mason County,WA,75138.0,0.9110903894,0.0137887672,0.1316586001,0.694976113
53047,"Okanogan County, WA",135.0,43127.0,313.0,Okanogan County,WA,58085.0,0.8570215545,0.0113469985,0.2121842972,0.8060754323
53049,"Pacific County, WA",107.0,24113.0,443.7,Pacific County,WA,61773.0,0.9091874668,0.0094628099,0.1019421488,0.6292317569
53051,"Pend Oreille County, WA",57.0,14179.0,402.0,Pend Oreille County,WA,63611.0,0.9431930449,0.0072418355,0.0427546828,1.0
53053,"Pierce County, WA",2245.0,927380.0,242.1,Pierce County,WA,97493.0,0.9246917037,0.0749427154,0.1308501383,0.0678167034
53055,"San Juan County, WA",38.0,18662.0,203.6,San Juan County,WA,86442.0,0.9554878453,0.0082408704,0.0768070667,0.8008769957
53057,"Skagit County, WA",400.0,131179.0,304.9,Skagit County,WA,90432.0,0.9083383246,0.0088420828,0.1965118668,0.3410127931
53059,"Skamania County, WA",22.0,12460.0,176.6,Skamania County,WA,85131.0,0.9316257409,0.0106803797,0.06875,1.0
53061,"Snohomish County, WA",1690.0,840079.0,201.2,Snohomish County,WA,106067.0,0.9307595983,0.0396609218,0.1232644499,0.1179602322
53063,"Spokane County, WA",1337.0,549690.0,243.2,Spokane County,WA,73380.0,0.9451195422,0.0203479885,0.0730467581,0.1462605152
53065,"Stevens County, WA",187.0,48229.0,387.7,Stevens County,WA,67525.0,0.9202603743,0.0060200258,0.0439420931,0.8910969964
53067,"Thurston County, WA",731.0,298758.0,244.7,Thurston County,WA,92357.0,0.9447051033,0.0369360843,0.1096276626,0.2133802363
53069,"Wahkiakum County, WA",28.0,4688.0,597.3,Wahkiakum County,WA,69726.0,0.9281419983,0.0054564533,0.0518363064,1.0
53071,"Walla Walla County, WA",195.0,61890.0,315.1,Walla Walla County,WA,71348.0,0.8923902439,0.0172654626,0.2444614085,0.2025278026
53073,"Whatcom County, WA",581.0,230677.0,251.9,Whatcom County,WA,75920.0,0.9376805905,0.0110254011,0.1082101941,0.2858710937
53075,"Whitman County, WA",90.0,47619.0,189.0,Whitman County,WA,59044.0,0.960709447,0.0234941265,0.0803340831,0.3185541867
53077,"Yakima County, WA",779.0,257001.0,303.1,Yakima County,WA,67112.0,0.7631699554,0.0091411026,0.5299306819,0.3043220841
54001,"Barbour County, WV",65.0,15414.0,421.7,Barbour County,WV,51353.0,0.8858147937,0.0139810118,0.011965145,1.0
54003,"Berkeley County, WV",342.0,129490.0,264.1,Berkeley County,WV,78995.0,0.9057157875,0.0802476593,0.0667774086,0.3242570202
54005,"Boone County, WV",92.0,20968.0,438.8,Boone County,WV,48034.0,0.8477777778,0.0083592535,0.0075330482,1.0
54007,"Braxton County, WV",50.0,12185.0,410.3,Braxton County,WV,50038.0,0.8367878459,0.0078112153,0.007482322,1.0
54009,"Brooke County, WV",107.0,21733.0,492.3,Brooke County,WV,49187.0,0.9241832496,0.0161418612,0.0151593132,0.4162861829
54011,"Cabell County, WV",363.0,92730.0,391.5,Cabell County,WV,55031.0,0.9001576881,0.0478269369,0.01805999,0.2202861685
54013,"Calhoun County, WV",33.0,6068.0,543.8,Calhoun County,WV,45793.0,0.8585334199,0.004698775,0.0093975499,1.0
54015,"Clay County, WV",35.0,7814.0,447.9,Clay County,WV,45291.0,0.8408716352,0.0053963767,0.0087369909,1.0
54017,"Doddridge County, WV",26.0,7698.0,337.8,Doddridge County,WV,56985.0,0.8252277024,0.0286458333,0.0100260417,1.0
54019,"Fayette County, WV",211.0,39487.0,534.4,Fayette County,WV,49739.0,0.8606867603,0.0390305078,0.0142813268,0.6295198577
54021,"Gilmer County, WV",25.0,7325.0,341.3,Gilmer County,WV,43671.0,0.814745509,0.1323407775,0.0392886683,1.0
54023,"Grant County, WV",41.0,10968.0,373.8,Grant County,WV,53187.0,0.9039339006,0.0122699387,0.0111711382,1.0
54025,"Greenbrier County, WV",148.0,32435.0,456.3,Greenbrier County,WV,47309.0,0.8729672694,0.0246975023,0.0197206756,0.7808472572
54027,"Hampshire County, WV",82.0,23468.0,349.4,Hampshire County,WV,63290.0,0.8867494588,0.0126432407,0.0182671572,1.0
54029,"Hancock County, WV",139.0,28172.0,493.4,Hancock County,WV,58478.0,0.8990713817,0.026505596,0.01840469,0.3291974566
54031,"Hardy County, WV",51.0,14192.0,359.4,Hardy County,WV,52212.0,0.8657554765,0.0310855379,0.0446986176,1.0
54033,"Harrison County, WV",285.0,64915.0,439.0,Harrison County,WV,58897.0,0.8880053157,0.0191370535,0.0234688037,0.4427572397
54035,"Jackson County, WV",132.0,27716.0,476.3,Jackson County,WV,52503.0,0.8939263897,0.0075381437,0.0108723227,1.0
54037,"Jefferson County, WV",157.0,58979.0,266.2,Jefferson County,WV,92747.0,0.8999220235,0.0603475672,0.0800508472,0.61699104
54039,"Kanawha County, WV",671.0,175515.0,382.3,Kanawha County,WV,56633.0,0.9074615777,0.073579131,0.0163782501,0.2937674624
54041,"Lewis County, WV",82.0,16767.0,489.1,Lewis County,WV,52827.0,0.883575363,0.0084242424,0.0146666667,0.7399166324
54043,"Lincoln County, WV",93.0,19901.0,467.3,Lincoln County,WV,47435.0,0.818169132,0.0046698137,0.0083752094,1.0
54045,"Logan County, WV",154.0,31316.0,491.8,Logan County,WV,48745.0,0.8264678959,0.0170305252,0.0085314821,0.7291429975
54047,"McDowell County, WV",93.0,17850.0,521.0,McDowell County,WV,35161.0,0.7590091717,0.0932392912,0.0222489822,1.0
54049,"Marion County, WV",222.0,55952.0,396.8,Marion County,WV,62449.0,0.9222962504,0.0318060458,0.0164674682,0.4348011743
54051,"Marshall County, WV",125.0,29752.0,420.1,Marshall County,WV,59661.0,0.9270541082,0.0104744091,0.0121407924,0.4893596156
54053,"Mason County, WV",120.0,25000.0,480.0,Mason County,WV,52054.0,0.8710153644,0.0110640016,0.0093680598,0.6871881507
54055,"Mercer County, WV",240.0,58700.0,408.9,Mercer County,WV,47084.0,0.8660577659,0.0604750504,0.0144513151,0.4181248324
54057,"Mineral County, WV",111.0,26855.0,413.3,Mineral County,WV,59085.0,0.9330773169,0.0272080992,0.0133993375,0.6922562922
54059,"Mingo County, WV",121.0,22573.0,536.0,Mingo County,WV,38358.0,0.764546851,0.0183898651,0.0092176361,1.0
54061,"Monongalia County, WV",244.0,106869.0,228.3,Monongalia County,WV,62330.0,0.9403634929,0.0362984831,0.0321580423,0.2665041296
54063,"Monroe County, WV",55.0,12296.0,447.3,Monroe County,WV,47797.0,0.8785026027,0.0130027459,0.010983686,1.0
54065,"Morgan County, WV",78.0,17430.0,447.5,Morgan County,WV,61802.0,0.878721309,0.0121819933,0.0190379058,1.0
54067,"Nicholas County, WV",127.0,24335.0,521.9,Nicholas County,WV,48515.0,0.8802989737,0.0067028011,0.0097231991,1.0
54069,"Ohio County, WV",191.0,41447.0,460.8,Ohio County,WV,59882.0,0.9260249856,0.036485896,0.0172112444,0.3297583972
54071,"Pendleton County, WV",43.0,6011.0,715.4,Pendleton County,WV,53640.0,0.8715194036,0.0228893681,0.0111129541,1.0
54073,"Pleasants County, WV",20.0,7586.0,263.6,Pleasants County,WV,60991.0,0.8813343055,0.0179052235,0.0133279483,1.0
54075,"Pocahontas County, WV",39.0,7819.0,498.8,Pocahontas County,WV,43632.0,0.8383872043,0.0164842241,0.0172569221,1.0
54077,"Preston County, WV",132.0,34172.0,386.3,Preston County,WV,54881.0,0.8582719876,0.0165987272,0.0194140591,1.0
54079,"Putnam County, WV",175.0,57015.0,306.9,Putnam County,WV,72073.0,0.9314643279,0.0134826727,0.0155015624,0.3393976323
54081,"Raleigh County, WV",357.0,72882.0,489.8,Raleigh County,WV,53456.0,0.8551597895,0.0760268672,0.0181187462,0.4306551729
54083,"Randolph County, WV",122.0,27600.0,442.0,Randolph County,WV,50868.0,0.8777200549,0.0206215722,0.0119926874,0.6022841186
54085,"Ritchie County, WV",30.0,8207.0,365.5,Ritchie County,WV,55110.0,0.8434726481,0.0055099792,0.0113872903,1.0
54087,"Roane County, WV",55.0,13834.0,397.6,Roane County,WV,48285.0,0.8292005554,0.004147566,0.0120061122,1.0
54089,"Summers County, WV",72.0,11762.0,612.1,Summers County,WV,44218.0,0.8293181329,0.0462827044,0.020723599,1.0
54091,"Taylor County, WV",62.0,16342.0,379.4,Taylor County,WV,57821.0,0.8635200924,0.0131193556,0.0108616061,0.6851242143
54093,"Tucker County, WV",24.0,6568.0,365.4,Tucker County,WV,55563.0,0.8889513109,0.004391278,0.01075106,1.0
54095,"Tyler County, WV",43.0,8183.0,525.5,Tyler County,WV,58892.0,0.9158121072,0.0053037,0.0098497285,1.0
54097,"Upshur County, WV",84.0,23712.0,354.3,Upshur County,WV,53380.0,0.8843146836,0.0110926941,0.0145352544,0.6411236144
54099,"Wayne County, WV",146.0,37998.0,384.2,Wayne County,WV,51532.0,0.8529199451,0.0074298148,0.0098710396,0.5981991688
54101,"Webster County, WV",34.0,8167.0,416.3,Webster County,WV,40727.0,0.8011918557,0.0039776259,0.0075823493,1.0
54103,"Wetzel County, WV",53.0,14025.0,377.9,Wetzel County,WV,56296.0,0.8991232391,0.0061915047,0.0154067675,0.624082537
54105,"Wirt County, WV",26.0,5091.0,510.7,Wirt County,WV,54506.0,0.8887697668,0.0062,0.0028,1.0
54107,"Wood County, WV",303.0,83340.0,363.6,Wood County,WV,56353.0,0.9051976574,0.0130400231,0.015171218,0.2962774034
54109,"Wyoming County, WV",119.0,20527.0,579.7,Wyoming County,WV,47212.0,0.780362776,0.0079893475,0.0093209055,1.0
55001,"Adams County, WI",79.0,21226.0,372.2,Adams County,WI,57944.0,0.889820996,0.0297915987,0.0469951979,1.0
55003,"Ashland County, WI",53.0,16039.0,330.4,Ashland County,WI,52158.0,0.9518449031,0.0067790285,0.0304123391,0.549198228
55005,"Barron County, WI",148.0,46843.0,315.9,Barron County,WI,66507.0,0.9172736265,0.0172527918,0.0336087801,0.7825779795
55007,"Bayfield County, WI",43.0,16608.0,258.9,Bayfield County,WI,64339.0,0.9616798311,0.005903751,0.021587453,1.0
55009,"Brown County, WI",718.0,270036.0,265.9,Brown County,WI,77645.0,0.9328688556,0.0297217934,0.1047502551,0.1659001265
55011,"Buffalo County, WI",43.0,13391.0,321.1,Buffalo County,WI,73869.0,0.919868839,0.0055890901,0.0310753409,1.0
55013,"Burnett County, WI",61.0,17036.0,358.1,Burnett County,WI,67061.0,0.927854645,0.0080154458,0.0209454716,1.0
55015,"Calumet County, WI",118.0,52718.0,223.8,Calumet County,WI,86890.0,0.9475914907,0.0098686066,0.0583093667,0.5262957172
55017,"Chippewa County, WI",211.0,66807.0,315.8,Chippewa County,WI,76637.0,0.9348077206,0.0160071674,0.0202180081,0.6252168273
55019,"Clark County, WI",121.0,34691.0,348.8,Clark County,WI,66994.0,0.8254513389,0.0046298959,0.0630356013,1.0
55021,"Columbia County, WI",181.0,58193.0,311.0,Columbia County,WI,79582.0,0.9382795392,0.016353652,0.0418825636,0.6624209267
55023,"Crawford County, WI",56.0,16007.0,349.8,Crawford County,WI,57014.0,0.9239360352,0.0203838435,0.0209483191,0.63005027
55025,"Dane County, WI",1016.0,568203.0,178.8,Dane County,WI,84190.0,0.9627956743,0.0558532503,0.0783805251,0.135769291
55027,"Dodge County, WI",294.0,88282.0,333.0,Dodge County,WI,73861.0,0.9245098344,0.0279266924,0.0686040054,0.5488612466
55029,"Door County, WI",124.0,30526.0,406.2,Door County,WI,74247.0,0.9659378693,0.0081800929,0.0413912702,0.6863899421
55031,"Douglas County, WI",109.0,44144.0,246.9,Douglas County,WI,73372.0,0.946328037,0.012696548,0.0197225736,0.3861383903
55033,"Dunn County, WI",116.0,45651.0,254.1,Dunn County,WI,71215.0,0.9444896803,0.0086037472,0.0257675678,0.6253961268
55035,"Eau Claire County, WI",282.0,106837.0,264.0,Eau Claire County,WI,72806.0,0.9600815082,0.0113064512,0.0321863155,0.2372717813
55037,"Florence County, WI",25.0,4688.0,533.3,Florence County,WI,66442.0,0.9152819395,0.0059803503,0.0168731311,1.0
55039,"Fond du Lac County, WI",355.0,103836.0,341.9,Fond du Lac County,WI,73485.0,0.9301034743,0.0224439143,0.0695924886,0.3625688884
55041,"Forest County, WI",37.0,9381.0,394.4,Forest County,WI,59190.0,0.9072886297,0.0061126005,0.0233780161,1.0
55043,"Grant County, WI",144.0,51276.0,280.8,Grant County,WI,63246.0,0.9288521771,0.0149195666,0.0267657414,0.7720743964
55045,"Green County, WI",118.0,36816.0,320.5,Green County,WI,78114.0,0.93867372,0.0072528484,0.0428405185,0.7108618877
55047,"Green Lake County, WI",58.0,19220.0,301.8,Green Lake County,WI,64516.0,0.9151019807,0.0079094293,0.0581058726,0.7264696603
55049,"Iowa County, WI",62.0,23865.0,259.8,Iowa County,WI,77433.0,0.9549803369,0.0086408415,0.0241693104,0.7934117846
55051,"Iron County, WI",27.0,6224.0,433.8,Iron County,WI,58900.0,0.9536999596,0.003371869,0.0183044316,0.6715007333
55053,"Jackson County, WI",71.0,20836.0,340.8,Jackson County,WI,61023.0,0.9244123932,0.02181731,0.0389355071,0.7912035942
55055,"Jefferson County, WI",282.0,85784.0,328.7,Jefferson County,WI,82356.0,0.9288352416,0.0112662258,0.0850565061,0.4450058893
55057,"Juneau County, WI",123.0,26866.0,457.8,Juneau County,WI,63587.0,0.8966685203,0.0257200872,0.0298563586,1.0
55059,"Kenosha County, WI",446.0,167817.0,265.8,Kenosha County,WI,75699.0,0.9145675318,0.0701542797,0.1542438861,0.1308298503
55061,"Kewaunee County, WI",74.0,20623.0,358.8,Kewaunee County,WI,77472.0,0.9360016254,0.0055582407,0.0406959884,1.0
55063,"La Crosse County, WI",313.0,120294.0,260.2,La Crosse County,WI,71260.0,0.9647529255,0.0169065286,0.0281609482,0.1810918665
55065,"Lafayette County, WI",38.0,16877.0,225.2,Lafayette County,WI,73114.0,0.9097558826,0.0054293302,0.0699911478,1.0
55067,"Langlade County, WI",81.0,19559.0,414.1,Langlade County,WI,57907.0,0.8978457262,0.0118016904,0.0261286333,0.5859114463
55069,"Lincoln County, WI",108.0,28376.0,380.6,Lincoln County,WI,71871.0,0.9246371418,0.0067593733,0.0232001408,0.6650008798
55071,"Manitowoc County, WI",348.0,81172.0,428.7,Manitowoc County,WI,69652.0,0.9234744178,0.0127503658,0.0570754079,0.4277461621
55073,"Marathon County, WI",445.0,137958.0,322.6,Marathon County,WI,74505.0,0.9308802055,0.0101362075,0.0363388451,0.4338866629
55075,"Marinette County, WI",212.0,41988.0,504.9,Marinette County,WI,62650.0,0.9313979113,0.0072436232,0.0298532276,0.6076136798
55077,"Marquette County, WI",66.0,15779.0,418.3,Marquette County,WI,67207.0,0.9190125962,0.0065033464,0.0397777497,1.0
55079,"Milwaukee County, WI",2694.0,918661.0,293.3,Milwaukee County,WI,63304.0,0.8957536565,0.2586015139,0.1721132279,0.0027695907
55081,"Monroe County, WI",155.0,46109.0,336.2,Monroe County,WI,63372.0,0.9084554462,0.015427618,0.0574852116,0.5677270173
55083,"Oconto County, WI",122.0,39633.0,307.8,Oconto County,WI,69599.0,0.9310652921,0.0042489001,0.0230295412,1.0
55085,"Oneida County, WI",160.0,38212.0,418.7,Oneida County,WI,66650.0,0.9573388717,0.0058598859,0.0179982211,0.7426872771
55087,"Outagamie County, WI",446.0,192127.0,232.1,Outagamie County,WI,86098.0,0.9475325349,0.0178436507,0.0540277591,0.2539314648
55089,"Ozaukee County, WI",284.0,93009.0,305.3,Ozaukee County,WI,98394.0,0.9782628761,0.0189706826,0.0385084528,0.243117712
55093,"Pierce County, WI",122.0,42532.0,286.8,Pierce County,WI,95522.0,0.9566910333,0.0087156603,0.0303072561,0.699540415
55095,"Polk County, WI",159.0,45709.0,347.9,Polk County,WI,71613.0,0.9360293675,0.004326734,0.0228792448,1.0
55097,"Portage County, WI",220.0,70718.0,311.1,Portage County,WI,71295.0,0.9481957532,0.0101796576,0.042802433,0.3660570925
55099,"Price County, WI",66.0,14179.0,465.5,Price County,WI,60223.0,0.9333642691,0.0055311303,0.0181534534,1.0
55101,"Racine County, WI",646.0,195846.0,329.9,Racine County,WI,74555.0,0.9158463987,0.109046706,0.1542776927,0.1434705427
55103,"Richland County, WI",56.0,17090.0,327.7,Richland County,WI,60639.0,0.9208732349,0.0081991045,0.0333779148,0.7154415164
55105,"Rock County, WI",528.0,164060.0,321.8,Rock County,WI,73656.0,0.9261464684,0.0483814023,0.1028804831,0.2003885464
55107,"Rusk County, WI",50.0,14186.0,352.5,Rusk County,WI,58513.0,0.9231508165,0.0093332391,0.021211907,1.0
55109,"St. Croix County, WI",197.0,96017.0,205.2,St. Croix County,WI,103731.0,0.9632516018,0.0076475512,0.0309932516,0.6398819706
55111,"Sauk County, WI",178.0,65777.0,270.6,Sauk County,WI,79349.0,0.9335941722,0.0117870146,0.0691595874,0.4470446908
55113,"Sawyer County, WI",57.0,18559.0,307.1,Sawyer County,WI,59053.0,0.928767321,0.0038809832,0.0253880983,1.0
55115,"Shawano County, WI",143.0,40886.0,349.8,Shawano County,WI,67562.0,0.9293909974,0.0055219052,0.033593617,0.7008634818
55117,"Sheboygan County, WI",372.0,117841.0,315.7,Sheboygan County,WI,73970.0,0.9354189402,0.0236344181,0.0786313608,0.2935933714
55119,"Taylor County, WI",69.0,19975.0,345.4,Taylor County,WI,65125.0,0.9015173204,0.0041379998,0.0310100708,0.7934012956
55121,"Trempealeau County, WI",95.0,30899.0,307.5,Trempealeau County,WI,69119.0,0.9161164099,0.0051134341,0.1301660248,1.0
55123,"Vernon County, WI",88.0,31060.0,283.3,Vernon County,WI,69389.0,0.9047389481,0.0045877446,0.0182868142,0.8683336589
55125,"Vilas County, WI",97.0,23763.0,408.2,Vilas County,WI,63779.0,0.961348461,0.0034749843,0.0231526062,1.0
55127,"Walworth County, WI",283.0,105380.0,268.6,Walworth County,WI,76573.0,0.9251482699,0.0103286651,0.1211846308,0.3690527621
55129,"Washburn County, WI",79.0,16911.0,467.2,Washburn County,WI,63438.0,0.9373818526,0.003248671,0.0225634968,1.0
55131,"Washington County, WI",388.0,137688.0,281.8,Washington County,WI,93830.0,0.9559195238,0.017471484,0.0385183255,0.3835888886
55133,"Waukesha County, WI",1123.0,410434.0,273.6,Waukesha County,WI,99168.0,0.9714047,0.0194866102,0.0589760804,0.1520770164
55135,"Waupaca County, WI",189.0,51488.0,367.1,Waupaca County,WI,68545.0,0.9203352074,0.0054292831,0.0405931346,0.6364162742
55137,"Waushara County, WI",95.0,24999.0,380.0,Waushara County,WI,70336.0,0.9009080771,0.0197721986,0.0717494185,0.996451876
55139,"Winnebago County, WI",490.0,170718.0,287.0,Winnebago County,WI,70720.0,0.945131455,0.0280839666,0.0518589688,0.1741396378
55141,"Wood County, WI",324.0,73993.0,437.9,Wood County,WI,67068.0,0.9349776208,0.0097783308,0.0392756191,0.3547778511
56001,"Albany County, WY",50.0,38031.0,131.5,Albany County,WY,59633.0,0.9694574369,0.0124683065,0.1063073424,0.1296336265
56003,"Big Horn County, WY",36.0,11855.0,303.7,Big Horn County,WY,60818.0,0.8803026544,0.0078216009,0.0968547179,1.0
56005,"Campbell County, WY",97.0,47058.0,206.1,Campbell County,WY,89749.0,0.9187907913,0.0058949851,0.0989094278,0.2680219453
56007,"Carbon County, WY",42.0,14542.0,288.8,Carbon County,WY,67773.0,0.9122910521,0.0111622715,0.1773405888,0.4703171218
56009,"Converse County, WY",37.0,13786.0,268.4,Converse County,WY,77224.0,0.9374671018,0.0055760736,0.0850170179,0.5274525489
56013,"Fremont County, WY",127.0,39472.0,321.7,Fremont County,WY,64170.0,0.9352989971,0.0060278789,0.0731884968,0.5358362645
56015,"Goshen County, WY",41.0,12562.0,326.4,Goshen County,WY,63191.0,0.9297952826,0.0115488056,0.1016453093,0.485037606
56017,"Hot Springs County, WY",25.0,4588.0,544.9,Hot Springs County,WY,60811.0,0.9444110577,0.0094400343,0.0510620039,1.0
56019,"Johnson County, WY",25.0,8730.0,286.4,Johnson County,WY,66100.0,0.9459073604,0.006850097,0.0438406211,0.4653723215
56021,"Laramie County, WY",259.0,100723.0,257.1,Laramie County,WY,75131.0,0.9447580353,0.0199041432,0.1591737305,0.2115369309
56023,"Lincoln County, WY",46.0,20660.0,222.7,Lincoln County,WY,88037.0,0.9464311994,0.0060344828,0.0568965517,1.0
56025,"Natrona County, WY",184.0,79601.0,231.2,Natrona County,WY,73110.0,0.9375252729,0.0095695575,0.0960833615,0.1526358577
56029,"Park County, WY",98.0,30518.0,321.1,Park County,WY,70330.0,0.9581045541,0.0062469497,0.0615584838,0.4435592763
56031,"Platte County, WY",38.0,8645.0,439.6,Platte County,WY,64207.0,0.9156130998,0.0056166628,0.0890475076,1.0
56033,"Sheridan County, WY",89.0,32096.0,277.3,Sheridan County,WY,71080.0,0.9633982839,0.006919032,0.0503705526,0.3716244623
56037,"Sweetwater County, WY",96.0,41345.0,232.2,Sweetwater County,WY,76442.0,0.9253116531,0.0105457102,0.168270746,0.1075416351
56039,"Teton County, WY",24.0,23287.0,103.1,Teton County,WY,130156.0,0.9715956558,0.0082214187,0.1558195592,0.538811024
56041,"Uinta County, WY",57.0,20712.0,275.2,Uinta County,WY,79086.0,0.94606708,0.0047722343,0.1017594601,0.4417603912
56043,"Washakie County, WY",27.0,7719.0,349.8,Washakie County,WY,62794.0,0.9141974187,0.0042801556,0.1405966278,0.3638256344
56045,"Weston County, WY",28.0,6860.0,408.2,Weston County,WY,66429.0,0.9160079051,0.0076380729,0.0558166863,1.0
